[0.000000] (-) TimerEvent: {}
[0.000197] (-) JobUnselected: {'identifier': 'ros2_interface'}
[0.000257] (perception_msgs) JobQueued: {'identifier': 'perception_msgs', 'dependencies': OrderedDict()}
[0.000372] (perception_msgs) JobStarted: {'identifier': 'perception_msgs'}
[0.006799] (perception_msgs) JobProgress: {'identifier': 'perception_msgs', 'progress': 'cmake'}
[0.007146] (perception_msgs) Command: {'cmd': ['/home/meizan/Qt/Tools/CMake/bin/cmake', '/home/meizan/workspace/athena-robot-dog/modules/message/ros2/src/athena/perception_msgs', '-DCMAKE_INSTALL_PREFIX=/home/meizan/workspace/athena-robot-dog/modules/message/ros2/install/perception_msgs'], 'cwd': '/home/meizan/workspace/athena-robot-dog/modules/message/ros2/build/perception_msgs', 'env': OrderedDict([('LESSOPEN', '| /usr/bin/lesspipe %s'), ('LANGUAGE', 'zh_CN:en_US:en'), ('USER', 'meizan'), ('SSH_CLIENT', '192.168.2.173 58589 22'), ('LC_TIME', 'zh_CN.UTF-8'), ('XDG_SESSION_TYPE', 'tty'), ('GIT_ASKPASS', '/home/meizan/.vscode-server/cli/servers/Stable-4949701c880d4bdb949e3c0e6b400288da7f474b/server/extensions/git/dist/askpass.sh'), ('SHLVL', '1'), ('LD_LIBRARY_PATH', '/home/meizan/workspace/athena-robot-dog/modules/message/ros2/install/perception_msg/lib:/opt/ros/foxy/opt/yaml_cpp_vendor/lib:/opt/ros/foxy/opt/rviz_ogre_vendor/lib:/opt/ros/foxy/lib/x86_64-linux-gnu:/opt/ros/foxy/lib:/home/zzy/third_party/x64/lib/boost:/home/zzy/third_party/x64/lib/boost:'), ('BROWSER', '/home/meizan/.vscode-server/cli/servers/Stable-4949701c880d4bdb949e3c0e6b400288da7f474b/server/bin/helpers/browser.sh'), ('MOTD_SHOWN', 'pam'), ('HOME', '/home/meizan'), ('OLDPWD', '/home/meizan/workspace/athena-robot-dog/modules/message/ros2/src'), ('TERM_PROGRAM_VERSION', '1.99.2'), ('VSCODE_IPC_HOOK_CLI', '/run/user/1000/vscode-ipc-fb8fced2-2ee6-42f9-a705-72755f633a03.sock'), ('ROS_PYTHON_VERSION', '3'), ('VSCODE_GIT_ASKPASS_MAIN', '/home/meizan/.vscode-server/cli/servers/Stable-4949701c880d4bdb949e3c0e6b400288da7f474b/server/extensions/git/dist/askpass-main.js'), ('LC_MONETARY', 'zh_CN.UTF-8'), ('VSCODE_GIT_ASKPASS_NODE', '/home/meizan/.vscode-server/cli/servers/Stable-4949701c880d4bdb949e3c0e6b400288da7f474b/server/node'), ('SSL_CERT_FILE', '/usr/lib/ssl/certs/ca-certificates.crt'), ('DBUS_SESSION_BUS_ADDRESS', 'unix:path=/run/user/1000/bus'), ('COLORTERM', 'truecolor'), ('COLCON_PREFIX_PATH', '/home/meizan/workspace/athena-robot-dog/modules/message/ros2/install'), ('ROS_DISTRO', 'foxy'), ('LOGNAME', 'meizan'), ('_', '/usr/bin/colcon'), ('ROS_VERSION', '2'), ('XDG_SESSION_CLASS', 'user'), ('TERM', 'xterm-256color'), ('XDG_SESSION_ID', '902'), ('ROS_LOCALHOST_ONLY', '0'), ('PATH', '/opt/ros/foxy/bin:/home/meizan/Qt/6.5.3/gcc_64/bin:/home/meizan/Qt/Tools/CMake/bin:/home/meizan/.vscode-server/cli/servers/Stable-4949701c880d4bdb949e3c0e6b400288da7f474b/server/bin/remote-cli:/home/meizan/.local/bin:/home/meizan/bin:/home/meizan/Qt/6.5.3/gcc_64/bin:/home/meizan/Qt/Tools/CMake/bin:/usr/local/sbin:/usr/local/bin:/usr/sbin:/usr/bin:/sbin:/bin:/usr/games:/usr/local/games:/snap/bin:/home/zzy/.fishros/bin/:/opt/nodejs/node-v18.12.1-linux-x64/bin/:/home/zzy/.fishros/bin/:/opt/nodejs/node-v18.12.1-linux-x64/bin/'), ('PAPERSIZE', 'a4'), ('LC_ADDRESS', 'zh_CN.UTF-8'), ('XDG_RUNTIME_DIR', '/run/user/1000'), ('SSL_CERT_DIR', '/usr/lib/ssl/certs'), ('LANG', 'zh_CN.UTF-8'), ('LC_TELEPHONE', 'zh_CN.UTF-8'), ('LS_COLORS', 'rs=0:di=01;34:ln=01;36:mh=00:pi=40;33:so=01;35:do=01;35:bd=40;33;01:cd=40;33;01:or=40;31;01:mi=00:su=37;41:sg=30;43:ca=30;41:tw=30;42:ow=34;42:st=37;44:ex=01;32:*.tar=01;31:*.tgz=01;31:*.arc=01;31:*.arj=01;31:*.taz=01;31:*.lha=01;31:*.lz4=01;31:*.lzh=01;31:*.lzma=01;31:*.tlz=01;31:*.txz=01;31:*.tzo=01;31:*.t7z=01;31:*.zip=01;31:*.z=01;31:*.dz=01;31:*.gz=01;31:*.lrz=01;31:*.lz=01;31:*.lzo=01;31:*.xz=01;31:*.zst=01;31:*.tzst=01;31:*.bz2=01;31:*.bz=01;31:*.tbz=01;31:*.tbz2=01;31:*.tz=01;31:*.deb=01;31:*.rpm=01;31:*.jar=01;31:*.war=01;31:*.ear=01;31:*.sar=01;31:*.rar=01;31:*.alz=01;31:*.ace=01;31:*.zoo=01;31:*.cpio=01;31:*.7z=01;31:*.rz=01;31:*.cab=01;31:*.wim=01;31:*.swm=01;31:*.dwm=01;31:*.esd=01;31:*.jpg=01;35:*.jpeg=01;35:*.mjpg=01;35:*.mjpeg=01;35:*.gif=01;35:*.bmp=01;35:*.pbm=01;35:*.pgm=01;35:*.ppm=01;35:*.tga=01;35:*.xbm=01;35:*.xpm=01;35:*.tif=01;35:*.tiff=01;35:*.png=01;35:*.svg=01;35:*.svgz=01;35:*.mng=01;35:*.pcx=01;35:*.mov=01;35:*.mpg=01;35:*.mpeg=01;35:*.m2v=01;35:*.mkv=01;35:*.webm=01;35:*.ogm=01;35:*.mp4=01;35:*.m4v=01;35:*.mp4v=01;35:*.vob=01;35:*.qt=01;35:*.nuv=01;35:*.wmv=01;35:*.asf=01;35:*.rm=01;35:*.rmvb=01;35:*.flc=01;35:*.avi=01;35:*.fli=01;35:*.flv=01;35:*.gl=01;35:*.dl=01;35:*.xcf=01;35:*.xwd=01;35:*.yuv=01;35:*.cgm=01;35:*.emf=01;35:*.ogv=01;35:*.ogx=01;35:*.aac=00;36:*.au=00;36:*.flac=00;36:*.m4a=00;36:*.mid=00;36:*.midi=00;36:*.mka=00;36:*.mp3=00;36:*.mpc=00;36:*.ogg=00;36:*.ra=00;36:*.wav=00;36:*.oga=00;36:*.opus=00;36:*.spx=00;36:*.xspf=00;36:'), ('VSCODE_GIT_IPC_HANDLE', '/run/user/1000/vscode-git-1fd6bdd323.sock'), ('TERM_PROGRAM', 'vscode'), ('AMENT_PREFIX_PATH', '/home/meizan/workspace/athena-robot-dog/modules/message/ros2/install/perception_msg:/opt/ros/foxy'), ('SHELL', '/bin/bash'), ('LC_NAME', 'zh_CN.UTF-8'), ('ROS_MASTER_URI', 'http://localhost:11311'), ('LESSCLOSE', '/usr/bin/lesspipe %s %s'), ('LC_MEASUREMENT', 'zh_CN.UTF-8'), ('LC_IDENTIFICATION', 'zh_CN.UTF-8'), ('VSCODE_GIT_ASKPASS_EXTRA_ARGS', ''), ('PWD', '/home/meizan/workspace/athena-robot-dog/modules/message/ros2/build/perception_msgs'), ('LC_ALL', 'en_US.UTF-8'), ('GEMINI_API_KEY', 'AIzaSyBkdyupdpVhL7Dd9iWMim7KX0N3CkFMDio'), ('SSH_CONNECTION', '192.168.2.173 58589 192.168.2.181 22'), ('XDG_DATA_DIRS', '/usr/local/share:/usr/share:/var/lib/snapd/desktop'), ('PYTHONPATH', '/home/meizan/workspace/athena-robot-dog/modules/message/ros2/install/perception_msg/lib/python3.8/site-packages:/opt/ros/foxy/lib/python3.8/site-packages'), ('ROS_HOSTNAME', 'localhost'), ('LC_NUMERIC', 'zh_CN.UTF-8'), ('LC_PAPER', 'zh_CN.UTF-8'), ('COLCON', '1'), ('CMAKE_PREFIX_PATH', '/home/meizan/workspace/athena-robot-dog/modules/message/ros2/install/perception_msg:/opt/ros/foxy')]), 'shell': False}
[0.056788] (perception_msgs) StdoutLine: {'line': b'-- The C compiler identification is GNU 9.4.0\n'}
[0.097468] (perception_msgs) StdoutLine: {'line': b'-- The CXX compiler identification is GNU 9.4.0\n'}
[0.099888] (-) TimerEvent: {}
[0.105518] (perception_msgs) StdoutLine: {'line': b'-- Detecting C compiler ABI info\n'}
[0.146008] (perception_msgs) StdoutLine: {'line': b'-- Detecting C compiler ABI info - done\n'}
[0.158647] (perception_msgs) StdoutLine: {'line': b'-- Check for working C compiler: /usr/bin/cc - skipped\n'}
[0.158870] (perception_msgs) StdoutLine: {'line': b'-- Detecting C compile features\n'}
[0.159251] (perception_msgs) StdoutLine: {'line': b'-- Detecting C compile features - done\n'}
[0.162522] (perception_msgs) StdoutLine: {'line': b'-- Detecting CXX compiler ABI info\n'}
[0.200075] (-) TimerEvent: {}
[0.208897] (perception_msgs) StdoutLine: {'line': b'-- Detecting CXX compiler ABI info - done\n'}
[0.227286] (perception_msgs) StdoutLine: {'line': b'-- Check for working CXX compiler: /usr/bin/c++ - skipped\n'}
[0.227523] (perception_msgs) StdoutLine: {'line': b'-- Detecting CXX compile features\n'}
[0.228169] (perception_msgs) StdoutLine: {'line': b'-- Detecting CXX compile features - done\n'}
[0.230543] (perception_msgs) StdoutLine: {'line': b'-- Found ament_cmake: 0.9.12 (/opt/ros/foxy/share/ament_cmake/cmake)\n'}
[0.232986] (perception_msgs) StderrLine: {'line': b'\x1b[33mCMake Warning (dev) at /opt/ros/foxy/share/ament_cmake_core/cmake/core/python.cmake:22 (find_package):\n'}
[0.233101] (perception_msgs) StderrLine: {'line': b'  Policy CMP0148 is not set: The FindPythonInterp and FindPythonLibs modules\n'}
[0.233171] (perception_msgs) StderrLine: {'line': b'  are removed.  Run "cmake --help-policy CMP0148" for policy details.  Use\n'}
[0.233241] (perception_msgs) StderrLine: {'line': b'  the cmake_policy command to set the policy and suppress this warning.\n'}
[0.233300] (perception_msgs) StderrLine: {'line': b'\n'}
[0.233358] (perception_msgs) StderrLine: {'line': b'Call Stack (most recent call first):\n'}
[0.233422] (perception_msgs) StderrLine: {'line': b'  /opt/ros/foxy/share/ament_cmake_core/cmake/core/all.cmake:53 (include)\n'}
[0.233496] (perception_msgs) StderrLine: {'line': b'  /opt/ros/foxy/share/ament_cmake_core/cmake/ament_cmake_core-extras.cmake:17 (include)\n'}
[0.233563] (perception_msgs) StderrLine: {'line': b'  /opt/ros/foxy/share/ament_cmake_core/cmake/ament_cmake_coreConfig.cmake:41 (include)\n'}
[0.233628] (perception_msgs) StderrLine: {'line': b'  /opt/ros/foxy/share/ament_cmake/cmake/ament_cmake_export_dependencies-extras.cmake:15 (find_package)\n'}
[0.233692] (perception_msgs) StderrLine: {'line': b'  /opt/ros/foxy/share/ament_cmake/cmake/ament_cmakeConfig.cmake:41 (include)\n'}
[0.233756] (perception_msgs) StderrLine: {'line': b'  CMakeLists.txt:19 (find_package)\n'}
[0.233820] (perception_msgs) StderrLine: {'line': b'This warning is for project developers.  Use -Wno-dev to suppress it.\n'}
[0.233885] (perception_msgs) StderrLine: {'line': b'\x1b[0m\n'}
[0.248214] (perception_msgs) StdoutLine: {'line': b'-- Found PythonInterp: /usr/bin/python3 (found suitable version "3.8.10", minimum required is "3")\n'}
[0.248416] (perception_msgs) StdoutLine: {'line': b'-- Using PYTHON_EXECUTABLE: /usr/bin/python3\n'}
[0.300182] (-) TimerEvent: {}
[0.394209] (perception_msgs) StdoutLine: {'line': b'-- Found rosidl_default_generators: 1.0.1 (/opt/ros/foxy/share/rosidl_default_generators/cmake)\n'}
[0.396559] (perception_msgs) StdoutLine: {'line': b'-- Using all available rosidl_typesupport_c: rosidl_typesupport_fastrtps_c;rosidl_typesupport_introspection_c\n'}
[0.400258] (-) TimerEvent: {}
[0.401482] (perception_msgs) StdoutLine: {'line': b'-- Found rosidl_adapter: 1.3.1 (/opt/ros/foxy/share/rosidl_adapter/cmake)\n'}
[0.475489] (perception_msgs) StdoutLine: {'line': b'-- Found OpenSSL: /usr/lib/x86_64-linux-gnu/libcrypto.so (found version "1.1.1f")\n'}
[0.500411] (perception_msgs) StdoutLine: {'line': b'-- Found FastRTPS: /opt/ros/foxy/include\n'}
[0.500568] (-) TimerEvent: {}
[0.561367] (perception_msgs) StdoutLine: {'line': b'-- Using all available rosidl_typesupport_cpp: rosidl_typesupport_fastrtps_cpp;rosidl_typesupport_introspection_cpp\n'}
[0.580484] (perception_msgs) StderrLine: {'line': b'\x1b[33mCMake Warning (dev) at /opt/ros/foxy/share/rosidl_adapter/cmake/rosidl_adapt_interfaces.cmake:40 (find_package):\n'}
[0.580616] (perception_msgs) StderrLine: {'line': b'  Policy CMP0148 is not set: The FindPythonInterp and FindPythonLibs modules\n'}
[0.580665] (perception_msgs) StderrLine: {'line': b'  are removed.  Run "cmake --help-policy CMP0148" for policy details.  Use\n'}
[0.580710] (perception_msgs) StderrLine: {'line': b'  the cmake_policy command to set the policy and suppress this warning.\n'}
[0.580754] (perception_msgs) StderrLine: {'line': b'\n'}
[0.580797] (perception_msgs) StderrLine: {'line': b'Call Stack (most recent call first):\n'}
[0.580846] (perception_msgs) StderrLine: {'line': b'  /opt/ros/foxy/share/rosidl_cmake/cmake/rosidl_generate_interfaces.cmake:130 (rosidl_adapt_interfaces)\n'}
[0.580910] (perception_msgs) StderrLine: {'line': b'  CMakeLists.txt:23 (rosidl_generate_interfaces)\n'}
[0.580979] (perception_msgs) StderrLine: {'line': b'This warning is for project developers.  Use -Wno-dev to suppress it.\n'}
[0.581049] (perception_msgs) StderrLine: {'line': b'\x1b[0m\n'}
[0.597719] (perception_msgs) StdoutLine: {'line': b'-- Found PythonInterp: /usr/bin/python3 (found version "3.8.10")\n'}
[0.600663] (-) TimerEvent: {}
[0.701035] (-) TimerEvent: {}
[0.716726] (perception_msgs) StdoutLine: {'line': b'-- Found ament_cmake_ros: 0.9.2 (/opt/ros/foxy/share/ament_cmake_ros/cmake)\n'}
[0.794561] (perception_msgs) StdoutLine: {'line': b'-- Using all available rosidl_typesupport_c: rosidl_typesupport_fastrtps_c;rosidl_typesupport_introspection_c\n'}
[0.800030] (perception_msgs) StdoutLine: {'line': b'-- Using all available rosidl_typesupport_cpp: rosidl_typesupport_fastrtps_cpp;rosidl_typesupport_introspection_cpp\n'}
[0.801091] (-) TimerEvent: {}
[0.802031] (perception_msgs) StderrLine: {'line': b'\x1b[33mCMake Warning (dev) at /opt/ros/foxy/share/rosidl_generator_py/cmake/rosidl_generator_py_generate_interfaces.cmake:20 (find_package):\n'}
[0.802172] (perception_msgs) StderrLine: {'line': b'  Policy CMP0148 is not set: The FindPythonInterp and FindPythonLibs modules\n'}
[0.802250] (perception_msgs) StderrLine: {'line': b'  are removed.  Run "cmake --help-policy CMP0148" for policy details.  Use\n'}
[0.802322] (perception_msgs) StderrLine: {'line': b'  the cmake_policy command to set the policy and suppress this warning.\n'}
[0.802393] (perception_msgs) StderrLine: {'line': b'\n'}
[0.802462] (perception_msgs) StderrLine: {'line': b'Call Stack (most recent call first):\n'}
[0.802531] (perception_msgs) StderrLine: {'line': b'  /opt/ros/foxy/share/ament_cmake_core/cmake/core/ament_execute_extensions.cmake:48 (include)\n'}
[0.802600] (perception_msgs) StderrLine: {'line': b'  /opt/ros/foxy/share/rosidl_cmake/cmake/rosidl_generate_interfaces.cmake:286 (ament_execute_extensions)\n'}
[0.802670] (perception_msgs) StderrLine: {'line': b'  CMakeLists.txt:23 (rosidl_generate_interfaces)\n'}
[0.802738] (perception_msgs) StderrLine: {'line': b'This warning is for project developers.  Use -Wno-dev to suppress it.\n'}
[0.802807] (perception_msgs) StderrLine: {'line': b'\x1b[0m\n'}
[0.817693] (perception_msgs) StdoutLine: {'line': b'-- Found PythonInterp: /usr/bin/python3 (found suitable version "3.8.10", minimum required is "3.5")\n'}
[0.818623] (perception_msgs) StdoutLine: {'line': b'-- Found python_cmake_module: 0.8.1 (/opt/ros/foxy/share/python_cmake_module/cmake)\n'}
[0.818814] (perception_msgs) StderrLine: {'line': b'\x1b[33mCMake Warning (dev) at /opt/ros/foxy/share/python_cmake_module/cmake/Modules/FindPythonExtra.cmake:45 (find_package):\n'}
[0.818909] (perception_msgs) StderrLine: {'line': b'  Policy CMP0148 is not set: The FindPythonInterp and FindPythonLibs modules\n'}
[0.818981] (perception_msgs) StderrLine: {'line': b'  are removed.  Run "cmake --help-policy CMP0148" for policy details.  Use\n'}
[0.819051] (perception_msgs) StderrLine: {'line': b'  the cmake_policy command to set the policy and suppress this warning.\n'}
[0.819121] (perception_msgs) StderrLine: {'line': b'\n'}
[0.819196] (perception_msgs) StderrLine: {'line': b'Call Stack (most recent call first):\n'}
[0.819267] (perception_msgs) StderrLine: {'line': b'  /opt/ros/foxy/share/rosidl_generator_py/cmake/rosidl_generator_py_generate_interfaces.cmake:23 (find_package)\n'}
[0.819336] (perception_msgs) StderrLine: {'line': b'  /opt/ros/foxy/share/ament_cmake_core/cmake/core/ament_execute_extensions.cmake:48 (include)\n'}
[0.819406] (perception_msgs) StderrLine: {'line': b'  /opt/ros/foxy/share/rosidl_cmake/cmake/rosidl_generate_interfaces.cmake:286 (ament_execute_extensions)\n'}
[0.819475] (perception_msgs) StderrLine: {'line': b'  CMakeLists.txt:23 (rosidl_generate_interfaces)\n'}
[0.819543] (perception_msgs) StderrLine: {'line': b'This warning is for project developers.  Use -Wno-dev to suppress it.\n'}
[0.819612] (perception_msgs) StderrLine: {'line': b'\x1b[0m\n'}
[0.834369] (perception_msgs) StderrLine: {'line': b'\x1b[33mCMake Warning (dev) at /opt/ros/foxy/share/python_cmake_module/cmake/Modules/FindPythonExtra.cmake:133 (find_package):\n'}
[0.834572] (perception_msgs) StderrLine: {'line': b'  Policy CMP0148 is not set: The FindPythonInterp and FindPythonLibs modules\n'}
[0.834657] (perception_msgs) StderrLine: {'line': b'  are removed.  Run "cmake --help-policy CMP0148" for policy details.  Use\n'}
[0.834735] (perception_msgs) StderrLine: {'line': b'  the cmake_policy command to set the policy and suppress this warning.\n'}
[0.834810] (perception_msgs) StderrLine: {'line': b'\n'}
[0.834884] (perception_msgs) StderrLine: {'line': b'Call Stack (most recent call first):\n'}
[0.834957] (perception_msgs) StderrLine: {'line': b'  /opt/ros/foxy/share/rosidl_generator_py/cmake/rosidl_generator_py_generate_interfaces.cmake:23 (find_package)\n'}
[0.835033] (perception_msgs) StderrLine: {'line': b'  /opt/ros/foxy/share/ament_cmake_core/cmake/core/ament_execute_extensions.cmake:48 (include)\n'}
[0.835115] (perception_msgs) StderrLine: {'line': b'  /opt/ros/foxy/share/rosidl_cmake/cmake/rosidl_generate_interfaces.cmake:286 (ament_execute_extensions)\n'}
[0.835190] (perception_msgs) StderrLine: {'line': b'  CMakeLists.txt:23 (rosidl_generate_interfaces)\n'}
[0.835263] (perception_msgs) StderrLine: {'line': b'This warning is for project developers.  Use -Wno-dev to suppress it.\n'}
[0.835337] (perception_msgs) StderrLine: {'line': b'\x1b[0m\n'}
[0.839112] (perception_msgs) StdoutLine: {'line': b'-- Found PythonLibs: /usr/lib/x86_64-linux-gnu/libpython3.8.so (found suitable version "3.8.10", minimum required is "3.5")\n'}
[0.839304] (perception_msgs) StdoutLine: {'line': b'-- Using PYTHON_EXECUTABLE: /usr/bin/python3\n'}
[0.839396] (perception_msgs) StdoutLine: {'line': b'-- Using PYTHON_INCLUDE_DIRS: /usr/include/python3.8\n'}
[0.839446] (perception_msgs) StdoutLine: {'line': b'-- Using PYTHON_LIBRARIES: /usr/lib/x86_64-linux-gnu/libpython3.8.so\n'}
[0.855589] (perception_msgs) StdoutLine: {'line': b'-- Found PythonExtra: .so\n'}
[0.884200] (perception_msgs) StdoutLine: {'line': b'-- Found ament_lint_auto: 0.9.8 (/opt/ros/foxy/share/ament_lint_auto/cmake)\n'}
[0.897841] (perception_msgs) StdoutLine: {'line': b"-- Added test 'copyright' to check source files copyright and LICENSE\n"}
[0.900665] (perception_msgs) StdoutLine: {'line': b"-- Added test 'lint_cmake' to check CMake code style\n"}
[0.901151] (-) TimerEvent: {}
[0.901996] (perception_msgs) StdoutLine: {'line': b"-- Added test 'xmllint' to check XML markup files\n"}
[0.904833] (perception_msgs) StdoutLine: {'line': b'-- Configuring done (0.9s)\n'}
[0.954804] (perception_msgs) StdoutLine: {'line': b'-- Generating done (0.0s)\n'}
[0.961792] (perception_msgs) StdoutLine: {'line': b'-- Build files have been written to: /home/meizan/workspace/athena-robot-dog/modules/message/ros2/build/perception_msgs\n'}
[0.967509] (perception_msgs) CommandEnded: {'returncode': 0}
[0.968840] (perception_msgs) JobProgress: {'identifier': 'perception_msgs', 'progress': 'build'}
[0.969869] (perception_msgs) Command: {'cmd': ['/home/meizan/Qt/Tools/CMake/bin/cmake', '--build', '/home/meizan/workspace/athena-robot-dog/modules/message/ros2/build/perception_msgs', '--', '-j8', '-l8'], 'cwd': '/home/meizan/workspace/athena-robot-dog/modules/message/ros2/build/perception_msgs', 'env': OrderedDict([('LESSOPEN', '| /usr/bin/lesspipe %s'), ('LANGUAGE', 'zh_CN:en_US:en'), ('USER', 'meizan'), ('SSH_CLIENT', '192.168.2.173 58589 22'), ('LC_TIME', 'zh_CN.UTF-8'), ('XDG_SESSION_TYPE', 'tty'), ('GIT_ASKPASS', '/home/meizan/.vscode-server/cli/servers/Stable-4949701c880d4bdb949e3c0e6b400288da7f474b/server/extensions/git/dist/askpass.sh'), ('SHLVL', '1'), ('LD_LIBRARY_PATH', '/home/meizan/workspace/athena-robot-dog/modules/message/ros2/install/perception_msg/lib:/opt/ros/foxy/opt/yaml_cpp_vendor/lib:/opt/ros/foxy/opt/rviz_ogre_vendor/lib:/opt/ros/foxy/lib/x86_64-linux-gnu:/opt/ros/foxy/lib:/home/zzy/third_party/x64/lib/boost:/home/zzy/third_party/x64/lib/boost:'), ('BROWSER', '/home/meizan/.vscode-server/cli/servers/Stable-4949701c880d4bdb949e3c0e6b400288da7f474b/server/bin/helpers/browser.sh'), ('MOTD_SHOWN', 'pam'), ('HOME', '/home/meizan'), ('OLDPWD', '/home/meizan/workspace/athena-robot-dog/modules/message/ros2/src'), ('TERM_PROGRAM_VERSION', '1.99.2'), ('VSCODE_IPC_HOOK_CLI', '/run/user/1000/vscode-ipc-fb8fced2-2ee6-42f9-a705-72755f633a03.sock'), ('ROS_PYTHON_VERSION', '3'), ('VSCODE_GIT_ASKPASS_MAIN', '/home/meizan/.vscode-server/cli/servers/Stable-4949701c880d4bdb949e3c0e6b400288da7f474b/server/extensions/git/dist/askpass-main.js'), ('LC_MONETARY', 'zh_CN.UTF-8'), ('VSCODE_GIT_ASKPASS_NODE', '/home/meizan/.vscode-server/cli/servers/Stable-4949701c880d4bdb949e3c0e6b400288da7f474b/server/node'), ('SSL_CERT_FILE', '/usr/lib/ssl/certs/ca-certificates.crt'), ('DBUS_SESSION_BUS_ADDRESS', 'unix:path=/run/user/1000/bus'), ('COLORTERM', 'truecolor'), ('COLCON_PREFIX_PATH', '/home/meizan/workspace/athena-robot-dog/modules/message/ros2/install'), ('ROS_DISTRO', 'foxy'), ('LOGNAME', 'meizan'), ('_', '/usr/bin/colcon'), ('ROS_VERSION', '2'), ('XDG_SESSION_CLASS', 'user'), ('TERM', 'xterm-256color'), ('XDG_SESSION_ID', '902'), ('ROS_LOCALHOST_ONLY', '0'), ('PATH', '/opt/ros/foxy/bin:/home/meizan/Qt/6.5.3/gcc_64/bin:/home/meizan/Qt/Tools/CMake/bin:/home/meizan/.vscode-server/cli/servers/Stable-4949701c880d4bdb949e3c0e6b400288da7f474b/server/bin/remote-cli:/home/meizan/.local/bin:/home/meizan/bin:/home/meizan/Qt/6.5.3/gcc_64/bin:/home/meizan/Qt/Tools/CMake/bin:/usr/local/sbin:/usr/local/bin:/usr/sbin:/usr/bin:/sbin:/bin:/usr/games:/usr/local/games:/snap/bin:/home/zzy/.fishros/bin/:/opt/nodejs/node-v18.12.1-linux-x64/bin/:/home/zzy/.fishros/bin/:/opt/nodejs/node-v18.12.1-linux-x64/bin/'), ('PAPERSIZE', 'a4'), ('LC_ADDRESS', 'zh_CN.UTF-8'), ('XDG_RUNTIME_DIR', '/run/user/1000'), ('SSL_CERT_DIR', '/usr/lib/ssl/certs'), ('LANG', 'zh_CN.UTF-8'), ('LC_TELEPHONE', 'zh_CN.UTF-8'), ('LS_COLORS', 'rs=0:di=01;34:ln=01;36:mh=00:pi=40;33:so=01;35:do=01;35:bd=40;33;01:cd=40;33;01:or=40;31;01:mi=00:su=37;41:sg=30;43:ca=30;41:tw=30;42:ow=34;42:st=37;44:ex=01;32:*.tar=01;31:*.tgz=01;31:*.arc=01;31:*.arj=01;31:*.taz=01;31:*.lha=01;31:*.lz4=01;31:*.lzh=01;31:*.lzma=01;31:*.tlz=01;31:*.txz=01;31:*.tzo=01;31:*.t7z=01;31:*.zip=01;31:*.z=01;31:*.dz=01;31:*.gz=01;31:*.lrz=01;31:*.lz=01;31:*.lzo=01;31:*.xz=01;31:*.zst=01;31:*.tzst=01;31:*.bz2=01;31:*.bz=01;31:*.tbz=01;31:*.tbz2=01;31:*.tz=01;31:*.deb=01;31:*.rpm=01;31:*.jar=01;31:*.war=01;31:*.ear=01;31:*.sar=01;31:*.rar=01;31:*.alz=01;31:*.ace=01;31:*.zoo=01;31:*.cpio=01;31:*.7z=01;31:*.rz=01;31:*.cab=01;31:*.wim=01;31:*.swm=01;31:*.dwm=01;31:*.esd=01;31:*.jpg=01;35:*.jpeg=01;35:*.mjpg=01;35:*.mjpeg=01;35:*.gif=01;35:*.bmp=01;35:*.pbm=01;35:*.pgm=01;35:*.ppm=01;35:*.tga=01;35:*.xbm=01;35:*.xpm=01;35:*.tif=01;35:*.tiff=01;35:*.png=01;35:*.svg=01;35:*.svgz=01;35:*.mng=01;35:*.pcx=01;35:*.mov=01;35:*.mpg=01;35:*.mpeg=01;35:*.m2v=01;35:*.mkv=01;35:*.webm=01;35:*.ogm=01;35:*.mp4=01;35:*.m4v=01;35:*.mp4v=01;35:*.vob=01;35:*.qt=01;35:*.nuv=01;35:*.wmv=01;35:*.asf=01;35:*.rm=01;35:*.rmvb=01;35:*.flc=01;35:*.avi=01;35:*.fli=01;35:*.flv=01;35:*.gl=01;35:*.dl=01;35:*.xcf=01;35:*.xwd=01;35:*.yuv=01;35:*.cgm=01;35:*.emf=01;35:*.ogv=01;35:*.ogx=01;35:*.aac=00;36:*.au=00;36:*.flac=00;36:*.m4a=00;36:*.mid=00;36:*.midi=00;36:*.mka=00;36:*.mp3=00;36:*.mpc=00;36:*.ogg=00;36:*.ra=00;36:*.wav=00;36:*.oga=00;36:*.opus=00;36:*.spx=00;36:*.xspf=00;36:'), ('VSCODE_GIT_IPC_HANDLE', '/run/user/1000/vscode-git-1fd6bdd323.sock'), ('TERM_PROGRAM', 'vscode'), ('AMENT_PREFIX_PATH', '/home/meizan/workspace/athena-robot-dog/modules/message/ros2/install/perception_msg:/opt/ros/foxy'), ('SHELL', '/bin/bash'), ('LC_NAME', 'zh_CN.UTF-8'), ('ROS_MASTER_URI', 'http://localhost:11311'), ('LESSCLOSE', '/usr/bin/lesspipe %s %s'), ('LC_MEASUREMENT', 'zh_CN.UTF-8'), ('LC_IDENTIFICATION', 'zh_CN.UTF-8'), ('VSCODE_GIT_ASKPASS_EXTRA_ARGS', ''), ('PWD', '/home/meizan/workspace/athena-robot-dog/modules/message/ros2/build/perception_msgs'), ('LC_ALL', 'en_US.UTF-8'), ('GEMINI_API_KEY', 'AIzaSyBkdyupdpVhL7Dd9iWMim7KX0N3CkFMDio'), ('SSH_CONNECTION', '192.168.2.173 58589 192.168.2.181 22'), ('XDG_DATA_DIRS', '/usr/local/share:/usr/share:/var/lib/snapd/desktop'), ('PYTHONPATH', '/home/meizan/workspace/athena-robot-dog/modules/message/ros2/install/perception_msg/lib/python3.8/site-packages:/opt/ros/foxy/lib/python3.8/site-packages'), ('ROS_HOSTNAME', 'localhost'), ('LC_NUMERIC', 'zh_CN.UTF-8'), ('LC_PAPER', 'zh_CN.UTF-8'), ('COLCON', '1'), ('CMAKE_PREFIX_PATH', '/home/meizan/workspace/athena-robot-dog/modules/message/ros2/install/perception_msg:/opt/ros/foxy')]), 'shell': False}
[0.983075] (perception_msgs) StdoutLine: {'line': b'[  1%] \x1b[34m\x1b[1mGenerating C code for ROS interfaces\x1b[0m\n'}
[0.986098] (perception_msgs) StdoutLine: {'line': b'[  2%] \x1b[34m\x1b[1mGenerating C++ code for ROS interfaces\x1b[0m\n'}
[1.001264] (-) TimerEvent: {}
[1.101633] (-) TimerEvent: {}
[1.201940] (-) TimerEvent: {}
[1.302237] (-) TimerEvent: {}
[1.402531] (-) TimerEvent: {}
[1.502842] (-) TimerEvent: {}
[1.603198] (-) TimerEvent: {}
[1.703540] (-) TimerEvent: {}
[1.803920] (-) TimerEvent: {}
[1.904322] (-) TimerEvent: {}
[1.920161] (perception_msgs) StdoutLine: {'line': b'[  2%] Built target perception_msgs__cpp\n'}
[1.923560] (perception_msgs) StdoutLine: {'line': b'[  3%] \x1b[34m\x1b[1mGenerating C++ type support dispatch for ROS interfaces\x1b[0m\n'}
[1.924313] (perception_msgs) StdoutLine: {'line': b'[  4%] \x1b[34m\x1b[1mGenerating C++ type support for eProsima Fast-RTPS\x1b[0m\n'}
[1.924475] (perception_msgs) StdoutLine: {'line': b'[  5%] \x1b[34m\x1b[1mGenerating C++ introspection for ROS interfaces\x1b[0m\n'}
[1.940992] (perception_msgs) StdoutLine: {'line': b'[  6%] \x1b[32mBuilding C object CMakeFiles/perception_msgs__rosidl_generator_c.dir/rosidl_generator_c/perception_msgs/msg/detail/alarm_entry__functions.c.o\x1b[0m\n'}
[1.941261] (perception_msgs) StdoutLine: {'line': b'[  8%] \x1b[32mBuilding C object CMakeFiles/perception_msgs__rosidl_generator_c.dir/rosidl_generator_c/perception_msgs/msg/detail/action_entry__functions.c.o\x1b[0m\n'}
[1.941372] (perception_msgs) StdoutLine: {'line': b'[  9%] \x1b[32mBuilding C object CMakeFiles/perception_msgs__rosidl_generator_c.dir/rosidl_generator_c/perception_msgs/msg/detail/perc_cmd__functions.c.o\x1b[0m\n'}
[1.941523] (perception_msgs) StdoutLine: {'line': b'[ 10%] \x1b[32mBuilding C object CMakeFiles/perception_msgs__rosidl_generator_c.dir/rosidl_generator_c/perception_msgs/msg/detail/perc_state__functions.c.o\x1b[0m\n'}
[1.945665] (perception_msgs) StdoutLine: {'line': b'[ 11%] \x1b[32mBuilding C object CMakeFiles/perception_msgs__rosidl_generator_c.dir/rosidl_generator_c/perception_msgs/msg/detail/perc_req__functions.c.o\x1b[0m\n'}
[1.989960] (perception_msgs) StdoutLine: {'line': b'[ 13%] \x1b[32mBuilding C object CMakeFiles/perception_msgs__rosidl_generator_c.dir/rosidl_generator_c/perception_msgs/msg/detail/task_list__functions.c.o\x1b[0m\n'}
[1.990692] (perception_msgs) StdoutLine: {'line': b'[ 13%] \x1b[32mBuilding C object CMakeFiles/perception_msgs__rosidl_generator_c.dir/rosidl_generator_c/perception_msgs/msg/detail/dog_state__functions.c.o\x1b[0m\n'}
[1.991698] (perception_msgs) StdoutLine: {'line': b'[ 14%] \x1b[32mBuilding C object CMakeFiles/perception_msgs__rosidl_generator_c.dir/rosidl_generator_c/perception_msgs/srv/detail/dog_record_bag__functions.c.o\x1b[0m\n'}
[2.004428] (-) TimerEvent: {}
[2.043330] (perception_msgs) StdoutLine: {'line': b'[ 16%] \x1b[32m\x1b[1mLinking C shared library libperception_msgs__rosidl_generator_c.so\x1b[0m\n'}
[2.061570] (perception_msgs) StdoutLine: {'line': b'[ 16%] Built target perception_msgs__rosidl_generator_c\n'}
[2.064392] (perception_msgs) StdoutLine: {'line': b'[ 18%] \x1b[34m\x1b[1mGenerating C introspection for ROS interfaces\x1b[0m\n'}
[2.064577] (perception_msgs) StdoutLine: {'line': b'[ 18%] \x1b[34m\x1b[1mGenerating C type support dispatch for ROS interfaces\x1b[0m\n'}
[2.104522] (-) TimerEvent: {}
[2.204999] (-) TimerEvent: {}
[2.305467] (-) TimerEvent: {}
[2.405782] (-) TimerEvent: {}
[2.506116] (-) TimerEvent: {}
[2.606437] (-) TimerEvent: {}
[2.706744] (-) TimerEvent: {}
[2.807067] (-) TimerEvent: {}
[2.810887] (perception_msgs) StdoutLine: {'line': b'[ 21%] \x1b[32mBuilding CXX object CMakeFiles/perception_msgs__rosidl_typesupport_introspection_cpp.dir/rosidl_typesupport_introspection_cpp/perception_msgs/msg/detail/alarm_entry__type_support.cpp.o\x1b[0m\n'}
[2.811232] (perception_msgs) StdoutLine: {'line': b'[ 22%] \x1b[32mBuilding CXX object CMakeFiles/perception_msgs__rosidl_typesupport_introspection_cpp.dir/rosidl_typesupport_introspection_cpp/perception_msgs/msg/detail/perc_cmd__type_support.cpp.o\x1b[0m\n'}
[2.811326] (perception_msgs) StdoutLine: {'line': b'[ 22%] \x1b[32mBuilding CXX object CMakeFiles/perception_msgs__rosidl_typesupport_introspection_cpp.dir/rosidl_typesupport_introspection_cpp/perception_msgs/msg/detail/action_entry__type_support.cpp.o\x1b[0m\n'}
[2.811489] (perception_msgs) StdoutLine: {'line': b'[ 22%] \x1b[32mBuilding CXX object CMakeFiles/perception_msgs__rosidl_typesupport_introspection_cpp.dir/rosidl_typesupport_introspection_cpp/perception_msgs/msg/detail/perc_state__type_support.cpp.o\x1b[0m\n'}
[2.907165] (-) TimerEvent: {}
[3.007520] (-) TimerEvent: {}
[3.079036] (perception_msgs) StdoutLine: {'line': b'[ 24%] \x1b[32mBuilding CXX object CMakeFiles/perception_msgs__rosidl_typesupport_c.dir/rosidl_typesupport_c/perception_msgs/msg/action_entry__type_support.cpp.o\x1b[0m\n'}
[3.107632] (-) TimerEvent: {}
[3.112007] (perception_msgs) StdoutLine: {'line': b'[ 25%] \x1b[32mBuilding C object CMakeFiles/perception_msgs__rosidl_typesupport_introspection_c.dir/rosidl_typesupport_introspection_c/perception_msgs/msg/detail/action_entry__type_support.c.o\x1b[0m\n'}
[3.127483] (perception_msgs) StdoutLine: {'line': b'[ 26%] \x1b[32mBuilding CXX object CMakeFiles/perception_msgs__rosidl_typesupport_c.dir/rosidl_typesupport_c/perception_msgs/msg/alarm_entry__type_support.cpp.o\x1b[0m\n'}
[3.144861] (perception_msgs) StdoutLine: {'line': b'[ 27%] \x1b[32mBuilding C object CMakeFiles/perception_msgs__rosidl_typesupport_introspection_c.dir/rosidl_typesupport_introspection_c/perception_msgs/msg/detail/alarm_entry__type_support.c.o\x1b[0m\n'}
[3.146650] (perception_msgs) StdoutLine: {'line': b'[ 28%] \x1b[32mBuilding CXX object CMakeFiles/perception_msgs__rosidl_typesupport_introspection_cpp.dir/rosidl_typesupport_introspection_cpp/perception_msgs/msg/detail/perc_req__type_support.cpp.o\x1b[0m\n'}
[3.146874] (perception_msgs) StdoutLine: {'line': b'[ 29%] \x1b[32mBuilding CXX object CMakeFiles/perception_msgs__rosidl_typesupport_introspection_cpp.dir/rosidl_typesupport_introspection_cpp/perception_msgs/msg/detail/task_list__type_support.cpp.o\x1b[0m\n'}
[3.155328] (perception_msgs) StdoutLine: {'line': b'[ 31%] \x1b[32mBuilding CXX object CMakeFiles/perception_msgs__rosidl_typesupport_c.dir/rosidl_typesupport_c/perception_msgs/msg/perc_cmd__type_support.cpp.o\x1b[0m\n'}
[3.164261] (perception_msgs) StdoutLine: {'line': b'[ 32%] \x1b[32mBuilding CXX object CMakeFiles/perception_msgs__rosidl_typesupport_introspection_cpp.dir/rosidl_typesupport_introspection_cpp/perception_msgs/msg/detail/dog_state__type_support.cpp.o\x1b[0m\n'}
[3.177939] (perception_msgs) StdoutLine: {'line': b'[ 33%] \x1b[32mBuilding CXX object CMakeFiles/perception_msgs__rosidl_typesupport_introspection_cpp.dir/rosidl_typesupport_introspection_cpp/perception_msgs/srv/detail/dog_record_bag__type_support.cpp.o\x1b[0m\n'}
[3.179120] (perception_msgs) StdoutLine: {'line': b'[ 34%] \x1b[32mBuilding C object CMakeFiles/perception_msgs__rosidl_typesupport_introspection_c.dir/rosidl_typesupport_introspection_c/perception_msgs/msg/detail/perc_cmd__type_support.c.o\x1b[0m\n'}
[3.183039] (perception_msgs) StdoutLine: {'line': b'[ 35%] \x1b[32mBuilding CXX object CMakeFiles/perception_msgs__rosidl_typesupport_c.dir/rosidl_typesupport_c/perception_msgs/msg/perc_state__type_support.cpp.o\x1b[0m\n'}
[3.207754] (-) TimerEvent: {}
[3.211520] (perception_msgs) StdoutLine: {'line': b'[ 36%] \x1b[32mBuilding C object CMakeFiles/perception_msgs__rosidl_typesupport_introspection_c.dir/rosidl_typesupport_introspection_c/perception_msgs/msg/detail/perc_state__type_support.c.o\x1b[0m\n'}
[3.212173] (perception_msgs) StdoutLine: {'line': b'[ 37%] \x1b[32mBuilding CXX object CMakeFiles/perception_msgs__rosidl_typesupport_c.dir/rosidl_typesupport_c/perception_msgs/msg/perc_req__type_support.cpp.o\x1b[0m\n'}
[3.240250] (perception_msgs) StdoutLine: {'line': b'[ 39%] \x1b[32mBuilding CXX object CMakeFiles/perception_msgs__rosidl_typesupport_c.dir/rosidl_typesupport_c/perception_msgs/msg/task_list__type_support.cpp.o\x1b[0m\n'}
[3.244059] (perception_msgs) StdoutLine: {'line': b'[ 40%] \x1b[32mBuilding C object CMakeFiles/perception_msgs__rosidl_typesupport_introspection_c.dir/rosidl_typesupport_introspection_c/perception_msgs/msg/detail/perc_req__type_support.c.o\x1b[0m\n'}
[3.271539] (perception_msgs) StdoutLine: {'line': b'[ 41%] \x1b[32mBuilding CXX object CMakeFiles/perception_msgs__rosidl_typesupport_c.dir/rosidl_typesupport_c/perception_msgs/msg/dog_state__type_support.cpp.o\x1b[0m\n'}
[3.273745] (perception_msgs) StdoutLine: {'line': b'[ 42%] \x1b[32mBuilding C object CMakeFiles/perception_msgs__rosidl_typesupport_introspection_c.dir/rosidl_typesupport_introspection_c/perception_msgs/msg/detail/task_list__type_support.c.o\x1b[0m\n'}
[3.300120] (perception_msgs) StdoutLine: {'line': b'[ 43%] \x1b[32mBuilding CXX object CMakeFiles/perception_msgs__rosidl_typesupport_c.dir/rosidl_typesupport_c/perception_msgs/srv/dog_record_bag__type_support.cpp.o\x1b[0m\n'}
[3.306166] (perception_msgs) StdoutLine: {'line': b'[ 44%] \x1b[32mBuilding C object CMakeFiles/perception_msgs__rosidl_typesupport_introspection_c.dir/rosidl_typesupport_introspection_c/perception_msgs/msg/detail/dog_state__type_support.c.o\x1b[0m\n'}
[3.307833] (-) TimerEvent: {}
[3.329783] (perception_msgs) StdoutLine: {'line': b'[ 45%] \x1b[32m\x1b[1mLinking CXX shared library libperception_msgs__rosidl_typesupport_c.so\x1b[0m\n'}
[3.344632] (perception_msgs) StdoutLine: {'line': b'[ 47%] \x1b[32mBuilding C object CMakeFiles/perception_msgs__rosidl_typesupport_introspection_c.dir/rosidl_typesupport_introspection_c/perception_msgs/srv/detail/dog_record_bag__type_support.c.o\x1b[0m\n'}
[3.361545] (perception_msgs) StdoutLine: {'line': b'[ 47%] Built target perception_msgs__rosidl_typesupport_c\n'}
[3.374721] (perception_msgs) StdoutLine: {'line': b'[ 48%] \x1b[32m\x1b[1mLinking C shared library libperception_msgs__rosidl_typesupport_introspection_c.so\x1b[0m\n'}
[3.396206] (perception_msgs) StdoutLine: {'line': b'[ 48%] Built target perception_msgs__rosidl_typesupport_introspection_c\n'}
[3.407954] (-) TimerEvent: {}
[3.445755] (perception_msgs) StdoutLine: {'line': b'[ 50%] \x1b[32mBuilding CXX object CMakeFiles/perception_msgs__rosidl_typesupport_cpp.dir/rosidl_typesupport_cpp/perception_msgs/msg/perc_cmd__type_support.cpp.o\x1b[0m\n'}
[3.446740] (perception_msgs) StdoutLine: {'line': b'[ 50%] \x1b[32mBuilding CXX object CMakeFiles/perception_msgs__rosidl_typesupport_cpp.dir/rosidl_typesupport_cpp/perception_msgs/msg/action_entry__type_support.cpp.o\x1b[0m\n'}
[3.448796] (perception_msgs) StdoutLine: {'line': b'[ 51%] \x1b[32mBuilding CXX object CMakeFiles/perception_msgs__rosidl_typesupport_cpp.dir/rosidl_typesupport_cpp/perception_msgs/msg/alarm_entry__type_support.cpp.o\x1b[0m\n'}
[3.477956] (perception_msgs) StdoutLine: {'line': b'[ 52%] \x1b[32mBuilding CXX object CMakeFiles/perception_msgs__rosidl_typesupport_cpp.dir/rosidl_typesupport_cpp/perception_msgs/msg/perc_state__type_support.cpp.o\x1b[0m\n'}
[3.508053] (-) TimerEvent: {}
[3.509060] (perception_msgs) StdoutLine: {'line': b'[ 54%] \x1b[32mBuilding CXX object CMakeFiles/perception_msgs__rosidl_typesupport_cpp.dir/rosidl_typesupport_cpp/perception_msgs/msg/perc_req__type_support.cpp.o\x1b[0m\n'}
[3.535472] (perception_msgs) StdoutLine: {'line': b'[ 55%] \x1b[32mBuilding CXX object CMakeFiles/perception_msgs__rosidl_typesupport_cpp.dir/rosidl_typesupport_cpp/perception_msgs/msg/task_list__type_support.cpp.o\x1b[0m\n'}
[3.536412] (perception_msgs) StdoutLine: {'line': b'[ 56%] \x1b[32m\x1b[1mLinking CXX shared library libperception_msgs__rosidl_typesupport_introspection_cpp.so\x1b[0m\n'}
[3.608175] (-) TimerEvent: {}
[3.621345] (perception_msgs) StdoutLine: {'line': b'[ 56%] Built target perception_msgs__rosidl_typesupport_introspection_cpp\n'}
[3.636055] (perception_msgs) StdoutLine: {'line': b'[ 57%] \x1b[32mBuilding CXX object CMakeFiles/perception_msgs__rosidl_typesupport_cpp.dir/rosidl_typesupport_cpp/perception_msgs/msg/dog_state__type_support.cpp.o\x1b[0m\n'}
[3.641121] (perception_msgs) StdoutLine: {'line': b'[ 58%] \x1b[32mBuilding CXX object CMakeFiles/perception_msgs__rosidl_typesupport_fastrtps_cpp.dir/rosidl_typesupport_fastrtps_cpp/perception_msgs/msg/detail/dds_fastrtps/action_entry__type_support.cpp.o\x1b[0m\n'}
[3.708282] (-) TimerEvent: {}
[3.770074] (perception_msgs) StdoutLine: {'line': b'[ 59%] \x1b[32mBuilding CXX object CMakeFiles/perception_msgs__rosidl_typesupport_cpp.dir/rosidl_typesupport_cpp/perception_msgs/srv/dog_record_bag__type_support.cpp.o\x1b[0m\n'}
[3.804327] (perception_msgs) StdoutLine: {'line': b'[ 60%] \x1b[32mBuilding CXX object CMakeFiles/perception_msgs__rosidl_typesupport_fastrtps_cpp.dir/rosidl_typesupport_fastrtps_cpp/perception_msgs/msg/detail/dds_fastrtps/alarm_entry__type_support.cpp.o\x1b[0m\n'}
[3.808396] (-) TimerEvent: {}
[3.822705] (perception_msgs) StdoutLine: {'line': b'[ 62%] \x1b[32mBuilding CXX object CMakeFiles/perception_msgs__rosidl_typesupport_fastrtps_cpp.dir/rosidl_typesupport_fastrtps_cpp/perception_msgs/msg/detail/dds_fastrtps/perc_state__type_support.cpp.o\x1b[0m\n'}
[3.835316] (perception_msgs) StdoutLine: {'line': b'[ 63%] \x1b[32mBuilding CXX object CMakeFiles/perception_msgs__rosidl_typesupport_fastrtps_cpp.dir/rosidl_typesupport_fastrtps_cpp/perception_msgs/msg/detail/dds_fastrtps/perc_cmd__type_support.cpp.o\x1b[0m\n'}
[3.873077] (perception_msgs) StdoutLine: {'line': b'[ 64%] \x1b[32mBuilding CXX object CMakeFiles/perception_msgs__rosidl_typesupport_fastrtps_cpp.dir/rosidl_typesupport_fastrtps_cpp/perception_msgs/msg/detail/dds_fastrtps/task_list__type_support.cpp.o\x1b[0m\n'}
[3.887492] (perception_msgs) StdoutLine: {'line': b'[ 65%] \x1b[32mBuilding CXX object CMakeFiles/perception_msgs__rosidl_typesupport_fastrtps_cpp.dir/rosidl_typesupport_fastrtps_cpp/perception_msgs/msg/detail/dds_fastrtps/perc_req__type_support.cpp.o\x1b[0m\n'}
[3.908538] (-) TimerEvent: {}
[4.008882] (-) TimerEvent: {}
[4.009770] (perception_msgs) StdoutLine: {'line': b'[ 66%] \x1b[32mBuilding CXX object CMakeFiles/perception_msgs__rosidl_typesupport_fastrtps_cpp.dir/rosidl_typesupport_fastrtps_cpp/perception_msgs/msg/detail/dds_fastrtps/dog_state__type_support.cpp.o\x1b[0m\n'}
[4.109016] (-) TimerEvent: {}
[4.126857] (perception_msgs) StdoutLine: {'line': b'[ 68%] \x1b[32mBuilding CXX object CMakeFiles/perception_msgs__rosidl_typesupport_fastrtps_cpp.dir/rosidl_typesupport_fastrtps_cpp/perception_msgs/srv/detail/dds_fastrtps/dog_record_bag__type_support.cpp.o\x1b[0m\n'}
[4.127757] (perception_msgs) StdoutLine: {'line': b'[ 68%] \x1b[32m\x1b[1mLinking CXX shared library libperception_msgs__rosidl_typesupport_cpp.so\x1b[0m\n'}
[4.209128] (-) TimerEvent: {}
[4.259664] (perception_msgs) StdoutLine: {'line': b'[ 68%] Built target perception_msgs__rosidl_typesupport_cpp\n'}
[4.309226] (-) TimerEvent: {}
[4.409693] (-) TimerEvent: {}
[4.509969] (-) TimerEvent: {}
[4.567175] (perception_msgs) StdoutLine: {'line': b'[ 70%] \x1b[32m\x1b[1mLinking CXX shared library libperception_msgs__rosidl_typesupport_fastrtps_cpp.so\x1b[0m\n'}
[4.610088] (-) TimerEvent: {}
[4.621799] (perception_msgs) StdoutLine: {'line': b'[ 70%] Built target perception_msgs__rosidl_typesupport_fastrtps_cpp\n'}
[4.624758] (perception_msgs) StdoutLine: {'line': b'[ 71%] \x1b[34m\x1b[1mGenerating C type support for eProsima Fast-RTPS\x1b[0m\n'}
[4.710173] (-) TimerEvent: {}
[4.810583] (-) TimerEvent: {}
[4.910896] (-) TimerEvent: {}
[5.011216] (-) TimerEvent: {}
[5.111614] (-) TimerEvent: {}
[5.211986] (-) TimerEvent: {}
[5.312378] (-) TimerEvent: {}
[5.412761] (-) TimerEvent: {}
[5.470442] (perception_msgs) StdoutLine: {'line': b'[ 73%] \x1b[32mBuilding CXX object CMakeFiles/perception_msgs__rosidl_typesupport_fastrtps_c.dir/rosidl_typesupport_fastrtps_c/perception_msgs/msg/detail/alarm_entry__type_support_c.cpp.o\x1b[0m\n'}
[5.470690] (perception_msgs) StdoutLine: {'line': b'[ 74%] \x1b[32mBuilding CXX object CMakeFiles/perception_msgs__rosidl_typesupport_fastrtps_c.dir/rosidl_typesupport_fastrtps_c/perception_msgs/msg/detail/perc_cmd__type_support_c.cpp.o\x1b[0m\n'}
[5.470855] (perception_msgs) StdoutLine: {'line': b'[ 75%] \x1b[32mBuilding CXX object CMakeFiles/perception_msgs__rosidl_typesupport_fastrtps_c.dir/rosidl_typesupport_fastrtps_c/perception_msgs/msg/detail/perc_state__type_support_c.cpp.o\x1b[0m\n'}
[5.471000] (perception_msgs) StdoutLine: {'line': b'[ 77%] \x1b[32mBuilding CXX object CMakeFiles/perception_msgs__rosidl_typesupport_fastrtps_c.dir/rosidl_typesupport_fastrtps_c/perception_msgs/msg/detail/task_list__type_support_c.cpp.o\x1b[0m\n'}
[5.471087] (perception_msgs) StdoutLine: {'line': b'[ 78%] \x1b[32mBuilding CXX object CMakeFiles/perception_msgs__rosidl_typesupport_fastrtps_c.dir/rosidl_typesupport_fastrtps_c/perception_msgs/msg/detail/perc_req__type_support_c.cpp.o\x1b[0m\n'}
[5.471421] (perception_msgs) StdoutLine: {'line': b'[ 78%] \x1b[32mBuilding CXX object CMakeFiles/perception_msgs__rosidl_typesupport_fastrtps_c.dir/rosidl_typesupport_fastrtps_c/perception_msgs/msg/detail/action_entry__type_support_c.cpp.o\x1b[0m\n'}
[5.472035] (perception_msgs) StdoutLine: {'line': b'[ 79%] \x1b[32mBuilding CXX object CMakeFiles/perception_msgs__rosidl_typesupport_fastrtps_c.dir/rosidl_typesupport_fastrtps_c/perception_msgs/srv/detail/dog_record_bag__type_support_c.cpp.o\x1b[0m\n'}
[5.472521] (perception_msgs) StdoutLine: {'line': b'[ 80%] \x1b[32mBuilding CXX object CMakeFiles/perception_msgs__rosidl_typesupport_fastrtps_c.dir/rosidl_typesupport_fastrtps_c/perception_msgs/msg/detail/dog_state__type_support_c.cpp.o\x1b[0m\n'}
[5.512876] (-) TimerEvent: {}
[5.625372] (-) TimerEvent: {}
[5.725731] (-) TimerEvent: {}
[5.826312] (-) TimerEvent: {}
[5.926665] (-) TimerEvent: {}
[6.025863] (perception_msgs) StdoutLine: {'line': b'[ 81%] \x1b[32m\x1b[1mLinking CXX shared library libperception_msgs__rosidl_typesupport_fastrtps_c.so\x1b[0m\n'}
[6.026738] (-) TimerEvent: {}
[6.082342] (perception_msgs) StdoutLine: {'line': b'[ 81%] Built target perception_msgs__rosidl_typesupport_fastrtps_c\n'}
[6.087987] (perception_msgs) StdoutLine: {'line': b'[ 81%] Built target perception_msgs\n'}
[6.094149] (perception_msgs) StdoutLine: {'line': b'[ 82%] \x1b[34m\x1b[1mGenerating Python code for ROS interfaces\x1b[0m\n'}
[6.126844] (-) TimerEvent: {}
[6.227161] (-) TimerEvent: {}
[6.327546] (-) TimerEvent: {}
[6.427844] (-) TimerEvent: {}
[6.528250] (-) TimerEvent: {}
[6.628552] (-) TimerEvent: {}
[6.728867] (-) TimerEvent: {}
[6.829157] (-) TimerEvent: {}
[6.929459] (-) TimerEvent: {}
[7.029748] (-) TimerEvent: {}
[7.130101] (-) TimerEvent: {}
[7.230467] (-) TimerEvent: {}
[7.330831] (-) TimerEvent: {}
[7.431209] (-) TimerEvent: {}
[7.531587] (-) TimerEvent: {}
[7.631967] (-) TimerEvent: {}
[7.732345] (-) TimerEvent: {}
[7.799163] (perception_msgs) StdoutLine: {'line': b'[ 82%] Built target perception_msgs__py\n'}
[7.805551] (perception_msgs) StdoutLine: {'line': b'[ 86%] \x1b[32mBuilding C object CMakeFiles/perception_msgs__python.dir/rosidl_generator_py/perception_msgs/msg/_action_entry_s.c.o\x1b[0m\n'}
[7.805797] (perception_msgs) StdoutLine: {'line': b'[ 86%] \x1b[32mBuilding C object CMakeFiles/perception_msgs__python.dir/rosidl_generator_py/perception_msgs/msg/_perc_cmd_s.c.o\x1b[0m\n'}
[7.805958] (perception_msgs) StdoutLine: {'line': b'[ 87%] \x1b[32mBuilding C object CMakeFiles/perception_msgs__python.dir/rosidl_generator_py/perception_msgs/msg/_alarm_entry_s.c.o\x1b[0m\n'}
[7.806049] (perception_msgs) StdoutLine: {'line': b'[ 88%] \x1b[32mBuilding C object CMakeFiles/perception_msgs__python.dir/rosidl_generator_py/perception_msgs/msg/_perc_state_s.c.o\x1b[0m\n'}
[7.806116] (perception_msgs) StdoutLine: {'line': b'[ 89%] \x1b[32mBuilding C object CMakeFiles/perception_msgs__python.dir/rosidl_generator_py/perception_msgs/srv/_dog_record_bag_s.c.o\x1b[0m\n'}
[7.806334] (perception_msgs) StdoutLine: {'line': b'[ 91%] \x1b[32mBuilding C object CMakeFiles/perception_msgs__python.dir/rosidl_generator_py/perception_msgs/msg/_task_list_s.c.o\x1b[0m\n'}
[7.806463] (perception_msgs) StdoutLine: {'line': b'[ 91%] \x1b[32mBuilding C object CMakeFiles/perception_msgs__python.dir/rosidl_generator_py/perception_msgs/msg/_dog_state_s.c.o\x1b[0m\n'}
[7.806706] (perception_msgs) StdoutLine: {'line': b'[ 91%] \x1b[32mBuilding C object CMakeFiles/perception_msgs__python.dir/rosidl_generator_py/perception_msgs/msg/_perc_req_s.c.o\x1b[0m\n'}
[7.832463] (-) TimerEvent: {}
[7.920419] (perception_msgs) StdoutLine: {'line': b'[ 93%] \x1b[32m\x1b[1mLinking C shared library rosidl_generator_py/perception_msgs/libperception_msgs__python.so\x1b[0m\n'}
[7.932571] (-) TimerEvent: {}
[7.939625] (perception_msgs) StdoutLine: {'line': b'[ 93%] Built target perception_msgs__python\n'}
[7.945279] (perception_msgs) StdoutLine: {'line': b'[ 95%] \x1b[32mBuilding C object CMakeFiles/perception_msgs__rosidl_typesupport_fastrtps_c__pyext.dir/rosidl_generator_py/perception_msgs/_perception_msgs_s.ep.rosidl_typesupport_fastrtps_c.c.o\x1b[0m\n'}
[7.945509] (perception_msgs) StdoutLine: {'line': b'[ 95%] \x1b[32mBuilding C object CMakeFiles/perception_msgs__rosidl_typesupport_c__pyext.dir/rosidl_generator_py/perception_msgs/_perception_msgs_s.ep.rosidl_typesupport_c.c.o\x1b[0m\n'}
[7.945595] (perception_msgs) StdoutLine: {'line': b'[ 96%] \x1b[32mBuilding C object CMakeFiles/perception_msgs__rosidl_typesupport_introspection_c__pyext.dir/rosidl_generator_py/perception_msgs/_perception_msgs_s.ep.rosidl_typesupport_introspection_c.c.o\x1b[0m\n'}
[8.019366] (perception_msgs) StdoutLine: {'line': b'[ 98%] \x1b[32m\x1b[1mLinking C shared library rosidl_generator_py/perception_msgs/perception_msgs_s__rosidl_typesupport_introspection_c.cpython-38-x86_64-linux-gnu.so\x1b[0m\n'}
[8.019579] (perception_msgs) StdoutLine: {'line': b'[ 98%] \x1b[32m\x1b[1mLinking C shared library rosidl_generator_py/perception_msgs/perception_msgs_s__rosidl_typesupport_c.cpython-38-x86_64-linux-gnu.so\x1b[0m\n'}
[8.032686] (-) TimerEvent: {}
[8.035250] (perception_msgs) StdoutLine: {'line': b'[ 98%] Built target perception_msgs__rosidl_typesupport_introspection_c__pyext\n'}
[8.035474] (perception_msgs) StdoutLine: {'line': b'[ 98%] Built target perception_msgs__rosidl_typesupport_c__pyext\n'}
[8.046195] (perception_msgs) StdoutLine: {'line': b'[100%] \x1b[32m\x1b[1mLinking CXX shared library rosidl_generator_py/perception_msgs/perception_msgs_s__rosidl_typesupport_fastrtps_c.cpython-38-x86_64-linux-gnu.so\x1b[0m\n'}
[8.081118] (perception_msgs) StdoutLine: {'line': b'[100%] Built target perception_msgs__rosidl_typesupport_fastrtps_c__pyext\n'}
[8.085013] (perception_msgs) CommandEnded: {'returncode': 0}
[8.085637] (perception_msgs) JobProgress: {'identifier': 'perception_msgs', 'progress': 'install'}
[8.089043] (perception_msgs) Command: {'cmd': ['/home/meizan/Qt/Tools/CMake/bin/cmake', '--install', '/home/meizan/workspace/athena-robot-dog/modules/message/ros2/build/perception_msgs'], 'cwd': '/home/meizan/workspace/athena-robot-dog/modules/message/ros2/build/perception_msgs', 'env': OrderedDict([('LESSOPEN', '| /usr/bin/lesspipe %s'), ('LANGUAGE', 'zh_CN:en_US:en'), ('USER', 'meizan'), ('SSH_CLIENT', '192.168.2.173 58589 22'), ('LC_TIME', 'zh_CN.UTF-8'), ('XDG_SESSION_TYPE', 'tty'), ('GIT_ASKPASS', '/home/meizan/.vscode-server/cli/servers/Stable-4949701c880d4bdb949e3c0e6b400288da7f474b/server/extensions/git/dist/askpass.sh'), ('SHLVL', '1'), ('LD_LIBRARY_PATH', '/home/meizan/workspace/athena-robot-dog/modules/message/ros2/install/perception_msg/lib:/opt/ros/foxy/opt/yaml_cpp_vendor/lib:/opt/ros/foxy/opt/rviz_ogre_vendor/lib:/opt/ros/foxy/lib/x86_64-linux-gnu:/opt/ros/foxy/lib:/home/zzy/third_party/x64/lib/boost:/home/zzy/third_party/x64/lib/boost:'), ('BROWSER', '/home/meizan/.vscode-server/cli/servers/Stable-4949701c880d4bdb949e3c0e6b400288da7f474b/server/bin/helpers/browser.sh'), ('MOTD_SHOWN', 'pam'), ('HOME', '/home/meizan'), ('OLDPWD', '/home/meizan/workspace/athena-robot-dog/modules/message/ros2/src'), ('TERM_PROGRAM_VERSION', '1.99.2'), ('VSCODE_IPC_HOOK_CLI', '/run/user/1000/vscode-ipc-fb8fced2-2ee6-42f9-a705-72755f633a03.sock'), ('ROS_PYTHON_VERSION', '3'), ('VSCODE_GIT_ASKPASS_MAIN', '/home/meizan/.vscode-server/cli/servers/Stable-4949701c880d4bdb949e3c0e6b400288da7f474b/server/extensions/git/dist/askpass-main.js'), ('LC_MONETARY', 'zh_CN.UTF-8'), ('VSCODE_GIT_ASKPASS_NODE', '/home/meizan/.vscode-server/cli/servers/Stable-4949701c880d4bdb949e3c0e6b400288da7f474b/server/node'), ('SSL_CERT_FILE', '/usr/lib/ssl/certs/ca-certificates.crt'), ('DBUS_SESSION_BUS_ADDRESS', 'unix:path=/run/user/1000/bus'), ('COLORTERM', 'truecolor'), ('COLCON_PREFIX_PATH', '/home/meizan/workspace/athena-robot-dog/modules/message/ros2/install'), ('ROS_DISTRO', 'foxy'), ('LOGNAME', 'meizan'), ('_', '/usr/bin/colcon'), ('ROS_VERSION', '2'), ('XDG_SESSION_CLASS', 'user'), ('TERM', 'xterm-256color'), ('XDG_SESSION_ID', '902'), ('ROS_LOCALHOST_ONLY', '0'), ('PATH', '/opt/ros/foxy/bin:/home/meizan/Qt/6.5.3/gcc_64/bin:/home/meizan/Qt/Tools/CMake/bin:/home/meizan/.vscode-server/cli/servers/Stable-4949701c880d4bdb949e3c0e6b400288da7f474b/server/bin/remote-cli:/home/meizan/.local/bin:/home/meizan/bin:/home/meizan/Qt/6.5.3/gcc_64/bin:/home/meizan/Qt/Tools/CMake/bin:/usr/local/sbin:/usr/local/bin:/usr/sbin:/usr/bin:/sbin:/bin:/usr/games:/usr/local/games:/snap/bin:/home/zzy/.fishros/bin/:/opt/nodejs/node-v18.12.1-linux-x64/bin/:/home/zzy/.fishros/bin/:/opt/nodejs/node-v18.12.1-linux-x64/bin/'), ('PAPERSIZE', 'a4'), ('LC_ADDRESS', 'zh_CN.UTF-8'), ('XDG_RUNTIME_DIR', '/run/user/1000'), ('SSL_CERT_DIR', '/usr/lib/ssl/certs'), ('LANG', 'zh_CN.UTF-8'), ('LC_TELEPHONE', 'zh_CN.UTF-8'), ('LS_COLORS', 'rs=0:di=01;34:ln=01;36:mh=00:pi=40;33:so=01;35:do=01;35:bd=40;33;01:cd=40;33;01:or=40;31;01:mi=00:su=37;41:sg=30;43:ca=30;41:tw=30;42:ow=34;42:st=37;44:ex=01;32:*.tar=01;31:*.tgz=01;31:*.arc=01;31:*.arj=01;31:*.taz=01;31:*.lha=01;31:*.lz4=01;31:*.lzh=01;31:*.lzma=01;31:*.tlz=01;31:*.txz=01;31:*.tzo=01;31:*.t7z=01;31:*.zip=01;31:*.z=01;31:*.dz=01;31:*.gz=01;31:*.lrz=01;31:*.lz=01;31:*.lzo=01;31:*.xz=01;31:*.zst=01;31:*.tzst=01;31:*.bz2=01;31:*.bz=01;31:*.tbz=01;31:*.tbz2=01;31:*.tz=01;31:*.deb=01;31:*.rpm=01;31:*.jar=01;31:*.war=01;31:*.ear=01;31:*.sar=01;31:*.rar=01;31:*.alz=01;31:*.ace=01;31:*.zoo=01;31:*.cpio=01;31:*.7z=01;31:*.rz=01;31:*.cab=01;31:*.wim=01;31:*.swm=01;31:*.dwm=01;31:*.esd=01;31:*.jpg=01;35:*.jpeg=01;35:*.mjpg=01;35:*.mjpeg=01;35:*.gif=01;35:*.bmp=01;35:*.pbm=01;35:*.pgm=01;35:*.ppm=01;35:*.tga=01;35:*.xbm=01;35:*.xpm=01;35:*.tif=01;35:*.tiff=01;35:*.png=01;35:*.svg=01;35:*.svgz=01;35:*.mng=01;35:*.pcx=01;35:*.mov=01;35:*.mpg=01;35:*.mpeg=01;35:*.m2v=01;35:*.mkv=01;35:*.webm=01;35:*.ogm=01;35:*.mp4=01;35:*.m4v=01;35:*.mp4v=01;35:*.vob=01;35:*.qt=01;35:*.nuv=01;35:*.wmv=01;35:*.asf=01;35:*.rm=01;35:*.rmvb=01;35:*.flc=01;35:*.avi=01;35:*.fli=01;35:*.flv=01;35:*.gl=01;35:*.dl=01;35:*.xcf=01;35:*.xwd=01;35:*.yuv=01;35:*.cgm=01;35:*.emf=01;35:*.ogv=01;35:*.ogx=01;35:*.aac=00;36:*.au=00;36:*.flac=00;36:*.m4a=00;36:*.mid=00;36:*.midi=00;36:*.mka=00;36:*.mp3=00;36:*.mpc=00;36:*.ogg=00;36:*.ra=00;36:*.wav=00;36:*.oga=00;36:*.opus=00;36:*.spx=00;36:*.xspf=00;36:'), ('VSCODE_GIT_IPC_HANDLE', '/run/user/1000/vscode-git-1fd6bdd323.sock'), ('TERM_PROGRAM', 'vscode'), ('AMENT_PREFIX_PATH', '/home/meizan/workspace/athena-robot-dog/modules/message/ros2/install/perception_msg:/opt/ros/foxy'), ('SHELL', '/bin/bash'), ('LC_NAME', 'zh_CN.UTF-8'), ('ROS_MASTER_URI', 'http://localhost:11311'), ('LESSCLOSE', '/usr/bin/lesspipe %s %s'), ('LC_MEASUREMENT', 'zh_CN.UTF-8'), ('LC_IDENTIFICATION', 'zh_CN.UTF-8'), ('VSCODE_GIT_ASKPASS_EXTRA_ARGS', ''), ('PWD', '/home/meizan/workspace/athena-robot-dog/modules/message/ros2/build/perception_msgs'), ('LC_ALL', 'en_US.UTF-8'), ('GEMINI_API_KEY', 'AIzaSyBkdyupdpVhL7Dd9iWMim7KX0N3CkFMDio'), ('SSH_CONNECTION', '192.168.2.173 58589 192.168.2.181 22'), ('XDG_DATA_DIRS', '/usr/local/share:/usr/share:/var/lib/snapd/desktop'), ('PYTHONPATH', '/home/meizan/workspace/athena-robot-dog/modules/message/ros2/install/perception_msg/lib/python3.8/site-packages:/opt/ros/foxy/lib/python3.8/site-packages'), ('ROS_HOSTNAME', 'localhost'), ('LC_NUMERIC', 'zh_CN.UTF-8'), ('LC_PAPER', 'zh_CN.UTF-8'), ('COLCON', '1'), ('CMAKE_PREFIX_PATH', '/home/meizan/workspace/athena-robot-dog/modules/message/ros2/install/perception_msg:/opt/ros/foxy')]), 'shell': False}
[8.093682] (perception_msgs) StdoutLine: {'line': b'-- Install configuration: ""\n'}
[8.094019] (perception_msgs) StdoutLine: {'line': b'-- Installing: /home/meizan/workspace/athena-robot-dog/modules/message/ros2/install/perception_msgs/share/ament_index/resource_index/rosidl_interfaces/perception_msgs\n'}
[8.094152] (perception_msgs) StdoutLine: {'line': b'-- Installing: /home/meizan/workspace/athena-robot-dog/modules/message/ros2/install/perception_msgs/include/perception_msgs\n'}
[8.094259] (perception_msgs) StdoutLine: {'line': b'-- Installing: /home/meizan/workspace/athena-robot-dog/modules/message/ros2/install/perception_msgs/include/perception_msgs/msg\n'}
[8.094363] (perception_msgs) StdoutLine: {'line': b'-- Installing: /home/meizan/workspace/athena-robot-dog/modules/message/ros2/install/perception_msgs/include/perception_msgs/msg/action_entry.h\n'}
[8.094451] (perception_msgs) StdoutLine: {'line': b'-- Installing: /home/meizan/workspace/athena-robot-dog/modules/message/ros2/install/perception_msgs/include/perception_msgs/msg/perc_req.h\n'}
[8.094550] (perception_msgs) StdoutLine: {'line': b'-- Installing: /home/meizan/workspace/athena-robot-dog/modules/message/ros2/install/perception_msgs/include/perception_msgs/msg/detail\n'}
[8.094636] (perception_msgs) StdoutLine: {'line': b'-- Installing: /home/meizan/workspace/athena-robot-dog/modules/message/ros2/install/perception_msgs/include/perception_msgs/msg/detail/action_entry__functions.h\n'}
[8.094735] (perception_msgs) StdoutLine: {'line': b'-- Installing: /home/meizan/workspace/athena-robot-dog/modules/message/ros2/install/perception_msgs/include/perception_msgs/msg/detail/action_entry__functions.c\n'}
[8.094836] (perception_msgs) StdoutLine: {'line': b'-- Installing: /home/meizan/workspace/athena-robot-dog/modules/message/ros2/install/perception_msgs/include/perception_msgs/msg/detail/perc_cmd__functions.h\n'}
[8.094925] (perception_msgs) StdoutLine: {'line': b'-- Installing: /home/meizan/workspace/athena-robot-dog/modules/message/ros2/install/perception_msgs/include/perception_msgs/msg/detail/dog_state__type_support.h\n'}
[8.095023] (perception_msgs) StdoutLine: {'line': b'-- Installing: /home/meizan/workspace/athena-robot-dog/modules/message/ros2/install/perception_msgs/include/perception_msgs/msg/detail/alarm_entry__functions.c\n'}
[8.095122] (perception_msgs) StdoutLine: {'line': b'-- Installing: /home/meizan/workspace/athena-robot-dog/modules/message/ros2/install/perception_msgs/include/perception_msgs/msg/detail/perc_cmd__functions.c\n'}
[8.095212] (perception_msgs) StdoutLine: {'line': b'-- Installing: /home/meizan/workspace/athena-robot-dog/modules/message/ros2/install/perception_msgs/include/perception_msgs/msg/detail/dog_state__functions.h\n'}
[8.095311] (perception_msgs) StdoutLine: {'line': b'-- Installing: /home/meizan/workspace/athena-robot-dog/modules/message/ros2/install/perception_msgs/include/perception_msgs/msg/detail/task_list__functions.h\n'}
[8.095400] (perception_msgs) StdoutLine: {'line': b'-- Installing: /home/meizan/workspace/athena-robot-dog/modules/message/ros2/install/perception_msgs/include/perception_msgs/msg/detail/perc_cmd__type_support.h\n'}
[8.095502] (perception_msgs) StdoutLine: {'line': b'-- Installing: /home/meizan/workspace/athena-robot-dog/modules/message/ros2/install/perception_msgs/include/perception_msgs/msg/detail/dog_state__struct.h\n'}
[8.095601] (perception_msgs) StdoutLine: {'line': b'-- Installing: /home/meizan/workspace/athena-robot-dog/modules/message/ros2/install/perception_msgs/include/perception_msgs/msg/detail/action_entry__type_support.h\n'}
[8.095688] (perception_msgs) StdoutLine: {'line': b'-- Installing: /home/meizan/workspace/athena-robot-dog/modules/message/ros2/install/perception_msgs/include/perception_msgs/msg/detail/dog_state__functions.c\n'}
[8.095785] (perception_msgs) StdoutLine: {'line': b'-- Installing: /home/meizan/workspace/athena-robot-dog/modules/message/ros2/install/perception_msgs/include/perception_msgs/msg/detail/perc_req__functions.c\n'}
[8.095874] (perception_msgs) StdoutLine: {'line': b'-- Installing: /home/meizan/workspace/athena-robot-dog/modules/message/ros2/install/perception_msgs/include/perception_msgs/msg/detail/perc_state__type_support.h\n'}
[8.095977] (perception_msgs) StdoutLine: {'line': b'-- Installing: /home/meizan/workspace/athena-robot-dog/modules/message/ros2/install/perception_msgs/include/perception_msgs/msg/detail/task_list__struct.h\n'}
[8.096080] (perception_msgs) StdoutLine: {'line': b'-- Installing: /home/meizan/workspace/athena-robot-dog/modules/message/ros2/install/perception_msgs/include/perception_msgs/msg/detail/perc_req__struct.h\n'}
[8.096179] (perception_msgs) StdoutLine: {'line': b'-- Installing: /home/meizan/workspace/athena-robot-dog/modules/message/ros2/install/perception_msgs/include/perception_msgs/msg/detail/alarm_entry__struct.h\n'}
[8.096269] (perception_msgs) StdoutLine: {'line': b'-- Installing: /home/meizan/workspace/athena-robot-dog/modules/message/ros2/install/perception_msgs/include/perception_msgs/msg/detail/perc_req__functions.h\n'}
[8.096379] (perception_msgs) StdoutLine: {'line': b'-- Installing: /home/meizan/workspace/athena-robot-dog/modules/message/ros2/install/perception_msgs/include/perception_msgs/msg/detail/action_entry__struct.h\n'}
[8.096469] (perception_msgs) StdoutLine: {'line': b'-- Installing: /home/meizan/workspace/athena-robot-dog/modules/message/ros2/install/perception_msgs/include/perception_msgs/msg/detail/perc_req__type_support.h\n'}
[8.096564] (perception_msgs) StdoutLine: {'line': b'-- Installing: /home/meizan/workspace/athena-robot-dog/modules/message/ros2/install/perception_msgs/include/perception_msgs/msg/detail/perc_state__functions.h\n'}
[8.096657] (perception_msgs) StdoutLine: {'line': b'-- Installing: /home/meizan/workspace/athena-robot-dog/modules/message/ros2/install/perception_msgs/include/perception_msgs/msg/detail/alarm_entry__type_support.h\n'}
[8.096748] (perception_msgs) StdoutLine: {'line': b'-- Installing: /home/meizan/workspace/athena-robot-dog/modules/message/ros2/install/perception_msgs/include/perception_msgs/msg/detail/perc_state__struct.h\n'}
[8.096829] (perception_msgs) StdoutLine: {'line': b'-- Installing: /home/meizan/workspace/athena-robot-dog/modules/message/ros2/install/perception_msgs/include/perception_msgs/msg/detail/perc_state__functions.c\n'}
[8.096902] (perception_msgs) StdoutLine: {'line': b'-- Installing: /home/meizan/workspace/athena-robot-dog/modules/message/ros2/install/perception_msgs/include/perception_msgs/msg/detail/perc_cmd__struct.h\n'}
[8.097020] (perception_msgs) StdoutLine: {'line': b'-- Installing: /home/meizan/workspace/athena-robot-dog/modules/message/ros2/install/perception_msgs/include/perception_msgs/msg/detail/alarm_entry__functions.h\n'}
[8.097119] (perception_msgs) StdoutLine: {'line': b'-- Installing: /home/meizan/workspace/athena-robot-dog/modules/message/ros2/install/perception_msgs/include/perception_msgs/msg/detail/task_list__functions.c\n'}
[8.097218] (perception_msgs) StdoutLine: {'line': b'-- Installing: /home/meizan/workspace/athena-robot-dog/modules/message/ros2/install/perception_msgs/include/perception_msgs/msg/detail/task_list__type_support.h\n'}
[8.097319] (perception_msgs) StdoutLine: {'line': b'-- Installing: /home/meizan/workspace/athena-robot-dog/modules/message/ros2/install/perception_msgs/include/perception_msgs/msg/dog_state.h\n'}
[8.097418] (perception_msgs) StdoutLine: {'line': b'-- Installing: /home/meizan/workspace/athena-robot-dog/modules/message/ros2/install/perception_msgs/include/perception_msgs/msg/perc_cmd.h\n'}
[8.097508] (perception_msgs) StdoutLine: {'line': b'-- Installing: /home/meizan/workspace/athena-robot-dog/modules/message/ros2/install/perception_msgs/include/perception_msgs/msg/perc_state.h\n'}
[8.097620] (perception_msgs) StdoutLine: {'line': b'-- Installing: /home/meizan/workspace/athena-robot-dog/modules/message/ros2/install/perception_msgs/include/perception_msgs/msg/task_list.h\n'}
[8.097708] (perception_msgs) StdoutLine: {'line': b'-- Installing: /home/meizan/workspace/athena-robot-dog/modules/message/ros2/install/perception_msgs/include/perception_msgs/msg/rosidl_generator_c__visibility_control.h\n'}
[8.097800] (perception_msgs) StdoutLine: {'line': b'-- Installing: /home/meizan/workspace/athena-robot-dog/modules/message/ros2/install/perception_msgs/include/perception_msgs/msg/alarm_entry.h\n'}
[8.097873] (perception_msgs) StdoutLine: {'line': b'-- Installing: /home/meizan/workspace/athena-robot-dog/modules/message/ros2/install/perception_msgs/include/perception_msgs/srv\n'}
[8.097946] (perception_msgs) StdoutLine: {'line': b'-- Installing: /home/meizan/workspace/athena-robot-dog/modules/message/ros2/install/perception_msgs/include/perception_msgs/srv/detail\n'}
[8.098084] (perception_msgs) StdoutLine: {'line': b'-- Installing: /home/meizan/workspace/athena-robot-dog/modules/message/ros2/install/perception_msgs/include/perception_msgs/srv/detail/dog_record_bag__functions.h\n'}
[8.098188] (perception_msgs) StdoutLine: {'line': b'-- Installing: /home/meizan/workspace/athena-robot-dog/modules/message/ros2/install/perception_msgs/include/perception_msgs/srv/detail/dog_record_bag__functions.c\n'}
[8.098286] (perception_msgs) StdoutLine: {'line': b'-- Installing: /home/meizan/workspace/athena-robot-dog/modules/message/ros2/install/perception_msgs/include/perception_msgs/srv/detail/dog_record_bag__type_support.h\n'}
[8.098375] (perception_msgs) StdoutLine: {'line': b'-- Installing: /home/meizan/workspace/athena-robot-dog/modules/message/ros2/install/perception_msgs/include/perception_msgs/srv/detail/dog_record_bag__struct.h\n'}
[8.098474] (perception_msgs) StdoutLine: {'line': b'-- Installing: /home/meizan/workspace/athena-robot-dog/modules/message/ros2/install/perception_msgs/include/perception_msgs/srv/dog_record_bag.h\n'}
[8.098565] (perception_msgs) StdoutLine: {'line': b'-- Installing: /home/meizan/workspace/athena-robot-dog/modules/message/ros2/install/perception_msgs/share/perception_msgs/environment/library_path.sh\n'}
[8.098688] (perception_msgs) StdoutLine: {'line': b'-- Installing: /home/meizan/workspace/athena-robot-dog/modules/message/ros2/install/perception_msgs/share/perception_msgs/environment/library_path.dsv\n'}
[8.098778] (perception_msgs) StdoutLine: {'line': b'-- Installing: /home/meizan/workspace/athena-robot-dog/modules/message/ros2/install/perception_msgs/lib/libperception_msgs__rosidl_generator_c.so\n'}
[8.098868] (perception_msgs) StdoutLine: {'line': b'-- Set non-toolchain portion of runtime path of "/home/meizan/workspace/athena-robot-dog/modules/message/ros2/install/perception_msgs/lib/libperception_msgs__rosidl_generator_c.so" to ""\n'}
[8.098947] (perception_msgs) StdoutLine: {'line': b'-- Up-to-date: /home/meizan/workspace/athena-robot-dog/modules/message/ros2/install/perception_msgs/include/perception_msgs\n'}
[8.099024] (perception_msgs) StdoutLine: {'line': b'-- Up-to-date: /home/meizan/workspace/athena-robot-dog/modules/message/ros2/install/perception_msgs/include/perception_msgs/msg\n'}
[8.099119] (perception_msgs) StdoutLine: {'line': b'-- Installing: /home/meizan/workspace/athena-robot-dog/modules/message/ros2/install/perception_msgs/include/perception_msgs/msg/rosidl_typesupport_fastrtps_c__visibility_control.h\n'}
[8.099240] (perception_msgs) StdoutLine: {'line': b'-- Up-to-date: /home/meizan/workspace/athena-robot-dog/modules/message/ros2/install/perception_msgs/include/perception_msgs/msg/detail\n'}
[8.099331] (perception_msgs) StdoutLine: {'line': b'-- Installing: /home/meizan/workspace/athena-robot-dog/modules/message/ros2/install/perception_msgs/include/perception_msgs/msg/detail/perc_state__rosidl_typesupport_fastrtps_c.h\n'}
[8.099433] (perception_msgs) StdoutLine: {'line': b'-- Installing: /home/meizan/workspace/athena-robot-dog/modules/message/ros2/install/perception_msgs/include/perception_msgs/msg/detail/alarm_entry__rosidl_typesupport_fastrtps_c.h\n'}
[8.099522] (perception_msgs) StdoutLine: {'line': b'-- Installing: /home/meizan/workspace/athena-robot-dog/modules/message/ros2/install/perception_msgs/include/perception_msgs/msg/detail/perc_req__rosidl_typesupport_fastrtps_c.h\n'}
[8.099620] (perception_msgs) StdoutLine: {'line': b'-- Installing: /home/meizan/workspace/athena-robot-dog/modules/message/ros2/install/perception_msgs/include/perception_msgs/msg/detail/task_list__rosidl_typesupport_fastrtps_c.h\n'}
[8.099711] (perception_msgs) StdoutLine: {'line': b'-- Installing: /home/meizan/workspace/athena-robot-dog/modules/message/ros2/install/perception_msgs/include/perception_msgs/msg/detail/dog_state__rosidl_typesupport_fastrtps_c.h\n'}
[8.099812] (perception_msgs) StdoutLine: {'line': b'-- Installing: /home/meizan/workspace/athena-robot-dog/modules/message/ros2/install/perception_msgs/include/perception_msgs/msg/detail/action_entry__rosidl_typesupport_fastrtps_c.h\n'}
[8.099905] (perception_msgs) StdoutLine: {'line': b'-- Installing: /home/meizan/workspace/athena-robot-dog/modules/message/ros2/install/perception_msgs/include/perception_msgs/msg/detail/perc_cmd__rosidl_typesupport_fastrtps_c.h\n'}
[8.100005] (perception_msgs) StdoutLine: {'line': b'-- Up-to-date: /home/meizan/workspace/athena-robot-dog/modules/message/ros2/install/perception_msgs/include/perception_msgs/srv\n'}
[8.100093] (perception_msgs) StdoutLine: {'line': b'-- Up-to-date: /home/meizan/workspace/athena-robot-dog/modules/message/ros2/install/perception_msgs/include/perception_msgs/srv/detail\n'}
[8.100198] (perception_msgs) StdoutLine: {'line': b'-- Installing: /home/meizan/workspace/athena-robot-dog/modules/message/ros2/install/perception_msgs/include/perception_msgs/srv/detail/dog_record_bag__rosidl_typesupport_fastrtps_c.h\n'}
[8.100294] (perception_msgs) StdoutLine: {'line': b'-- Installing: /home/meizan/workspace/athena-robot-dog/modules/message/ros2/install/perception_msgs/lib/libperception_msgs__rosidl_typesupport_fastrtps_c.so\n'}
[8.100367] (perception_msgs) StdoutLine: {'line': b'-- Set non-toolchain portion of runtime path of "/home/meizan/workspace/athena-robot-dog/modules/message/ros2/install/perception_msgs/lib/libperception_msgs__rosidl_typesupport_fastrtps_c.so" to ""\n'}
[8.100457] (perception_msgs) StdoutLine: {'line': b'-- Up-to-date: /home/meizan/workspace/athena-robot-dog/modules/message/ros2/install/perception_msgs/include/perception_msgs\n'}
[8.100529] (perception_msgs) StdoutLine: {'line': b'-- Up-to-date: /home/meizan/workspace/athena-robot-dog/modules/message/ros2/install/perception_msgs/include/perception_msgs/msg\n'}
[8.100630] (perception_msgs) StdoutLine: {'line': b'-- Up-to-date: /home/meizan/workspace/athena-robot-dog/modules/message/ros2/install/perception_msgs/include/perception_msgs/msg/detail\n'}
[8.100703] (perception_msgs) StdoutLine: {'line': b'-- Installing: /home/meizan/workspace/athena-robot-dog/modules/message/ros2/install/perception_msgs/include/perception_msgs/msg/detail/alarm_entry__rosidl_typesupport_fastrtps_cpp.hpp\n'}
[8.100788] (perception_msgs) StdoutLine: {'line': b'-- Installing: /home/meizan/workspace/athena-robot-dog/modules/message/ros2/install/perception_msgs/include/perception_msgs/msg/detail/action_entry__rosidl_typesupport_fastrtps_cpp.hpp\n'}
[8.100917] (perception_msgs) StdoutLine: {'line': b'-- Installing: /home/meizan/workspace/athena-robot-dog/modules/message/ros2/install/perception_msgs/include/perception_msgs/msg/detail/perc_state__rosidl_typesupport_fastrtps_cpp.hpp\n'}
[8.101031] (perception_msgs) StdoutLine: {'line': b'-- Installing: /home/meizan/workspace/athena-robot-dog/modules/message/ros2/install/perception_msgs/include/perception_msgs/msg/detail/dog_state__rosidl_typesupport_fastrtps_cpp.hpp\n'}
[8.101140] (perception_msgs) StdoutLine: {'line': b'-- Installing: /home/meizan/workspace/athena-robot-dog/modules/message/ros2/install/perception_msgs/include/perception_msgs/msg/detail/perc_cmd__rosidl_typesupport_fastrtps_cpp.hpp\n'}
[8.101233] (perception_msgs) StdoutLine: {'line': b'-- Installing: /home/meizan/workspace/athena-robot-dog/modules/message/ros2/install/perception_msgs/include/perception_msgs/msg/detail/task_list__rosidl_typesupport_fastrtps_cpp.hpp\n'}
[8.101329] (perception_msgs) StdoutLine: {'line': b'-- Installing: /home/meizan/workspace/athena-robot-dog/modules/message/ros2/install/perception_msgs/include/perception_msgs/msg/detail/dds_fastrtps\n'}
[8.101412] (perception_msgs) StdoutLine: {'line': b'-- Installing: /home/meizan/workspace/athena-robot-dog/modules/message/ros2/install/perception_msgs/include/perception_msgs/msg/detail/perc_req__rosidl_typesupport_fastrtps_cpp.hpp\n'}
[8.101504] (perception_msgs) StdoutLine: {'line': b'-- Installing: /home/meizan/workspace/athena-robot-dog/modules/message/ros2/install/perception_msgs/include/perception_msgs/msg/rosidl_typesupport_fastrtps_cpp__visibility_control.h\n'}
[8.101595] (perception_msgs) StdoutLine: {'line': b'-- Up-to-date: /home/meizan/workspace/athena-robot-dog/modules/message/ros2/install/perception_msgs/include/perception_msgs/srv\n'}
[8.101685] (perception_msgs) StdoutLine: {'line': b'-- Up-to-date: /home/meizan/workspace/athena-robot-dog/modules/message/ros2/install/perception_msgs/include/perception_msgs/srv/detail\n'}
[8.101769] (perception_msgs) StdoutLine: {'line': b'-- Installing: /home/meizan/workspace/athena-robot-dog/modules/message/ros2/install/perception_msgs/include/perception_msgs/srv/detail/dds_fastrtps\n'}
[8.101862] (perception_msgs) StdoutLine: {'line': b'-- Installing: /home/meizan/workspace/athena-robot-dog/modules/message/ros2/install/perception_msgs/include/perception_msgs/srv/detail/dog_record_bag__rosidl_typesupport_fastrtps_cpp.hpp\n'}
[8.101952] (perception_msgs) StdoutLine: {'line': b'-- Installing: /home/meizan/workspace/athena-robot-dog/modules/message/ros2/install/perception_msgs/lib/libperception_msgs__rosidl_typesupport_fastrtps_cpp.so\n'}
[8.102037] (perception_msgs) StdoutLine: {'line': b'-- Set non-toolchain portion of runtime path of "/home/meizan/workspace/athena-robot-dog/modules/message/ros2/install/perception_msgs/lib/libperception_msgs__rosidl_typesupport_fastrtps_cpp.so" to ""\n'}
[8.102128] (perception_msgs) StdoutLine: {'line': b'-- Up-to-date: /home/meizan/workspace/athena-robot-dog/modules/message/ros2/install/perception_msgs/include/perception_msgs\n'}
[8.102220] (perception_msgs) StdoutLine: {'line': b'-- Up-to-date: /home/meizan/workspace/athena-robot-dog/modules/message/ros2/install/perception_msgs/include/perception_msgs/msg\n'}
[8.102303] (perception_msgs) StdoutLine: {'line': b'-- Up-to-date: /home/meizan/workspace/athena-robot-dog/modules/message/ros2/install/perception_msgs/include/perception_msgs/msg/detail\n'}
[8.102401] (perception_msgs) StdoutLine: {'line': b'-- Installing: /home/meizan/workspace/athena-robot-dog/modules/message/ros2/install/perception_msgs/include/perception_msgs/msg/detail/task_list__rosidl_typesupport_introspection_c.h\n'}
[8.102492] (perception_msgs) StdoutLine: {'line': b'-- Installing: /home/meizan/workspace/athena-robot-dog/modules/message/ros2/install/perception_msgs/include/perception_msgs/msg/detail/action_entry__type_support.c\n'}
[8.102582] (perception_msgs) StdoutLine: {'line': b'-- Installing: /home/meizan/workspace/athena-robot-dog/modules/message/ros2/install/perception_msgs/include/perception_msgs/msg/detail/action_entry__rosidl_typesupport_introspection_c.h\n'}
[8.102673] (perception_msgs) StdoutLine: {'line': b'-- Installing: /home/meizan/workspace/athena-robot-dog/modules/message/ros2/install/perception_msgs/include/perception_msgs/msg/detail/dog_state__type_support.c\n'}
[8.102763] (perception_msgs) StdoutLine: {'line': b'-- Installing: /home/meizan/workspace/athena-robot-dog/modules/message/ros2/install/perception_msgs/include/perception_msgs/msg/detail/alarm_entry__type_support.c\n'}
[8.102856] (perception_msgs) StdoutLine: {'line': b'-- Installing: /home/meizan/workspace/athena-robot-dog/modules/message/ros2/install/perception_msgs/include/perception_msgs/msg/detail/perc_req__rosidl_typesupport_introspection_c.h\n'}
[8.102945] (perception_msgs) StdoutLine: {'line': b'-- Installing: /home/meizan/workspace/athena-robot-dog/modules/message/ros2/install/perception_msgs/include/perception_msgs/msg/detail/perc_cmd__type_support.c\n'}
[8.103035] (perception_msgs) StdoutLine: {'line': b'-- Installing: /home/meizan/workspace/athena-robot-dog/modules/message/ros2/install/perception_msgs/include/perception_msgs/msg/detail/dog_state__rosidl_typesupport_introspection_c.h\n'}
[8.103117] (perception_msgs) StdoutLine: {'line': b'-- Installing: /home/meizan/workspace/athena-robot-dog/modules/message/ros2/install/perception_msgs/include/perception_msgs/msg/detail/alarm_entry__rosidl_typesupport_introspection_c.h\n'}
[8.103211] (perception_msgs) StdoutLine: {'line': b'-- Installing: /home/meizan/workspace/athena-robot-dog/modules/message/ros2/install/perception_msgs/include/perception_msgs/msg/detail/perc_req__type_support.c\n'}
[8.103299] (perception_msgs) StdoutLine: {'line': b'-- Installing: /home/meizan/workspace/athena-robot-dog/modules/message/ros2/install/perception_msgs/include/perception_msgs/msg/detail/perc_state__type_support.c\n'}
[8.103391] (perception_msgs) StdoutLine: {'line': b'-- Installing: /home/meizan/workspace/athena-robot-dog/modules/message/ros2/install/perception_msgs/include/perception_msgs/msg/detail/task_list__type_support.c\n'}
[8.103482] (perception_msgs) StdoutLine: {'line': b'-- Installing: /home/meizan/workspace/athena-robot-dog/modules/message/ros2/install/perception_msgs/include/perception_msgs/msg/detail/perc_state__rosidl_typesupport_introspection_c.h\n'}
[8.103577] (perception_msgs) StdoutLine: {'line': b'-- Installing: /home/meizan/workspace/athena-robot-dog/modules/message/ros2/install/perception_msgs/include/perception_msgs/msg/detail/perc_cmd__rosidl_typesupport_introspection_c.h\n'}
[8.103660] (perception_msgs) StdoutLine: {'line': b'-- Installing: /home/meizan/workspace/athena-robot-dog/modules/message/ros2/install/perception_msgs/include/perception_msgs/msg/rosidl_typesupport_introspection_c__visibility_control.h\n'}
[8.103750] (perception_msgs) StdoutLine: {'line': b'-- Up-to-date: /home/meizan/workspace/athena-robot-dog/modules/message/ros2/install/perception_msgs/include/perception_msgs/srv\n'}
[8.103841] (perception_msgs) StdoutLine: {'line': b'-- Up-to-date: /home/meizan/workspace/athena-robot-dog/modules/message/ros2/install/perception_msgs/include/perception_msgs/srv/detail\n'}
[8.103937] (perception_msgs) StdoutLine: {'line': b'-- Installing: /home/meizan/workspace/athena-robot-dog/modules/message/ros2/install/perception_msgs/include/perception_msgs/srv/detail/dog_record_bag__type_support.c\n'}
[8.104021] (perception_msgs) StdoutLine: {'line': b'-- Installing: /home/meizan/workspace/athena-robot-dog/modules/message/ros2/install/perception_msgs/include/perception_msgs/srv/detail/dog_record_bag__rosidl_typesupport_introspection_c.h\n'}
[8.104103] (perception_msgs) StdoutLine: {'line': b'-- Installing: /home/meizan/workspace/athena-robot-dog/modules/message/ros2/install/perception_msgs/lib/libperception_msgs__rosidl_typesupport_introspection_c.so\n'}
[8.104176] (perception_msgs) StdoutLine: {'line': b'-- Set non-toolchain portion of runtime path of "/home/meizan/workspace/athena-robot-dog/modules/message/ros2/install/perception_msgs/lib/libperception_msgs__rosidl_typesupport_introspection_c.so" to ""\n'}
[8.104252] (perception_msgs) StdoutLine: {'line': b'-- Installing: /home/meizan/workspace/athena-robot-dog/modules/message/ros2/install/perception_msgs/lib/libperception_msgs__rosidl_typesupport_c.so\n'}
[8.104334] (perception_msgs) StdoutLine: {'line': b'-- Set non-toolchain portion of runtime path of "/home/meizan/workspace/athena-robot-dog/modules/message/ros2/install/perception_msgs/lib/libperception_msgs__rosidl_typesupport_c.so" to ""\n'}
[8.104416] (perception_msgs) StdoutLine: {'line': b'-- Up-to-date: /home/meizan/workspace/athena-robot-dog/modules/message/ros2/install/perception_msgs/include/perception_msgs\n'}
[8.104488] (perception_msgs) StdoutLine: {'line': b'-- Up-to-date: /home/meizan/workspace/athena-robot-dog/modules/message/ros2/install/perception_msgs/include/perception_msgs/msg\n'}
[8.104577] (perception_msgs) StdoutLine: {'line': b'-- Installing: /home/meizan/workspace/athena-robot-dog/modules/message/ros2/install/perception_msgs/include/perception_msgs/msg/perc_req.hpp\n'}
[8.104659] (perception_msgs) StdoutLine: {'line': b'-- Up-to-date: /home/meizan/workspace/athena-robot-dog/modules/message/ros2/install/perception_msgs/include/perception_msgs/msg/detail\n'}
[8.104741] (perception_msgs) StdoutLine: {'line': b'-- Installing: /home/meizan/workspace/athena-robot-dog/modules/message/ros2/install/perception_msgs/include/perception_msgs/msg/detail/alarm_entry__builder.hpp\n'}
[8.104813] (perception_msgs) StdoutLine: {'line': b'-- Installing: /home/meizan/workspace/athena-robot-dog/modules/message/ros2/install/perception_msgs/include/perception_msgs/msg/detail/task_list__struct.hpp\n'}
[8.104891] (perception_msgs) StdoutLine: {'line': b'-- Installing: /home/meizan/workspace/athena-robot-dog/modules/message/ros2/install/perception_msgs/include/perception_msgs/msg/detail/action_entry__struct.hpp\n'}
[8.104965] (perception_msgs) StdoutLine: {'line': b'-- Installing: /home/meizan/workspace/athena-robot-dog/modules/message/ros2/install/perception_msgs/include/perception_msgs/msg/detail/task_list__type_support.hpp\n'}
[8.105047] (perception_msgs) StdoutLine: {'line': b'-- Installing: /home/meizan/workspace/athena-robot-dog/modules/message/ros2/install/perception_msgs/include/perception_msgs/msg/detail/perc_state__struct.hpp\n'}
[8.105124] (perception_msgs) StdoutLine: {'line': b'-- Installing: /home/meizan/workspace/athena-robot-dog/modules/message/ros2/install/perception_msgs/include/perception_msgs/msg/detail/perc_req__builder.hpp\n'}
[8.105197] (perception_msgs) StdoutLine: {'line': b'-- Installing: /home/meizan/workspace/athena-robot-dog/modules/message/ros2/install/perception_msgs/include/perception_msgs/msg/detail/task_list__traits.hpp\n'}
[8.105268] (perception_msgs) StdoutLine: {'line': b'-- Installing: /home/meizan/workspace/athena-robot-dog/modules/message/ros2/install/perception_msgs/include/perception_msgs/msg/detail/action_entry__type_support.hpp\n'}
[8.105344] (perception_msgs) StdoutLine: {'line': b'-- Installing: /home/meizan/workspace/athena-robot-dog/modules/message/ros2/install/perception_msgs/include/perception_msgs/msg/detail/perc_cmd__traits.hpp\n'}
[8.105414] (perception_msgs) StdoutLine: {'line': b'-- Installing: /home/meizan/workspace/athena-robot-dog/modules/message/ros2/install/perception_msgs/include/perception_msgs/msg/detail/action_entry__traits.hpp\n'}
[8.105491] (perception_msgs) StdoutLine: {'line': b'-- Installing: /home/meizan/workspace/athena-robot-dog/modules/message/ros2/install/perception_msgs/include/perception_msgs/msg/detail/perc_req__traits.hpp\n'}
[8.105565] (perception_msgs) StdoutLine: {'line': b'-- Installing: /home/meizan/workspace/athena-robot-dog/modules/message/ros2/install/perception_msgs/include/perception_msgs/msg/detail/alarm_entry__traits.hpp\n'}
[8.105638] (perception_msgs) StdoutLine: {'line': b'-- Installing: /home/meizan/workspace/athena-robot-dog/modules/message/ros2/install/perception_msgs/include/perception_msgs/msg/detail/perc_cmd__type_support.hpp\n'}
[8.105711] (perception_msgs) StdoutLine: {'line': b'-- Installing: /home/meizan/workspace/athena-robot-dog/modules/message/ros2/install/perception_msgs/include/perception_msgs/msg/detail/perc_state__builder.hpp\n'}
[8.105783] (perception_msgs) StdoutLine: {'line': b'-- Installing: /home/meizan/workspace/athena-robot-dog/modules/message/ros2/install/perception_msgs/include/perception_msgs/msg/detail/dog_state__traits.hpp\n'}
[8.105855] (perception_msgs) StdoutLine: {'line': b'-- Installing: /home/meizan/workspace/athena-robot-dog/modules/message/ros2/install/perception_msgs/include/perception_msgs/msg/detail/perc_cmd__builder.hpp\n'}
[8.105927] (perception_msgs) StdoutLine: {'line': b'-- Installing: /home/meizan/workspace/athena-robot-dog/modules/message/ros2/install/perception_msgs/include/perception_msgs/msg/detail/dog_state__struct.hpp\n'}
[8.106000] (perception_msgs) StdoutLine: {'line': b'-- Installing: /home/meizan/workspace/athena-robot-dog/modules/message/ros2/install/perception_msgs/include/perception_msgs/msg/detail/perc_req__type_support.hpp\n'}
[8.106073] (perception_msgs) StdoutLine: {'line': b'-- Installing: /home/meizan/workspace/athena-robot-dog/modules/message/ros2/install/perception_msgs/include/perception_msgs/msg/detail/perc_state__traits.hpp\n'}
[8.106144] (perception_msgs) StdoutLine: {'line': b'-- Installing: /home/meizan/workspace/athena-robot-dog/modules/message/ros2/install/perception_msgs/include/perception_msgs/msg/detail/action_entry__builder.hpp\n'}
[8.106226] (perception_msgs) StdoutLine: {'line': b'-- Installing: /home/meizan/workspace/athena-robot-dog/modules/message/ros2/install/perception_msgs/include/perception_msgs/msg/detail/dog_state__type_support.hpp\n'}
[8.106301] (perception_msgs) StdoutLine: {'line': b'-- Installing: /home/meizan/workspace/athena-robot-dog/modules/message/ros2/install/perception_msgs/include/perception_msgs/msg/detail/perc_req__struct.hpp\n'}
[8.106373] (perception_msgs) StdoutLine: {'line': b'-- Installing: /home/meizan/workspace/athena-robot-dog/modules/message/ros2/install/perception_msgs/include/perception_msgs/msg/detail/alarm_entry__type_support.hpp\n'}
[8.106444] (perception_msgs) StdoutLine: {'line': b'-- Installing: /home/meizan/workspace/athena-robot-dog/modules/message/ros2/install/perception_msgs/include/perception_msgs/msg/detail/task_list__builder.hpp\n'}
[8.106516] (perception_msgs) StdoutLine: {'line': b'-- Installing: /home/meizan/workspace/athena-robot-dog/modules/message/ros2/install/perception_msgs/include/perception_msgs/msg/detail/dog_state__builder.hpp\n'}
[8.106588] (perception_msgs) StdoutLine: {'line': b'-- Installing: /home/meizan/workspace/athena-robot-dog/modules/message/ros2/install/perception_msgs/include/perception_msgs/msg/detail/perc_state__type_support.hpp\n'}
[8.106661] (perception_msgs) StdoutLine: {'line': b'-- Installing: /home/meizan/workspace/athena-robot-dog/modules/message/ros2/install/perception_msgs/include/perception_msgs/msg/detail/perc_cmd__struct.hpp\n'}
[8.106732] (perception_msgs) StdoutLine: {'line': b'-- Installing: /home/meizan/workspace/athena-robot-dog/modules/message/ros2/install/perception_msgs/include/perception_msgs/msg/detail/alarm_entry__struct.hpp\n'}
[8.106804] (perception_msgs) StdoutLine: {'line': b'-- Installing: /home/meizan/workspace/athena-robot-dog/modules/message/ros2/install/perception_msgs/include/perception_msgs/msg/alarm_entry.hpp\n'}
[8.106875] (perception_msgs) StdoutLine: {'line': b'-- Installing: /home/meizan/workspace/athena-robot-dog/modules/message/ros2/install/perception_msgs/include/perception_msgs/msg/action_entry.hpp\n'}
[8.106945] (perception_msgs) StdoutLine: {'line': b'-- Installing: /home/meizan/workspace/athena-robot-dog/modules/message/ros2/install/perception_msgs/include/perception_msgs/msg/task_list.hpp\n'}
[8.107016] (perception_msgs) StdoutLine: {'line': b'-- Installing: /home/meizan/workspace/athena-robot-dog/modules/message/ros2/install/perception_msgs/include/perception_msgs/msg/dog_state.hpp\n'}
[8.107088] (perception_msgs) StdoutLine: {'line': b'-- Installing: /home/meizan/workspace/athena-robot-dog/modules/message/ros2/install/perception_msgs/include/perception_msgs/msg/perc_cmd.hpp\n'}
[8.107173] (perception_msgs) StdoutLine: {'line': b'-- Installing: /home/meizan/workspace/athena-robot-dog/modules/message/ros2/install/perception_msgs/include/perception_msgs/msg/rosidl_generator_cpp__visibility_control.hpp\n'}
[8.107247] (perception_msgs) StdoutLine: {'line': b'-- Installing: /home/meizan/workspace/athena-robot-dog/modules/message/ros2/install/perception_msgs/include/perception_msgs/msg/perc_state.hpp\n'}
[8.107318] (perception_msgs) StdoutLine: {'line': b'-- Up-to-date: /home/meizan/workspace/athena-robot-dog/modules/message/ros2/install/perception_msgs/include/perception_msgs/srv\n'}
[8.107390] (perception_msgs) StdoutLine: {'line': b'-- Up-to-date: /home/meizan/workspace/athena-robot-dog/modules/message/ros2/install/perception_msgs/include/perception_msgs/srv/detail\n'}
[8.107465] (perception_msgs) StdoutLine: {'line': b'-- Installing: /home/meizan/workspace/athena-robot-dog/modules/message/ros2/install/perception_msgs/include/perception_msgs/srv/detail/dog_record_bag__type_support.hpp\n'}
[8.107542] (perception_msgs) StdoutLine: {'line': b'-- Installing: /home/meizan/workspace/athena-robot-dog/modules/message/ros2/install/perception_msgs/include/perception_msgs/srv/detail/dog_record_bag__builder.hpp\n'}
[8.107613] (perception_msgs) StdoutLine: {'line': b'-- Installing: /home/meizan/workspace/athena-robot-dog/modules/message/ros2/install/perception_msgs/include/perception_msgs/srv/detail/dog_record_bag__struct.hpp\n'}
[8.107687] (perception_msgs) StdoutLine: {'line': b'-- Installing: /home/meizan/workspace/athena-robot-dog/modules/message/ros2/install/perception_msgs/include/perception_msgs/srv/detail/dog_record_bag__traits.hpp\n'}
[8.107758] (perception_msgs) StdoutLine: {'line': b'-- Installing: /home/meizan/workspace/athena-robot-dog/modules/message/ros2/install/perception_msgs/include/perception_msgs/srv/dog_record_bag.hpp\n'}
[8.107831] (perception_msgs) StdoutLine: {'line': b'-- Up-to-date: /home/meizan/workspace/athena-robot-dog/modules/message/ros2/install/perception_msgs/include/perception_msgs\n'}
[8.107903] (perception_msgs) StdoutLine: {'line': b'-- Up-to-date: /home/meizan/workspace/athena-robot-dog/modules/message/ros2/install/perception_msgs/include/perception_msgs/msg\n'}
[8.107979] (perception_msgs) StdoutLine: {'line': b'-- Up-to-date: /home/meizan/workspace/athena-robot-dog/modules/message/ros2/install/perception_msgs/include/perception_msgs/msg/detail\n'}
[8.108051] (perception_msgs) StdoutLine: {'line': b'-- Installing: /home/meizan/workspace/athena-robot-dog/modules/message/ros2/install/perception_msgs/include/perception_msgs/msg/detail/perc_state__type_support.cpp\n'}
[8.108125] (perception_msgs) StdoutLine: {'line': b'-- Installing: /home/meizan/workspace/athena-robot-dog/modules/message/ros2/install/perception_msgs/include/perception_msgs/msg/detail/alarm_entry__rosidl_typesupport_introspection_cpp.hpp\n'}
[8.108198] (perception_msgs) StdoutLine: {'line': b'-- Installing: /home/meizan/workspace/athena-robot-dog/modules/message/ros2/install/perception_msgs/include/perception_msgs/msg/detail/perc_req__rosidl_typesupport_introspection_cpp.hpp\n'}
[8.108270] (perception_msgs) StdoutLine: {'line': b'-- Installing: /home/meizan/workspace/athena-robot-dog/modules/message/ros2/install/perception_msgs/include/perception_msgs/msg/detail/task_list__rosidl_typesupport_introspection_cpp.hpp\n'}
[8.108343] (perception_msgs) StdoutLine: {'line': b'-- Installing: /home/meizan/workspace/athena-robot-dog/modules/message/ros2/install/perception_msgs/include/perception_msgs/msg/detail/perc_cmd__rosidl_typesupport_introspection_cpp.hpp\n'}
[8.108415] (perception_msgs) StdoutLine: {'line': b'-- Installing: /home/meizan/workspace/athena-robot-dog/modules/message/ros2/install/perception_msgs/include/perception_msgs/msg/detail/dog_state__type_support.cpp\n'}
[8.108487] (perception_msgs) StdoutLine: {'line': b'-- Installing: /home/meizan/workspace/athena-robot-dog/modules/message/ros2/install/perception_msgs/include/perception_msgs/msg/detail/perc_cmd__type_support.cpp\n'}
[8.108557] (perception_msgs) StdoutLine: {'line': b'-- Installing: /home/meizan/workspace/athena-robot-dog/modules/message/ros2/install/perception_msgs/include/perception_msgs/msg/detail/perc_req__type_support.cpp\n'}
[8.108628] (perception_msgs) StdoutLine: {'line': b'-- Installing: /home/meizan/workspace/athena-robot-dog/modules/message/ros2/install/perception_msgs/include/perception_msgs/msg/detail/action_entry__rosidl_typesupport_introspection_cpp.hpp\n'}
[8.108700] (perception_msgs) StdoutLine: {'line': b'-- Installing: /home/meizan/workspace/athena-robot-dog/modules/message/ros2/install/perception_msgs/include/perception_msgs/msg/detail/action_entry__type_support.cpp\n'}
[8.108770] (perception_msgs) StdoutLine: {'line': b'-- Installing: /home/meizan/workspace/athena-robot-dog/modules/message/ros2/install/perception_msgs/include/perception_msgs/msg/detail/dog_state__rosidl_typesupport_introspection_cpp.hpp\n'}
[8.108841] (perception_msgs) StdoutLine: {'line': b'-- Installing: /home/meizan/workspace/athena-robot-dog/modules/message/ros2/install/perception_msgs/include/perception_msgs/msg/detail/task_list__type_support.cpp\n'}
[8.108916] (perception_msgs) StdoutLine: {'line': b'-- Installing: /home/meizan/workspace/athena-robot-dog/modules/message/ros2/install/perception_msgs/include/perception_msgs/msg/detail/alarm_entry__type_support.cpp\n'}
[8.108997] (perception_msgs) StdoutLine: {'line': b'-- Installing: /home/meizan/workspace/athena-robot-dog/modules/message/ros2/install/perception_msgs/include/perception_msgs/msg/detail/perc_state__rosidl_typesupport_introspection_cpp.hpp\n'}
[8.109079] (perception_msgs) StdoutLine: {'line': b'-- Up-to-date: /home/meizan/workspace/athena-robot-dog/modules/message/ros2/install/perception_msgs/include/perception_msgs/srv\n'}
[8.109152] (perception_msgs) StdoutLine: {'line': b'-- Up-to-date: /home/meizan/workspace/athena-robot-dog/modules/message/ros2/install/perception_msgs/include/perception_msgs/srv/detail\n'}
[8.109223] (perception_msgs) StdoutLine: {'line': b'-- Installing: /home/meizan/workspace/athena-robot-dog/modules/message/ros2/install/perception_msgs/include/perception_msgs/srv/detail/dog_record_bag__type_support.cpp\n'}
[8.109298] (perception_msgs) StdoutLine: {'line': b'-- Installing: /home/meizan/workspace/athena-robot-dog/modules/message/ros2/install/perception_msgs/include/perception_msgs/srv/detail/dog_record_bag__rosidl_typesupport_introspection_cpp.hpp\n'}
[8.109373] (perception_msgs) StdoutLine: {'line': b'-- Installing: /home/meizan/workspace/athena-robot-dog/modules/message/ros2/install/perception_msgs/lib/libperception_msgs__rosidl_typesupport_introspection_cpp.so\n'}
[8.109443] (perception_msgs) StdoutLine: {'line': b'-- Set non-toolchain portion of runtime path of "/home/meizan/workspace/athena-robot-dog/modules/message/ros2/install/perception_msgs/lib/libperception_msgs__rosidl_typesupport_introspection_cpp.so" to ""\n'}
[8.109511] (perception_msgs) StdoutLine: {'line': b'-- Installing: /home/meizan/workspace/athena-robot-dog/modules/message/ros2/install/perception_msgs/lib/libperception_msgs__rosidl_typesupport_cpp.so\n'}
[8.109585] (perception_msgs) StdoutLine: {'line': b'-- Set non-toolchain portion of runtime path of "/home/meizan/workspace/athena-robot-dog/modules/message/ros2/install/perception_msgs/lib/libperception_msgs__rosidl_typesupport_cpp.so" to ""\n'}
[8.109657] (perception_msgs) StdoutLine: {'line': b'-- Installing: /home/meizan/workspace/athena-robot-dog/modules/message/ros2/install/perception_msgs/share/perception_msgs/environment/pythonpath.sh\n'}
[8.109728] (perception_msgs) StdoutLine: {'line': b'-- Installing: /home/meizan/workspace/athena-robot-dog/modules/message/ros2/install/perception_msgs/share/perception_msgs/environment/pythonpath.dsv\n'}
[8.109799] (perception_msgs) StdoutLine: {'line': b'-- Installing: /home/meizan/workspace/athena-robot-dog/modules/message/ros2/install/perception_msgs/lib/python3.8/site-packages/perception_msgs/__init__.py\n'}
[8.127370] (perception_msgs) StdoutLine: {'line': b"Compiling '/home/meizan/workspace/athena-robot-dog/modules/message/ros2/install/perception_msgs/lib/python3.8/site-packages/perception_msgs/__init__.py'...\n"}
[8.130335] (perception_msgs) StdoutLine: {'line': b'-- Installing: /home/meizan/workspace/athena-robot-dog/modules/message/ros2/install/perception_msgs/lib/python3.8/site-packages/perception_msgs/msg\n'}
[8.130449] (perception_msgs) StdoutLine: {'line': b'-- Installing: /home/meizan/workspace/athena-robot-dog/modules/message/ros2/install/perception_msgs/lib/python3.8/site-packages/perception_msgs/msg/_task_list.py\n'}
[8.130539] (perception_msgs) StdoutLine: {'line': b'-- Installing: /home/meizan/workspace/athena-robot-dog/modules/message/ros2/install/perception_msgs/lib/python3.8/site-packages/perception_msgs/msg/_perc_req.py\n'}
[8.130632] (perception_msgs) StdoutLine: {'line': b'-- Installing: /home/meizan/workspace/athena-robot-dog/modules/message/ros2/install/perception_msgs/lib/python3.8/site-packages/perception_msgs/msg/_action_entry_s.c\n'}
[8.130715] (perception_msgs) StdoutLine: {'line': b'-- Installing: /home/meizan/workspace/athena-robot-dog/modules/message/ros2/install/perception_msgs/lib/python3.8/site-packages/perception_msgs/msg/_dog_state.py\n'}
[8.130805] (perception_msgs) StdoutLine: {'line': b'-- Installing: /home/meizan/workspace/athena-robot-dog/modules/message/ros2/install/perception_msgs/lib/python3.8/site-packages/perception_msgs/msg/_perc_cmd_s.c\n'}
[8.130889] (perception_msgs) StdoutLine: {'line': b'-- Installing: /home/meizan/workspace/athena-robot-dog/modules/message/ros2/install/perception_msgs/lib/python3.8/site-packages/perception_msgs/msg/_alarm_entry.py\n'}
[8.130978] (perception_msgs) StdoutLine: {'line': b'-- Installing: /home/meizan/workspace/athena-robot-dog/modules/message/ros2/install/perception_msgs/lib/python3.8/site-packages/perception_msgs/msg/__init__.py\n'}
[8.131067] (perception_msgs) StdoutLine: {'line': b'-- Installing: /home/meizan/workspace/athena-robot-dog/modules/message/ros2/install/perception_msgs/lib/python3.8/site-packages/perception_msgs/msg/_perc_state_s.c\n'}
[8.131150] (perception_msgs) StdoutLine: {'line': b'-- Installing: /home/meizan/workspace/athena-robot-dog/modules/message/ros2/install/perception_msgs/lib/python3.8/site-packages/perception_msgs/msg/_alarm_entry_s.c\n'}
[8.131242] (perception_msgs) StdoutLine: {'line': b'-- Installing: /home/meizan/workspace/athena-robot-dog/modules/message/ros2/install/perception_msgs/lib/python3.8/site-packages/perception_msgs/msg/_perc_req_s.c\n'}
[8.131324] (perception_msgs) StdoutLine: {'line': b'-- Installing: /home/meizan/workspace/athena-robot-dog/modules/message/ros2/install/perception_msgs/lib/python3.8/site-packages/perception_msgs/msg/_dog_state_s.c\n'}
[8.131406] (perception_msgs) StdoutLine: {'line': b'-- Installing: /home/meizan/workspace/athena-robot-dog/modules/message/ros2/install/perception_msgs/lib/python3.8/site-packages/perception_msgs/msg/_perc_state.py\n'}
[8.131495] (perception_msgs) StdoutLine: {'line': b'-- Installing: /home/meizan/workspace/athena-robot-dog/modules/message/ros2/install/perception_msgs/lib/python3.8/site-packages/perception_msgs/msg/_task_list_s.c\n'}
[8.131576] (perception_msgs) StdoutLine: {'line': b'-- Installing: /home/meizan/workspace/athena-robot-dog/modules/message/ros2/install/perception_msgs/lib/python3.8/site-packages/perception_msgs/msg/_perc_cmd.py\n'}
[8.131650] (perception_msgs) StdoutLine: {'line': b'-- Installing: /home/meizan/workspace/athena-robot-dog/modules/message/ros2/install/perception_msgs/lib/python3.8/site-packages/perception_msgs/msg/_action_entry.py\n'}
[8.131727] (perception_msgs) StdoutLine: {'line': b'-- Installing: /home/meizan/workspace/athena-robot-dog/modules/message/ros2/install/perception_msgs/lib/python3.8/site-packages/perception_msgs/srv\n'}
[8.131820] (perception_msgs) StdoutLine: {'line': b'-- Installing: /home/meizan/workspace/athena-robot-dog/modules/message/ros2/install/perception_msgs/lib/python3.8/site-packages/perception_msgs/srv/_dog_record_bag.py\n'}
[8.131911] (perception_msgs) StdoutLine: {'line': b'-- Installing: /home/meizan/workspace/athena-robot-dog/modules/message/ros2/install/perception_msgs/lib/python3.8/site-packages/perception_msgs/srv/__init__.py\n'}
[8.131983] (perception_msgs) StdoutLine: {'line': b'-- Installing: /home/meizan/workspace/athena-robot-dog/modules/message/ros2/install/perception_msgs/lib/python3.8/site-packages/perception_msgs/srv/_dog_record_bag_s.c\n'}
[8.132069] (perception_msgs) StdoutLine: {'line': b'-- Installing: /home/meizan/workspace/athena-robot-dog/modules/message/ros2/install/perception_msgs/lib/python3.8/site-packages/perception_msgs/perception_msgs_s__rosidl_typesupport_fastrtps_c.cpython-38-x86_64-linux-gnu.so\n'}
[8.132156] (perception_msgs) StdoutLine: {'line': b'-- Set non-toolchain portion of runtime path of "/home/meizan/workspace/athena-robot-dog/modules/message/ros2/install/perception_msgs/lib/python3.8/site-packages/perception_msgs/perception_msgs_s__rosidl_typesupport_fastrtps_c.cpython-38-x86_64-linux-gnu.so" to ""\n'}
[8.132233] (perception_msgs) StdoutLine: {'line': b'-- Installing: /home/meizan/workspace/athena-robot-dog/modules/message/ros2/install/perception_msgs/lib/python3.8/site-packages/perception_msgs/perception_msgs_s__rosidl_typesupport_introspection_c.cpython-38-x86_64-linux-gnu.so\n'}
[8.132317] (perception_msgs) StdoutLine: {'line': b'-- Set non-toolchain portion of runtime path of "/home/meizan/workspace/athena-robot-dog/modules/message/ros2/install/perception_msgs/lib/python3.8/site-packages/perception_msgs/perception_msgs_s__rosidl_typesupport_introspection_c.cpython-38-x86_64-linux-gnu.so" to ""\n'}
[8.132403] (perception_msgs) StdoutLine: {'line': b'-- Installing: /home/meizan/workspace/athena-robot-dog/modules/message/ros2/install/perception_msgs/lib/python3.8/site-packages/perception_msgs/perception_msgs_s__rosidl_typesupport_c.cpython-38-x86_64-linux-gnu.so\n'}
[8.132477] (perception_msgs) StdoutLine: {'line': b'-- Set non-toolchain portion of runtime path of "/home/meizan/workspace/athena-robot-dog/modules/message/ros2/install/perception_msgs/lib/python3.8/site-packages/perception_msgs/perception_msgs_s__rosidl_typesupport_c.cpython-38-x86_64-linux-gnu.so" to ""\n'}
[8.132550] (perception_msgs) StdoutLine: {'line': b'-- Installing: /home/meizan/workspace/athena-robot-dog/modules/message/ros2/install/perception_msgs/lib/libperception_msgs__python.so\n'}
[8.132641] (perception_msgs) StdoutLine: {'line': b'-- Set non-toolchain portion of runtime path of "/home/meizan/workspace/athena-robot-dog/modules/message/ros2/install/perception_msgs/lib/libperception_msgs__python.so" to ""\n'}
[8.132721] (-) TimerEvent: {}
[8.132861] (perception_msgs) StdoutLine: {'line': b'-- Installing: /home/meizan/workspace/athena-robot-dog/modules/message/ros2/install/perception_msgs/share/perception_msgs/msg/ActionEntry.idl\n'}
[8.132954] (perception_msgs) StdoutLine: {'line': b'-- Installing: /home/meizan/workspace/athena-robot-dog/modules/message/ros2/install/perception_msgs/share/perception_msgs/msg/AlarmEntry.idl\n'}
[8.133048] (perception_msgs) StdoutLine: {'line': b'-- Installing: /home/meizan/workspace/athena-robot-dog/modules/message/ros2/install/perception_msgs/share/perception_msgs/msg/PercCmd.idl\n'}
[8.133131] (perception_msgs) StdoutLine: {'line': b'-- Installing: /home/meizan/workspace/athena-robot-dog/modules/message/ros2/install/perception_msgs/share/perception_msgs/msg/PercState.idl\n'}
[8.133218] (perception_msgs) StdoutLine: {'line': b'-- Installing: /home/meizan/workspace/athena-robot-dog/modules/message/ros2/install/perception_msgs/share/perception_msgs/msg/PercReq.idl\n'}
[8.133307] (perception_msgs) StdoutLine: {'line': b'-- Installing: /home/meizan/workspace/athena-robot-dog/modules/message/ros2/install/perception_msgs/share/perception_msgs/msg/TaskList.idl\n'}
[8.133390] (perception_msgs) StdoutLine: {'line': b'-- Installing: /home/meizan/workspace/athena-robot-dog/modules/message/ros2/install/perception_msgs/share/perception_msgs/msg/DogState.idl\n'}
[8.133471] (perception_msgs) StdoutLine: {'line': b'-- Installing: /home/meizan/workspace/athena-robot-dog/modules/message/ros2/install/perception_msgs/share/perception_msgs/srv/DogRecordBag.idl\n'}
[8.133560] (perception_msgs) StdoutLine: {'line': b'-- Installing: /home/meizan/workspace/athena-robot-dog/modules/message/ros2/install/perception_msgs/share/perception_msgs/msg/ActionEntry.msg\n'}
[8.133643] (perception_msgs) StdoutLine: {'line': b'-- Installing: /home/meizan/workspace/athena-robot-dog/modules/message/ros2/install/perception_msgs/share/perception_msgs/msg/AlarmEntry.msg\n'}
[8.133726] (perception_msgs) StdoutLine: {'line': b'-- Installing: /home/meizan/workspace/athena-robot-dog/modules/message/ros2/install/perception_msgs/share/perception_msgs/msg/PercCmd.msg\n'}
[8.133807] (perception_msgs) StdoutLine: {'line': b'-- Installing: /home/meizan/workspace/athena-robot-dog/modules/message/ros2/install/perception_msgs/share/perception_msgs/msg/PercState.msg\n'}
[8.133893] (perception_msgs) StdoutLine: {'line': b'-- Installing: /home/meizan/workspace/athena-robot-dog/modules/message/ros2/install/perception_msgs/share/perception_msgs/msg/PercReq.msg\n'}
[8.133975] (perception_msgs) StdoutLine: {'line': b'-- Installing: /home/meizan/workspace/athena-robot-dog/modules/message/ros2/install/perception_msgs/share/perception_msgs/msg/TaskList.msg\n'}
[8.134059] (perception_msgs) StdoutLine: {'line': b'-- Installing: /home/meizan/workspace/athena-robot-dog/modules/message/ros2/install/perception_msgs/share/perception_msgs/msg/DogState.msg\n'}
[8.134147] (perception_msgs) StdoutLine: {'line': b'-- Installing: /home/meizan/workspace/athena-robot-dog/modules/message/ros2/install/perception_msgs/share/perception_msgs/srv/DogRecordBag.srv\n'}
[8.134232] (perception_msgs) StdoutLine: {'line': b'-- Installing: /home/meizan/workspace/athena-robot-dog/modules/message/ros2/install/perception_msgs/share/perception_msgs/srv/DogRecordBag_Request.msg\n'}
[8.134314] (perception_msgs) StdoutLine: {'line': b'-- Installing: /home/meizan/workspace/athena-robot-dog/modules/message/ros2/install/perception_msgs/share/perception_msgs/srv/DogRecordBag_Response.msg\n'}
[8.134403] (perception_msgs) StdoutLine: {'line': b'-- Installing: /home/meizan/workspace/athena-robot-dog/modules/message/ros2/install/perception_msgs/share/ament_index/resource_index/package_run_dependencies/perception_msgs\n'}
[8.134487] (perception_msgs) StdoutLine: {'line': b'-- Installing: /home/meizan/workspace/athena-robot-dog/modules/message/ros2/install/perception_msgs/share/ament_index/resource_index/parent_prefix_path/perception_msgs\n'}
[8.134569] (perception_msgs) StdoutLine: {'line': b'-- Installing: /home/meizan/workspace/athena-robot-dog/modules/message/ros2/install/perception_msgs/share/perception_msgs/environment/ament_prefix_path.sh\n'}
[8.134651] (perception_msgs) StdoutLine: {'line': b'-- Installing: /home/meizan/workspace/athena-robot-dog/modules/message/ros2/install/perception_msgs/share/perception_msgs/environment/ament_prefix_path.dsv\n'}
[8.134733] (perception_msgs) StdoutLine: {'line': b'-- Installing: /home/meizan/workspace/athena-robot-dog/modules/message/ros2/install/perception_msgs/share/perception_msgs/environment/path.sh\n'}
[8.134816] (perception_msgs) StdoutLine: {'line': b'-- Installing: /home/meizan/workspace/athena-robot-dog/modules/message/ros2/install/perception_msgs/share/perception_msgs/environment/path.dsv\n'}
[8.134898] (perception_msgs) StdoutLine: {'line': b'-- Installing: /home/meizan/workspace/athena-robot-dog/modules/message/ros2/install/perception_msgs/share/perception_msgs/local_setup.bash\n'}
[8.134980] (perception_msgs) StdoutLine: {'line': b'-- Installing: /home/meizan/workspace/athena-robot-dog/modules/message/ros2/install/perception_msgs/share/perception_msgs/local_setup.sh\n'}
[8.135062] (perception_msgs) StdoutLine: {'line': b'-- Installing: /home/meizan/workspace/athena-robot-dog/modules/message/ros2/install/perception_msgs/share/perception_msgs/local_setup.zsh\n'}
[8.135143] (perception_msgs) StdoutLine: {'line': b'-- Installing: /home/meizan/workspace/athena-robot-dog/modules/message/ros2/install/perception_msgs/share/perception_msgs/local_setup.dsv\n'}
[8.135224] (perception_msgs) StdoutLine: {'line': b'-- Installing: /home/meizan/workspace/athena-robot-dog/modules/message/ros2/install/perception_msgs/share/perception_msgs/package.dsv\n'}
[8.135312] (perception_msgs) StdoutLine: {'line': b'-- Installing: /home/meizan/workspace/athena-robot-dog/modules/message/ros2/install/perception_msgs/share/ament_index/resource_index/packages/perception_msgs\n'}
[8.135392] (perception_msgs) StdoutLine: {'line': b'-- Installing: /home/meizan/workspace/athena-robot-dog/modules/message/ros2/install/perception_msgs/share/perception_msgs/cmake/perception_msgs__rosidl_generator_cExport.cmake\n'}
[8.135473] (perception_msgs) StdoutLine: {'line': b'-- Installing: /home/meizan/workspace/athena-robot-dog/modules/message/ros2/install/perception_msgs/share/perception_msgs/cmake/perception_msgs__rosidl_generator_cExport-noconfig.cmake\n'}
[8.135555] (perception_msgs) StdoutLine: {'line': b'-- Installing: /home/meizan/workspace/athena-robot-dog/modules/message/ros2/install/perception_msgs/share/perception_msgs/cmake/perception_msgs__rosidl_typesupport_introspection_cExport.cmake\n'}
[8.135638] (perception_msgs) StdoutLine: {'line': b'-- Installing: /home/meizan/workspace/athena-robot-dog/modules/message/ros2/install/perception_msgs/share/perception_msgs/cmake/perception_msgs__rosidl_typesupport_introspection_cExport-noconfig.cmake\n'}
[8.135721] (perception_msgs) StdoutLine: {'line': b'-- Installing: /home/meizan/workspace/athena-robot-dog/modules/message/ros2/install/perception_msgs/share/perception_msgs/cmake/perception_msgs__rosidl_typesupport_cExport.cmake\n'}
[8.135801] (perception_msgs) StdoutLine: {'line': b'-- Installing: /home/meizan/workspace/athena-robot-dog/modules/message/ros2/install/perception_msgs/share/perception_msgs/cmake/perception_msgs__rosidl_typesupport_cExport-noconfig.cmake\n'}
[8.135890] (perception_msgs) StdoutLine: {'line': b'-- Installing: /home/meizan/workspace/athena-robot-dog/modules/message/ros2/install/perception_msgs/share/perception_msgs/cmake/perception_msgs__rosidl_generator_cppExport.cmake\n'}
[8.135984] (perception_msgs) StdoutLine: {'line': b'-- Installing: /home/meizan/workspace/athena-robot-dog/modules/message/ros2/install/perception_msgs/share/perception_msgs/cmake/perception_msgs__rosidl_typesupport_introspection_cppExport.cmake\n'}
[8.136066] (perception_msgs) StdoutLine: {'line': b'-- Installing: /home/meizan/workspace/athena-robot-dog/modules/message/ros2/install/perception_msgs/share/perception_msgs/cmake/perception_msgs__rosidl_typesupport_introspection_cppExport-noconfig.cmake\n'}
[8.136159] (perception_msgs) StdoutLine: {'line': b'-- Installing: /home/meizan/workspace/athena-robot-dog/modules/message/ros2/install/perception_msgs/share/perception_msgs/cmake/perception_msgs__rosidl_typesupport_cppExport.cmake\n'}
[8.136242] (perception_msgs) StdoutLine: {'line': b'-- Installing: /home/meizan/workspace/athena-robot-dog/modules/message/ros2/install/perception_msgs/share/perception_msgs/cmake/perception_msgs__rosidl_typesupport_cppExport-noconfig.cmake\n'}
[8.136315] (perception_msgs) StdoutLine: {'line': b'-- Installing: /home/meizan/workspace/athena-robot-dog/modules/message/ros2/install/perception_msgs/share/perception_msgs/cmake/rosidl_cmake-extras.cmake\n'}
[8.136386] (perception_msgs) StdoutLine: {'line': b'-- Installing: /home/meizan/workspace/athena-robot-dog/modules/message/ros2/install/perception_msgs/share/perception_msgs/cmake/ament_cmake_export_dependencies-extras.cmake\n'}
[8.136458] (perception_msgs) StdoutLine: {'line': b'-- Installing: /home/meizan/workspace/athena-robot-dog/modules/message/ros2/install/perception_msgs/share/perception_msgs/cmake/ament_cmake_export_libraries-extras.cmake\n'}
[8.136530] (perception_msgs) StdoutLine: {'line': b'-- Installing: /home/meizan/workspace/athena-robot-dog/modules/message/ros2/install/perception_msgs/share/perception_msgs/cmake/ament_cmake_export_targets-extras.cmake\n'}
[8.136605] (perception_msgs) StdoutLine: {'line': b'-- Installing: /home/meizan/workspace/athena-robot-dog/modules/message/ros2/install/perception_msgs/share/perception_msgs/cmake/ament_cmake_export_include_directories-extras.cmake\n'}
[8.136679] (perception_msgs) StdoutLine: {'line': b'-- Installing: /home/meizan/workspace/athena-robot-dog/modules/message/ros2/install/perception_msgs/share/perception_msgs/cmake/rosidl_cmake_export_typesupport_libraries-extras.cmake\n'}
[8.136753] (perception_msgs) StdoutLine: {'line': b'-- Installing: /home/meizan/workspace/athena-robot-dog/modules/message/ros2/install/perception_msgs/share/perception_msgs/cmake/rosidl_cmake_export_typesupport_targets-extras.cmake\n'}
[8.136827] (perception_msgs) StdoutLine: {'line': b'-- Installing: /home/meizan/workspace/athena-robot-dog/modules/message/ros2/install/perception_msgs/share/perception_msgs/cmake/perception_msgsConfig.cmake\n'}
[8.136899] (perception_msgs) StdoutLine: {'line': b'-- Installing: /home/meizan/workspace/athena-robot-dog/modules/message/ros2/install/perception_msgs/share/perception_msgs/cmake/perception_msgsConfig-version.cmake\n'}
[8.136977] (perception_msgs) StdoutLine: {'line': b'-- Installing: /home/meizan/workspace/athena-robot-dog/modules/message/ros2/install/perception_msgs/share/perception_msgs/package.xml\n'}
[8.137657] (perception_msgs) CommandEnded: {'returncode': 0}
[8.153067] (perception_msgs) JobEnded: {'identifier': 'perception_msgs', 'rc': 0}
[8.153714] (-) EventReactorShutdown: {}
