[0.000000] (-) TimerEvent: {}
[0.000117] (-) JobUnselected: {'identifier': 'ros2_interface'}
[0.000175] (perception_msgs) JobQueued: {'identifier': 'perception_msgs', 'dependencies': OrderedDict()}
[0.000194] (perception_msgs) JobStarted: {'identifier': 'perception_msgs'}
[0.006375] (perception_msgs) JobProgress: {'identifier': 'perception_msgs', 'progress': 'cmake'}
[0.006858] (perception_msgs) Command: {'cmd': ['/home/meizan/Qt/Tools/CMake/bin/cmake', '/home/meizan/workspace/athena-robot-dog/modules/message/ros2/src/athena/perception_msgs', '-DCMAKE_INSTALL_PREFIX=/home/meizan/workspace/athena-robot-dog/modules/message/ros2/install/perception_msgs'], 'cwd': '/home/meizan/workspace/athena-robot-dog/modules/message/ros2/build/perception_msgs', 'env': OrderedDict([('LESSOPEN', '| /usr/bin/lesspipe %s'), ('LANGUAGE', 'zh_CN:en_US:en'), ('USER', 'meizan'), ('SSH_CLIENT', '192.168.2.173 58589 22'), ('LC_TIME', 'zh_CN.UTF-8'), ('XDG_SESSION_TYPE', 'tty'), ('GIT_ASKPASS', '/home/meizan/.vscode-server/cli/servers/Stable-4949701c880d4bdb949e3c0e6b400288da7f474b/server/extensions/git/dist/askpass.sh'), ('SHLVL', '1'), ('LD_LIBRARY_PATH', '/home/meizan/workspace/athena-robot-dog/modules/message/ros2/install/perception_msgs/lib:/home/meizan/workspace/athena-robot-dog/modules/message/ros2/install/perception_msg/lib:/opt/ros/foxy/opt/yaml_cpp_vendor/lib:/opt/ros/foxy/opt/rviz_ogre_vendor/lib:/opt/ros/foxy/lib/x86_64-linux-gnu:/opt/ros/foxy/lib:/home/zzy/third_party/x64/lib/boost:/home/zzy/third_party/x64/lib/boost:'), ('BROWSER', '/home/meizan/.vscode-server/cli/servers/Stable-4949701c880d4bdb949e3c0e6b400288da7f474b/server/bin/helpers/browser.sh'), ('MOTD_SHOWN', 'pam'), ('HOME', '/home/meizan'), ('OLDPWD', '/home/meizan/workspace/athena-robot-dog/modules/robot-dog-ros2/bin'), ('TERM_PROGRAM_VERSION', '1.99.2'), ('VSCODE_IPC_HOOK_CLI', '/run/user/1000/vscode-ipc-fb8fced2-2ee6-42f9-a705-72755f633a03.sock'), ('ROS_PYTHON_VERSION', '3'), ('VSCODE_GIT_ASKPASS_MAIN', '/home/meizan/.vscode-server/cli/servers/Stable-4949701c880d4bdb949e3c0e6b400288da7f474b/server/extensions/git/dist/askpass-main.js'), ('LC_MONETARY', 'zh_CN.UTF-8'), ('VSCODE_GIT_ASKPASS_NODE', '/home/meizan/.vscode-server/cli/servers/Stable-4949701c880d4bdb949e3c0e6b400288da7f474b/server/node'), ('SSL_CERT_FILE', '/usr/lib/ssl/certs/ca-certificates.crt'), ('DBUS_SESSION_BUS_ADDRESS', 'unix:path=/run/user/1000/bus'), ('COLORTERM', 'truecolor'), ('COLCON_PREFIX_PATH', '/home/meizan/workspace/athena-robot-dog/modules/message/ros2/install'), ('ROS_DISTRO', 'foxy'), ('LOGNAME', 'meizan'), ('_', '/usr/bin/colcon'), ('ROS_VERSION', '2'), ('XDG_SESSION_CLASS', 'user'), ('TERM', 'xterm-256color'), ('XDG_SESSION_ID', '902'), ('ROS_LOCALHOST_ONLY', '0'), ('PATH', '/opt/ros/foxy/bin:/home/meizan/Qt/6.5.3/gcc_64/bin:/home/meizan/Qt/Tools/CMake/bin:/home/meizan/.vscode-server/cli/servers/Stable-4949701c880d4bdb949e3c0e6b400288da7f474b/server/bin/remote-cli:/home/meizan/.local/bin:/home/meizan/bin:/home/meizan/Qt/6.5.3/gcc_64/bin:/home/meizan/Qt/Tools/CMake/bin:/usr/local/sbin:/usr/local/bin:/usr/sbin:/usr/bin:/sbin:/bin:/usr/games:/usr/local/games:/snap/bin:/home/zzy/.fishros/bin/:/opt/nodejs/node-v18.12.1-linux-x64/bin/:/home/zzy/.fishros/bin/:/opt/nodejs/node-v18.12.1-linux-x64/bin/'), ('PAPERSIZE', 'a4'), ('LC_ADDRESS', 'zh_CN.UTF-8'), ('XDG_RUNTIME_DIR', '/run/user/1000'), ('SSL_CERT_DIR', '/usr/lib/ssl/certs'), ('LANG', 'zh_CN.UTF-8'), ('LC_TELEPHONE', 'zh_CN.UTF-8'), ('RMW_IMPLEMENTATION', 'rmw_fastrtps_cpp'), ('LS_COLORS', 'rs=0:di=01;34:ln=01;36:mh=00:pi=40;33:so=01;35:do=01;35:bd=40;33;01:cd=40;33;01:or=40;31;01:mi=00:su=37;41:sg=30;43:ca=30;41:tw=30;42:ow=34;42:st=37;44:ex=01;32:*.tar=01;31:*.tgz=01;31:*.arc=01;31:*.arj=01;31:*.taz=01;31:*.lha=01;31:*.lz4=01;31:*.lzh=01;31:*.lzma=01;31:*.tlz=01;31:*.txz=01;31:*.tzo=01;31:*.t7z=01;31:*.zip=01;31:*.z=01;31:*.dz=01;31:*.gz=01;31:*.lrz=01;31:*.lz=01;31:*.lzo=01;31:*.xz=01;31:*.zst=01;31:*.tzst=01;31:*.bz2=01;31:*.bz=01;31:*.tbz=01;31:*.tbz2=01;31:*.tz=01;31:*.deb=01;31:*.rpm=01;31:*.jar=01;31:*.war=01;31:*.ear=01;31:*.sar=01;31:*.rar=01;31:*.alz=01;31:*.ace=01;31:*.zoo=01;31:*.cpio=01;31:*.7z=01;31:*.rz=01;31:*.cab=01;31:*.wim=01;31:*.swm=01;31:*.dwm=01;31:*.esd=01;31:*.jpg=01;35:*.jpeg=01;35:*.mjpg=01;35:*.mjpeg=01;35:*.gif=01;35:*.bmp=01;35:*.pbm=01;35:*.pgm=01;35:*.ppm=01;35:*.tga=01;35:*.xbm=01;35:*.xpm=01;35:*.tif=01;35:*.tiff=01;35:*.png=01;35:*.svg=01;35:*.svgz=01;35:*.mng=01;35:*.pcx=01;35:*.mov=01;35:*.mpg=01;35:*.mpeg=01;35:*.m2v=01;35:*.mkv=01;35:*.webm=01;35:*.ogm=01;35:*.mp4=01;35:*.m4v=01;35:*.mp4v=01;35:*.vob=01;35:*.qt=01;35:*.nuv=01;35:*.wmv=01;35:*.asf=01;35:*.rm=01;35:*.rmvb=01;35:*.flc=01;35:*.avi=01;35:*.fli=01;35:*.flv=01;35:*.gl=01;35:*.dl=01;35:*.xcf=01;35:*.xwd=01;35:*.yuv=01;35:*.cgm=01;35:*.emf=01;35:*.ogv=01;35:*.ogx=01;35:*.aac=00;36:*.au=00;36:*.flac=00;36:*.m4a=00;36:*.mid=00;36:*.midi=00;36:*.mka=00;36:*.mp3=00;36:*.mpc=00;36:*.ogg=00;36:*.ra=00;36:*.wav=00;36:*.oga=00;36:*.opus=00;36:*.spx=00;36:*.xspf=00;36:'), ('VSCODE_GIT_IPC_HANDLE', '/run/user/1000/vscode-git-1fd6bdd323.sock'), ('TERM_PROGRAM', 'vscode'), ('AMENT_PREFIX_PATH', '/home/meizan/workspace/athena-robot-dog/modules/message/ros2/install/perception_msgs:/home/meizan/workspace/athena-robot-dog/modules/message/ros2/install/perception_msg:/opt/ros/foxy'), ('SHELL', '/bin/bash'), ('LC_NAME', 'zh_CN.UTF-8'), ('ROS_MASTER_URI', 'http://localhost:11311'), ('LESSCLOSE', '/usr/bin/lesspipe %s %s'), ('LC_MEASUREMENT', 'zh_CN.UTF-8'), ('LC_IDENTIFICATION', 'zh_CN.UTF-8'), ('VSCODE_GIT_ASKPASS_EXTRA_ARGS', ''), ('PWD', '/home/meizan/workspace/athena-robot-dog/modules/message/ros2/build/perception_msgs'), ('LC_ALL', 'en_US.UTF-8'), ('GEMINI_API_KEY', 'AIzaSyBkdyupdpVhL7Dd9iWMim7KX0N3CkFMDio'), ('SSH_CONNECTION', '192.168.2.173 58589 192.168.2.181 22'), ('XDG_DATA_DIRS', '/usr/local/share:/usr/share:/var/lib/snapd/desktop'), ('PYTHONPATH', '/home/meizan/workspace/athena-robot-dog/modules/message/ros2/install/perception_msgs/lib/python3.8/site-packages:/home/meizan/workspace/athena-robot-dog/modules/message/ros2/install/perception_msg/lib/python3.8/site-packages:/opt/ros/foxy/lib/python3.8/site-packages'), ('ROS_HOSTNAME', 'localhost'), ('LC_NUMERIC', 'zh_CN.UTF-8'), ('LC_PAPER', 'zh_CN.UTF-8'), ('COLCON', '1'), ('CMAKE_PREFIX_PATH', '/home/meizan/workspace/athena-robot-dog/modules/message/ros2/install/perception_msgs:/home/meizan/workspace/athena-robot-dog/modules/message/ros2/install/perception_msg:/opt/ros/foxy')]), 'shell': False}
[0.015961] (perception_msgs) StdoutLine: {'line': b'-- Found ament_cmake: 0.9.12 (/opt/ros/foxy/share/ament_cmake/cmake)\n'}
[0.017019] (perception_msgs) StderrLine: {'line': b'\x1b[33mCMake Warning (dev) at /opt/ros/foxy/share/ament_cmake_core/cmake/core/python.cmake:22 (find_package):\n'}
[0.017093] (perception_msgs) StderrLine: {'line': b'  Policy CMP0148 is not set: The FindPythonInterp and FindPythonLibs modules\n'}
[0.017139] (perception_msgs) StderrLine: {'line': b'  are removed.  Run "cmake --help-policy CMP0148" for policy details.  Use\n'}
[0.017183] (perception_msgs) StderrLine: {'line': b'  the cmake_policy command to set the policy and suppress this warning.\n'}
[0.017228] (perception_msgs) StderrLine: {'line': b'\n'}
[0.017271] (perception_msgs) StderrLine: {'line': b'Call Stack (most recent call first):\n'}
[0.017313] (perception_msgs) StderrLine: {'line': b'  /opt/ros/foxy/share/ament_cmake_core/cmake/core/all.cmake:53 (include)\n'}
[0.017356] (perception_msgs) StderrLine: {'line': b'  /opt/ros/foxy/share/ament_cmake_core/cmake/ament_cmake_core-extras.cmake:17 (include)\n'}
[0.017399] (perception_msgs) StderrLine: {'line': b'  /opt/ros/foxy/share/ament_cmake_core/cmake/ament_cmake_coreConfig.cmake:41 (include)\n'}
[0.017464] (perception_msgs) StderrLine: {'line': b'  /opt/ros/foxy/share/ament_cmake/cmake/ament_cmake_export_dependencies-extras.cmake:15 (find_package)\n'}
[0.017509] (perception_msgs) StderrLine: {'line': b'  /opt/ros/foxy/share/ament_cmake/cmake/ament_cmakeConfig.cmake:41 (include)\n'}
[0.017552] (perception_msgs) StderrLine: {'line': b'  CMakeLists.txt:19 (find_package)\n'}
[0.017595] (perception_msgs) StderrLine: {'line': b'This warning is for project developers.  Use -Wno-dev to suppress it.\n'}
[0.017641] (perception_msgs) StderrLine: {'line': b'\x1b[0m\n'}
[0.032164] (perception_msgs) StdoutLine: {'line': b'-- Using PYTHON_EXECUTABLE: /usr/bin/python3\n'}
[0.099376] (-) TimerEvent: {}
[0.165144] (perception_msgs) StdoutLine: {'line': b'-- Found geometry_msgs: 2.0.5 (/opt/ros/foxy/share/geometry_msgs/cmake)\n'}
[0.180681] (perception_msgs) StdoutLine: {'line': b'-- Using all available rosidl_typesupport_c: rosidl_typesupport_fastrtps_c;rosidl_typesupport_introspection_c\n'}
[0.182995] (perception_msgs) StdoutLine: {'line': b'-- Found rosidl_adapter: 1.3.1 (/opt/ros/foxy/share/rosidl_adapter/cmake)\n'}
[0.199490] (-) TimerEvent: {}
[0.275481] (perception_msgs) StdoutLine: {'line': b'-- Using all available rosidl_typesupport_cpp: rosidl_typesupport_fastrtps_cpp;rosidl_typesupport_introspection_cpp\n'}
[0.299595] (-) TimerEvent: {}
[0.329377] (perception_msgs) StdoutLine: {'line': b'-- Found rosidl_default_generators: 1.0.1 (/opt/ros/foxy/share/rosidl_default_generators/cmake)\n'}
[0.336863] (perception_msgs) StderrLine: {'line': b'\x1b[33mCMake Warning (dev) at /opt/ros/foxy/share/rosidl_adapter/cmake/rosidl_adapt_interfaces.cmake:40 (find_package):\n'}
[0.337002] (perception_msgs) StderrLine: {'line': b'  Policy CMP0148 is not set: The FindPythonInterp and FindPythonLibs modules\n'}
[0.337054] (perception_msgs) StderrLine: {'line': b'  are removed.  Run "cmake --help-policy CMP0148" for policy details.  Use\n'}
[0.337101] (perception_msgs) StderrLine: {'line': b'  the cmake_policy command to set the policy and suppress this warning.\n'}
[0.337146] (perception_msgs) StderrLine: {'line': b'\n'}
[0.337192] (perception_msgs) StderrLine: {'line': b'Call Stack (most recent call first):\n'}
[0.337236] (perception_msgs) StderrLine: {'line': b'  /opt/ros/foxy/share/rosidl_cmake/cmake/rosidl_generate_interfaces.cmake:130 (rosidl_adapt_interfaces)\n'}
[0.337282] (perception_msgs) StderrLine: {'line': b'  CMakeLists.txt:24 (rosidl_generate_interfaces)\n'}
[0.337326] (perception_msgs) StderrLine: {'line': b'This warning is for project developers.  Use -Wno-dev to suppress it.\n'}
[0.337370] (perception_msgs) StderrLine: {'line': b'\x1b[0m\n'}
[0.352184] (perception_msgs) StdoutLine: {'line': b'-- Found PythonInterp: /usr/bin/python3 (found version "3.8.10")\n'}
[0.399708] (-) TimerEvent: {}
[0.500101] (-) TimerEvent: {}
[0.514614] (perception_msgs) StdoutLine: {'line': b'-- Found ament_cmake_ros: 0.9.2 (/opt/ros/foxy/share/ament_cmake_ros/cmake)\n'}
[0.600283] (-) TimerEvent: {}
[0.694358] (perception_msgs) StdoutLine: {'line': b'-- Using all available rosidl_typesupport_c: rosidl_typesupport_fastrtps_c;rosidl_typesupport_introspection_c\n'}
[0.700434] (-) TimerEvent: {}
[0.771706] (perception_msgs) StdoutLine: {'line': b'-- Using all available rosidl_typesupport_cpp: rosidl_typesupport_fastrtps_cpp;rosidl_typesupport_introspection_cpp\n'}
[0.774628] (perception_msgs) StderrLine: {'line': b'\x1b[33mCMake Warning (dev) at /opt/ros/foxy/share/rosidl_generator_py/cmake/rosidl_generator_py_generate_interfaces.cmake:20 (find_package):\n'}
[0.774763] (perception_msgs) StderrLine: {'line': b'  Policy CMP0148 is not set: The FindPythonInterp and FindPythonLibs modules\n'}
[0.774842] (perception_msgs) StderrLine: {'line': b'  are removed.  Run "cmake --help-policy CMP0148" for policy details.  Use\n'}
[0.774922] (perception_msgs) StderrLine: {'line': b'  the cmake_policy command to set the policy and suppress this warning.\n'}
[0.774998] (perception_msgs) StderrLine: {'line': b'\n'}
[0.775071] (perception_msgs) StderrLine: {'line': b'Call Stack (most recent call first):\n'}
[0.775142] (perception_msgs) StderrLine: {'line': b'  /opt/ros/foxy/share/ament_cmake_core/cmake/core/ament_execute_extensions.cmake:48 (include)\n'}
[0.775213] (perception_msgs) StderrLine: {'line': b'  /opt/ros/foxy/share/rosidl_cmake/cmake/rosidl_generate_interfaces.cmake:286 (ament_execute_extensions)\n'}
[0.775284] (perception_msgs) StderrLine: {'line': b'  CMakeLists.txt:24 (rosidl_generate_interfaces)\n'}
[0.775362] (perception_msgs) StderrLine: {'line': b'This warning is for project developers.  Use -Wno-dev to suppress it.\n'}
[0.775433] (perception_msgs) StderrLine: {'line': b'\x1b[0m\n'}
[0.790636] (perception_msgs) StdoutLine: {'line': b'-- Found PythonInterp: /usr/bin/python3 (found suitable version "3.8.10", minimum required is "3.5")\n'}
[0.791684] (perception_msgs) StdoutLine: {'line': b'-- Found python_cmake_module: 0.8.1 (/opt/ros/foxy/share/python_cmake_module/cmake)\n'}
[0.791995] (perception_msgs) StderrLine: {'line': b'\x1b[33mCMake Warning (dev) at /opt/ros/foxy/share/python_cmake_module/cmake/Modules/FindPythonExtra.cmake:45 (find_package):\n'}
[0.792086] (perception_msgs) StderrLine: {'line': b'  Policy CMP0148 is not set: The FindPythonInterp and FindPythonLibs modules\n'}
[0.792159] (perception_msgs) StderrLine: {'line': b'  are removed.  Run "cmake --help-policy CMP0148" for policy details.  Use\n'}
[0.792231] (perception_msgs) StderrLine: {'line': b'  the cmake_policy command to set the policy and suppress this warning.\n'}
[0.792301] (perception_msgs) StderrLine: {'line': b'\n'}
[0.792371] (perception_msgs) StderrLine: {'line': b'Call Stack (most recent call first):\n'}
[0.792441] (perception_msgs) StderrLine: {'line': b'  /opt/ros/foxy/share/rosidl_generator_py/cmake/rosidl_generator_py_generate_interfaces.cmake:23 (find_package)\n'}
[0.792511] (perception_msgs) StderrLine: {'line': b'  /opt/ros/foxy/share/ament_cmake_core/cmake/core/ament_execute_extensions.cmake:48 (include)\n'}
[0.792581] (perception_msgs) StderrLine: {'line': b'  /opt/ros/foxy/share/rosidl_cmake/cmake/rosidl_generate_interfaces.cmake:286 (ament_execute_extensions)\n'}
[0.792651] (perception_msgs) StderrLine: {'line': b'  CMakeLists.txt:24 (rosidl_generate_interfaces)\n'}
[0.792727] (perception_msgs) StderrLine: {'line': b'This warning is for project developers.  Use -Wno-dev to suppress it.\n'}
[0.792798] (perception_msgs) StderrLine: {'line': b'\x1b[0m\n'}
[0.800536] (-) TimerEvent: {}
[0.807993] (perception_msgs) StderrLine: {'line': b'\x1b[33mCMake Warning (dev) at /opt/ros/foxy/share/python_cmake_module/cmake/Modules/FindPythonExtra.cmake:133 (find_package):\n'}
[0.808163] (perception_msgs) StderrLine: {'line': b'  Policy CMP0148 is not set: The FindPythonInterp and FindPythonLibs modules\n'}
[0.808220] (perception_msgs) StderrLine: {'line': b'  are removed.  Run "cmake --help-policy CMP0148" for policy details.  Use\n'}
[0.808266] (perception_msgs) StderrLine: {'line': b'  the cmake_policy command to set the policy and suppress this warning.\n'}
[0.808310] (perception_msgs) StderrLine: {'line': b'\n'}
[0.808352] (perception_msgs) StderrLine: {'line': b'Call Stack (most recent call first):\n'}
[0.808394] (perception_msgs) StderrLine: {'line': b'  /opt/ros/foxy/share/rosidl_generator_py/cmake/rosidl_generator_py_generate_interfaces.cmake:23 (find_package)\n'}
[0.808438] (perception_msgs) StderrLine: {'line': b'  /opt/ros/foxy/share/ament_cmake_core/cmake/core/ament_execute_extensions.cmake:48 (include)\n'}
[0.808483] (perception_msgs) StderrLine: {'line': b'  /opt/ros/foxy/share/rosidl_cmake/cmake/rosidl_generate_interfaces.cmake:286 (ament_execute_extensions)\n'}
[0.808525] (perception_msgs) StderrLine: {'line': b'  CMakeLists.txt:24 (rosidl_generate_interfaces)\n'}
[0.808568] (perception_msgs) StderrLine: {'line': b'This warning is for project developers.  Use -Wno-dev to suppress it.\n'}
[0.808610] (perception_msgs) StderrLine: {'line': b'\x1b[0m\n'}
[0.814418] (perception_msgs) StdoutLine: {'line': b'-- Found PythonLibs: /usr/lib/x86_64-linux-gnu/libpython3.8.so (found suitable version "3.8.10", minimum required is "3.5")\n'}
[0.814557] (perception_msgs) StdoutLine: {'line': b'-- Using PYTHON_EXECUTABLE: /usr/bin/python3\n'}
[0.814617] (perception_msgs) StdoutLine: {'line': b'-- Using PYTHON_INCLUDE_DIRS: /usr/include/python3.8\n'}
[0.814663] (perception_msgs) StdoutLine: {'line': b'-- Using PYTHON_LIBRARIES: /usr/lib/x86_64-linux-gnu/libpython3.8.so\n'}
[0.831287] (perception_msgs) StdoutLine: {'line': b'-- Found PythonExtra: .so\n'}
[0.884827] (perception_msgs) StdoutLine: {'line': b'-- Found ament_lint_auto: 0.9.8 (/opt/ros/foxy/share/ament_lint_auto/cmake)\n'}
[0.897533] (perception_msgs) StdoutLine: {'line': b"-- Added test 'copyright' to check source files copyright and LICENSE\n"}
[0.899164] (perception_msgs) StdoutLine: {'line': b"-- Added test 'lint_cmake' to check CMake code style\n"}
[0.900181] (perception_msgs) StdoutLine: {'line': b"-- Added test 'xmllint' to check XML markup files\n"}
[0.900616] (-) TimerEvent: {}
[0.902029] (perception_msgs) StdoutLine: {'line': b'-- Configuring done (0.9s)\n'}
[0.950938] (perception_msgs) StdoutLine: {'line': b'-- Generating done (0.0s)\n'}
[0.959357] (perception_msgs) StdoutLine: {'line': b'-- Build files have been written to: /home/meizan/workspace/athena-robot-dog/modules/message/ros2/build/perception_msgs\n'}
[0.965863] (perception_msgs) CommandEnded: {'returncode': 0}
[0.968116] (perception_msgs) JobProgress: {'identifier': 'perception_msgs', 'progress': 'build'}
[0.968161] (perception_msgs) Command: {'cmd': ['/home/meizan/Qt/Tools/CMake/bin/cmake', '--build', '/home/meizan/workspace/athena-robot-dog/modules/message/ros2/build/perception_msgs', '--', '-j8', '-l8'], 'cwd': '/home/meizan/workspace/athena-robot-dog/modules/message/ros2/build/perception_msgs', 'env': OrderedDict([('LESSOPEN', '| /usr/bin/lesspipe %s'), ('LANGUAGE', 'zh_CN:en_US:en'), ('USER', 'meizan'), ('SSH_CLIENT', '192.168.2.173 58589 22'), ('LC_TIME', 'zh_CN.UTF-8'), ('XDG_SESSION_TYPE', 'tty'), ('GIT_ASKPASS', '/home/meizan/.vscode-server/cli/servers/Stable-4949701c880d4bdb949e3c0e6b400288da7f474b/server/extensions/git/dist/askpass.sh'), ('SHLVL', '1'), ('LD_LIBRARY_PATH', '/home/meizan/workspace/athena-robot-dog/modules/message/ros2/install/perception_msgs/lib:/home/meizan/workspace/athena-robot-dog/modules/message/ros2/install/perception_msg/lib:/opt/ros/foxy/opt/yaml_cpp_vendor/lib:/opt/ros/foxy/opt/rviz_ogre_vendor/lib:/opt/ros/foxy/lib/x86_64-linux-gnu:/opt/ros/foxy/lib:/home/zzy/third_party/x64/lib/boost:/home/zzy/third_party/x64/lib/boost:'), ('BROWSER', '/home/meizan/.vscode-server/cli/servers/Stable-4949701c880d4bdb949e3c0e6b400288da7f474b/server/bin/helpers/browser.sh'), ('MOTD_SHOWN', 'pam'), ('HOME', '/home/meizan'), ('OLDPWD', '/home/meizan/workspace/athena-robot-dog/modules/robot-dog-ros2/bin'), ('TERM_PROGRAM_VERSION', '1.99.2'), ('VSCODE_IPC_HOOK_CLI', '/run/user/1000/vscode-ipc-fb8fced2-2ee6-42f9-a705-72755f633a03.sock'), ('ROS_PYTHON_VERSION', '3'), ('VSCODE_GIT_ASKPASS_MAIN', '/home/meizan/.vscode-server/cli/servers/Stable-4949701c880d4bdb949e3c0e6b400288da7f474b/server/extensions/git/dist/askpass-main.js'), ('LC_MONETARY', 'zh_CN.UTF-8'), ('VSCODE_GIT_ASKPASS_NODE', '/home/meizan/.vscode-server/cli/servers/Stable-4949701c880d4bdb949e3c0e6b400288da7f474b/server/node'), ('SSL_CERT_FILE', '/usr/lib/ssl/certs/ca-certificates.crt'), ('DBUS_SESSION_BUS_ADDRESS', 'unix:path=/run/user/1000/bus'), ('COLORTERM', 'truecolor'), ('COLCON_PREFIX_PATH', '/home/meizan/workspace/athena-robot-dog/modules/message/ros2/install'), ('ROS_DISTRO', 'foxy'), ('LOGNAME', 'meizan'), ('_', '/usr/bin/colcon'), ('ROS_VERSION', '2'), ('XDG_SESSION_CLASS', 'user'), ('TERM', 'xterm-256color'), ('XDG_SESSION_ID', '902'), ('ROS_LOCALHOST_ONLY', '0'), ('PATH', '/opt/ros/foxy/bin:/home/meizan/Qt/6.5.3/gcc_64/bin:/home/meizan/Qt/Tools/CMake/bin:/home/meizan/.vscode-server/cli/servers/Stable-4949701c880d4bdb949e3c0e6b400288da7f474b/server/bin/remote-cli:/home/meizan/.local/bin:/home/meizan/bin:/home/meizan/Qt/6.5.3/gcc_64/bin:/home/meizan/Qt/Tools/CMake/bin:/usr/local/sbin:/usr/local/bin:/usr/sbin:/usr/bin:/sbin:/bin:/usr/games:/usr/local/games:/snap/bin:/home/zzy/.fishros/bin/:/opt/nodejs/node-v18.12.1-linux-x64/bin/:/home/zzy/.fishros/bin/:/opt/nodejs/node-v18.12.1-linux-x64/bin/'), ('PAPERSIZE', 'a4'), ('LC_ADDRESS', 'zh_CN.UTF-8'), ('XDG_RUNTIME_DIR', '/run/user/1000'), ('SSL_CERT_DIR', '/usr/lib/ssl/certs'), ('LANG', 'zh_CN.UTF-8'), ('LC_TELEPHONE', 'zh_CN.UTF-8'), ('RMW_IMPLEMENTATION', 'rmw_fastrtps_cpp'), ('LS_COLORS', 'rs=0:di=01;34:ln=01;36:mh=00:pi=40;33:so=01;35:do=01;35:bd=40;33;01:cd=40;33;01:or=40;31;01:mi=00:su=37;41:sg=30;43:ca=30;41:tw=30;42:ow=34;42:st=37;44:ex=01;32:*.tar=01;31:*.tgz=01;31:*.arc=01;31:*.arj=01;31:*.taz=01;31:*.lha=01;31:*.lz4=01;31:*.lzh=01;31:*.lzma=01;31:*.tlz=01;31:*.txz=01;31:*.tzo=01;31:*.t7z=01;31:*.zip=01;31:*.z=01;31:*.dz=01;31:*.gz=01;31:*.lrz=01;31:*.lz=01;31:*.lzo=01;31:*.xz=01;31:*.zst=01;31:*.tzst=01;31:*.bz2=01;31:*.bz=01;31:*.tbz=01;31:*.tbz2=01;31:*.tz=01;31:*.deb=01;31:*.rpm=01;31:*.jar=01;31:*.war=01;31:*.ear=01;31:*.sar=01;31:*.rar=01;31:*.alz=01;31:*.ace=01;31:*.zoo=01;31:*.cpio=01;31:*.7z=01;31:*.rz=01;31:*.cab=01;31:*.wim=01;31:*.swm=01;31:*.dwm=01;31:*.esd=01;31:*.jpg=01;35:*.jpeg=01;35:*.mjpg=01;35:*.mjpeg=01;35:*.gif=01;35:*.bmp=01;35:*.pbm=01;35:*.pgm=01;35:*.ppm=01;35:*.tga=01;35:*.xbm=01;35:*.xpm=01;35:*.tif=01;35:*.tiff=01;35:*.png=01;35:*.svg=01;35:*.svgz=01;35:*.mng=01;35:*.pcx=01;35:*.mov=01;35:*.mpg=01;35:*.mpeg=01;35:*.m2v=01;35:*.mkv=01;35:*.webm=01;35:*.ogm=01;35:*.mp4=01;35:*.m4v=01;35:*.mp4v=01;35:*.vob=01;35:*.qt=01;35:*.nuv=01;35:*.wmv=01;35:*.asf=01;35:*.rm=01;35:*.rmvb=01;35:*.flc=01;35:*.avi=01;35:*.fli=01;35:*.flv=01;35:*.gl=01;35:*.dl=01;35:*.xcf=01;35:*.xwd=01;35:*.yuv=01;35:*.cgm=01;35:*.emf=01;35:*.ogv=01;35:*.ogx=01;35:*.aac=00;36:*.au=00;36:*.flac=00;36:*.m4a=00;36:*.mid=00;36:*.midi=00;36:*.mka=00;36:*.mp3=00;36:*.mpc=00;36:*.ogg=00;36:*.ra=00;36:*.wav=00;36:*.oga=00;36:*.opus=00;36:*.spx=00;36:*.xspf=00;36:'), ('VSCODE_GIT_IPC_HANDLE', '/run/user/1000/vscode-git-1fd6bdd323.sock'), ('TERM_PROGRAM', 'vscode'), ('AMENT_PREFIX_PATH', '/home/meizan/workspace/athena-robot-dog/modules/message/ros2/install/perception_msgs:/home/meizan/workspace/athena-robot-dog/modules/message/ros2/install/perception_msg:/opt/ros/foxy'), ('SHELL', '/bin/bash'), ('LC_NAME', 'zh_CN.UTF-8'), ('ROS_MASTER_URI', 'http://localhost:11311'), ('LESSCLOSE', '/usr/bin/lesspipe %s %s'), ('LC_MEASUREMENT', 'zh_CN.UTF-8'), ('LC_IDENTIFICATION', 'zh_CN.UTF-8'), ('VSCODE_GIT_ASKPASS_EXTRA_ARGS', ''), ('PWD', '/home/meizan/workspace/athena-robot-dog/modules/message/ros2/build/perception_msgs'), ('LC_ALL', 'en_US.UTF-8'), ('GEMINI_API_KEY', 'AIzaSyBkdyupdpVhL7Dd9iWMim7KX0N3CkFMDio'), ('SSH_CONNECTION', '192.168.2.173 58589 192.168.2.181 22'), ('XDG_DATA_DIRS', '/usr/local/share:/usr/share:/var/lib/snapd/desktop'), ('PYTHONPATH', '/home/meizan/workspace/athena-robot-dog/modules/message/ros2/install/perception_msgs/lib/python3.8/site-packages:/home/meizan/workspace/athena-robot-dog/modules/message/ros2/install/perception_msg/lib/python3.8/site-packages:/opt/ros/foxy/lib/python3.8/site-packages'), ('ROS_HOSTNAME', 'localhost'), ('LC_NUMERIC', 'zh_CN.UTF-8'), ('LC_PAPER', 'zh_CN.UTF-8'), ('COLCON', '1'), ('CMAKE_PREFIX_PATH', '/home/meizan/workspace/athena-robot-dog/modules/message/ros2/install/perception_msgs:/home/meizan/workspace/athena-robot-dog/modules/message/ros2/install/perception_msg:/opt/ros/foxy')]), 'shell': False}
[0.980677] (perception_msgs) StdoutLine: {'line': b'[  1%] \x1b[34m\x1b[1mGenerating C code for ROS interfaces\x1b[0m\n'}
[0.983650] (perception_msgs) StdoutLine: {'line': b'[  2%] \x1b[34m\x1b[1mGenerating C++ code for ROS interfaces\x1b[0m\n'}
[1.000808] (-) TimerEvent: {}
[1.101190] (-) TimerEvent: {}
[1.201580] (-) TimerEvent: {}
[1.301987] (-) TimerEvent: {}
[1.402379] (-) TimerEvent: {}
[1.502764] (-) TimerEvent: {}
[1.603066] (-) TimerEvent: {}
[1.703390] (-) TimerEvent: {}
[1.803666] (-) TimerEvent: {}
[1.903973] (-) TimerEvent: {}
[1.924898] (perception_msgs) StdoutLine: {'line': b'[  3%] \x1b[32mBuilding C object CMakeFiles/perception_msgs__rosidl_generator_c.dir/rosidl_generator_c/perception_msgs/msg/detail/action_entry__functions.c.o\x1b[0m\n'}
[1.926032] (perception_msgs) StdoutLine: {'line': b'[  4%] \x1b[32mBuilding C object CMakeFiles/perception_msgs__rosidl_generator_c.dir/rosidl_generator_c/perception_msgs/msg/detail/alarm_entry__functions.c.o\x1b[0m\n'}
[1.928139] (perception_msgs) StdoutLine: {'line': b'[  6%] \x1b[32mBuilding C object CMakeFiles/perception_msgs__rosidl_generator_c.dir/rosidl_generator_c/perception_msgs/msg/detail/perc_req__functions.c.o\x1b[0m\n'}
[1.928470] (perception_msgs) StdoutLine: {'line': b'[  6%] \x1b[32mBuilding C object CMakeFiles/perception_msgs__rosidl_generator_c.dir/rosidl_generator_c/perception_msgs/msg/detail/perc_state__functions.c.o\x1b[0m\n'}
[1.928565] (perception_msgs) StdoutLine: {'line': b'[  8%] \x1b[32mBuilding C object CMakeFiles/perception_msgs__rosidl_generator_c.dir/rosidl_generator_c/perception_msgs/msg/detail/perc_cmd__functions.c.o\x1b[0m\n'}
[1.929635] (perception_msgs) StdoutLine: {'line': b'[  8%] Built target perception_msgs__cpp\n'}
[1.929888] (perception_msgs) StdoutLine: {'line': b'[  9%] \x1b[32mBuilding C object CMakeFiles/perception_msgs__rosidl_generator_c.dir/rosidl_generator_c/perception_msgs/msg/detail/task_list__functions.c.o\x1b[0m\n'}
[1.932222] (perception_msgs) StdoutLine: {'line': b'[ 10%] \x1b[32mBuilding C object CMakeFiles/perception_msgs__rosidl_generator_c.dir/rosidl_generator_c/perception_msgs/msg/detail/dog_state__functions.c.o\x1b[0m\n'}
[1.932452] (perception_msgs) StdoutLine: {'line': b'[ 11%] \x1b[32mBuilding C object CMakeFiles/perception_msgs__rosidl_generator_c.dir/rosidl_generator_c/perception_msgs/srv/detail/dog_record_bag__functions.c.o\x1b[0m\n'}
[1.979977] (perception_msgs) StdoutLine: {'line': b'[ 12%] \x1b[34m\x1b[1mGenerating C++ type support dispatch for ROS interfaces\x1b[0m\n'}
[1.982109] (perception_msgs) StdoutLine: {'line': b'[ 13%] \x1b[34m\x1b[1mGenerating C++ type support for eProsima Fast-RTPS\x1b[0m\n'}
[1.982539] (perception_msgs) StdoutLine: {'line': b'[ 14%] \x1b[34m\x1b[1mGenerating C++ introspection for ROS interfaces\x1b[0m\n'}
[1.996028] (perception_msgs) StdoutLine: {'line': b'[ 16%] \x1b[32m\x1b[1mLinking C shared library libperception_msgs__rosidl_generator_c.so\x1b[0m\n'}
[2.004068] (-) TimerEvent: {}
[2.018677] (perception_msgs) StdoutLine: {'line': b'[ 16%] Built target perception_msgs__rosidl_generator_c\n'}
[2.021987] (perception_msgs) StdoutLine: {'line': b'[ 17%] \x1b[34m\x1b[1mGenerating C type support dispatch for ROS interfaces\x1b[0m\n'}
[2.023231] (perception_msgs) StdoutLine: {'line': b'[ 18%] \x1b[34m\x1b[1mGenerating C introspection for ROS interfaces\x1b[0m\n'}
[2.104171] (-) TimerEvent: {}
[2.204654] (-) TimerEvent: {}
[2.305090] (-) TimerEvent: {}
[2.405551] (-) TimerEvent: {}
[2.505999] (-) TimerEvent: {}
[2.606429] (-) TimerEvent: {}
[2.706920] (-) TimerEvent: {}
[2.791698] (perception_msgs) StdoutLine: {'line': b'[ 20%] \x1b[32mBuilding CXX object CMakeFiles/perception_msgs__rosidl_typesupport_cpp.dir/rosidl_typesupport_cpp/perception_msgs/msg/alarm_entry__type_support.cpp.o\x1b[0m\n'}
[2.792426] (perception_msgs) StdoutLine: {'line': b'[ 21%] \x1b[32mBuilding CXX object CMakeFiles/perception_msgs__rosidl_typesupport_cpp.dir/rosidl_typesupport_cpp/perception_msgs/msg/perc_state__type_support.cpp.o\x1b[0m\n'}
[2.792716] (perception_msgs) StdoutLine: {'line': b'[ 22%] \x1b[32mBuilding CXX object CMakeFiles/perception_msgs__rosidl_typesupport_cpp.dir/rosidl_typesupport_cpp/perception_msgs/msg/perc_cmd__type_support.cpp.o\x1b[0m\n'}
[2.792811] (perception_msgs) StdoutLine: {'line': b'[ 22%] \x1b[32mBuilding CXX object CMakeFiles/perception_msgs__rosidl_typesupport_cpp.dir/rosidl_typesupport_cpp/perception_msgs/msg/action_entry__type_support.cpp.o\x1b[0m\n'}
[2.806965] (-) TimerEvent: {}
[2.875839] (perception_msgs) StdoutLine: {'line': b'[ 24%] \x1b[32mBuilding CXX object CMakeFiles/perception_msgs__rosidl_typesupport_c.dir/rosidl_typesupport_c/perception_msgs/msg/action_entry__type_support.cpp.o\x1b[0m\n'}
[2.886578] (perception_msgs) StdoutLine: {'line': b'[ 25%] \x1b[32mBuilding CXX object CMakeFiles/perception_msgs__rosidl_typesupport_introspection_cpp.dir/rosidl_typesupport_introspection_cpp/perception_msgs/msg/detail/action_entry__type_support.cpp.o\x1b[0m\n'}
[2.904702] (perception_msgs) StdoutLine: {'line': b'[ 26%] \x1b[32mBuilding CXX object CMakeFiles/perception_msgs__rosidl_typesupport_c.dir/rosidl_typesupport_c/perception_msgs/msg/alarm_entry__type_support.cpp.o\x1b[0m\n'}
[2.907044] (-) TimerEvent: {}
[2.934765] (perception_msgs) StdoutLine: {'line': b'[ 27%] \x1b[32mBuilding CXX object CMakeFiles/perception_msgs__rosidl_typesupport_c.dir/rosidl_typesupport_c/perception_msgs/msg/perc_cmd__type_support.cpp.o\x1b[0m\n'}
[2.964337] (perception_msgs) StdoutLine: {'line': b'[ 28%] \x1b[32mBuilding CXX object CMakeFiles/perception_msgs__rosidl_typesupport_c.dir/rosidl_typesupport_c/perception_msgs/msg/perc_state__type_support.cpp.o\x1b[0m\n'}
[2.993929] (perception_msgs) StdoutLine: {'line': b'[ 29%] \x1b[32mBuilding CXX object CMakeFiles/perception_msgs__rosidl_typesupport_c.dir/rosidl_typesupport_c/perception_msgs/msg/perc_req__type_support.cpp.o\x1b[0m\n'}
[3.007144] (-) TimerEvent: {}
[3.023541] (perception_msgs) StdoutLine: {'line': b'[ 31%] \x1b[32mBuilding CXX object CMakeFiles/perception_msgs__rosidl_typesupport_c.dir/rosidl_typesupport_c/perception_msgs/msg/task_list__type_support.cpp.o\x1b[0m\n'}
[3.055065] (perception_msgs) StdoutLine: {'line': b'[ 32%] \x1b[32mBuilding CXX object CMakeFiles/perception_msgs__rosidl_typesupport_c.dir/rosidl_typesupport_c/perception_msgs/msg/dog_state__type_support.cpp.o\x1b[0m\n'}
[3.084977] (perception_msgs) StdoutLine: {'line': b'[ 33%] \x1b[32mBuilding CXX object CMakeFiles/perception_msgs__rosidl_typesupport_c.dir/rosidl_typesupport_c/perception_msgs/srv/dog_record_bag__type_support.cpp.o\x1b[0m\n'}
[3.107243] (-) TimerEvent: {}
[3.117233] (perception_msgs) StdoutLine: {'line': b'[ 34%] \x1b[32m\x1b[1mLinking CXX shared library libperception_msgs__rosidl_typesupport_c.so\x1b[0m\n'}
[3.121827] (perception_msgs) StdoutLine: {'line': b'[ 35%] \x1b[32mBuilding CXX object CMakeFiles/perception_msgs__rosidl_typesupport_introspection_cpp.dir/rosidl_typesupport_introspection_cpp/perception_msgs/msg/detail/alarm_entry__type_support.cpp.o\x1b[0m\n'}
[3.126000] (perception_msgs) StdoutLine: {'line': b'[ 36%] \x1b[32mBuilding CXX object CMakeFiles/perception_msgs__rosidl_typesupport_cpp.dir/rosidl_typesupport_cpp/perception_msgs/msg/perc_req__type_support.cpp.o\x1b[0m\n'}
[3.126569] (perception_msgs) StdoutLine: {'line': b'[ 37%] \x1b[32mBuilding CXX object CMakeFiles/perception_msgs__rosidl_typesupport_cpp.dir/rosidl_typesupport_cpp/perception_msgs/msg/task_list__type_support.cpp.o\x1b[0m\n'}
[3.141619] (perception_msgs) StdoutLine: {'line': b'[ 39%] \x1b[32mBuilding CXX object CMakeFiles/perception_msgs__rosidl_typesupport_cpp.dir/rosidl_typesupport_cpp/perception_msgs/msg/dog_state__type_support.cpp.o\x1b[0m\n'}
[3.170969] (perception_msgs) StdoutLine: {'line': b'[ 39%] Built target perception_msgs__rosidl_typesupport_c\n'}
[3.174267] (perception_msgs) StdoutLine: {'line': b'[ 40%] \x1b[32mBuilding CXX object CMakeFiles/perception_msgs__rosidl_typesupport_cpp.dir/rosidl_typesupport_cpp/perception_msgs/srv/dog_record_bag__type_support.cpp.o\x1b[0m\n'}
[3.207338] (-) TimerEvent: {}
[3.307668] (-) TimerEvent: {}
[3.317049] (perception_msgs) StdoutLine: {'line': b'[ 41%] \x1b[32mBuilding CXX object CMakeFiles/perception_msgs__rosidl_typesupport_introspection_cpp.dir/rosidl_typesupport_introspection_cpp/perception_msgs/msg/detail/perc_cmd__type_support.cpp.o\x1b[0m\n'}
[3.407769] (-) TimerEvent: {}
[3.451437] (perception_msgs) StdoutLine: {'line': b'[ 42%] \x1b[32mBuilding CXX object CMakeFiles/perception_msgs__rosidl_typesupport_introspection_cpp.dir/rosidl_typesupport_introspection_cpp/perception_msgs/msg/detail/perc_state__type_support.cpp.o\x1b[0m\n'}
[3.479551] (perception_msgs) StdoutLine: {'line': b'[ 43%] \x1b[32mBuilding CXX object CMakeFiles/perception_msgs__rosidl_typesupport_introspection_cpp.dir/rosidl_typesupport_introspection_cpp/perception_msgs/msg/detail/perc_req__type_support.cpp.o\x1b[0m\n'}
[3.503073] (perception_msgs) StdoutLine: {'line': b'[ 44%] \x1b[32mBuilding CXX object CMakeFiles/perception_msgs__rosidl_typesupport_introspection_cpp.dir/rosidl_typesupport_introspection_cpp/perception_msgs/msg/detail/task_list__type_support.cpp.o\x1b[0m\n'}
[3.507872] (-) TimerEvent: {}
[3.533499] (perception_msgs) StdoutLine: {'line': b'[ 45%] \x1b[32mBuilding CXX object CMakeFiles/perception_msgs__rosidl_typesupport_introspection_cpp.dir/rosidl_typesupport_introspection_cpp/perception_msgs/msg/detail/dog_state__type_support.cpp.o\x1b[0m\n'}
[3.542261] (perception_msgs) StdoutLine: {'line': b'[ 47%] \x1b[32m\x1b[1mLinking CXX shared library libperception_msgs__rosidl_typesupport_cpp.so\x1b[0m\n'}
[3.607974] (-) TimerEvent: {}
[3.674330] (perception_msgs) StdoutLine: {'line': b'[ 47%] Built target perception_msgs__rosidl_typesupport_cpp\n'}
[3.678133] (perception_msgs) StdoutLine: {'line': b'[ 48%] \x1b[32mBuilding CXX object CMakeFiles/perception_msgs__rosidl_typesupport_introspection_cpp.dir/rosidl_typesupport_introspection_cpp/perception_msgs/srv/detail/dog_record_bag__type_support.cpp.o\x1b[0m\n'}
[3.708874] (-) TimerEvent: {}
[3.749345] (perception_msgs) StdoutLine: {'line': b'[ 49%] \x1b[32mBuilding C object CMakeFiles/perception_msgs__rosidl_typesupport_introspection_c.dir/rosidl_typesupport_introspection_c/perception_msgs/msg/detail/action_entry__type_support.c.o\x1b[0m\n'}
[3.752241] (perception_msgs) StdoutLine: {'line': b'[ 50%] \x1b[32mBuilding C object CMakeFiles/perception_msgs__rosidl_typesupport_introspection_c.dir/rosidl_typesupport_introspection_c/perception_msgs/msg/detail/alarm_entry__type_support.c.o\x1b[0m\n'}
[3.786816] (perception_msgs) StdoutLine: {'line': b'[ 51%] \x1b[32mBuilding CXX object CMakeFiles/perception_msgs__rosidl_typesupport_fastrtps_cpp.dir/rosidl_typesupport_fastrtps_cpp/perception_msgs/msg/detail/dds_fastrtps/action_entry__type_support.cpp.o\x1b[0m\n'}
[3.791906] (perception_msgs) StdoutLine: {'line': b'[ 52%] \x1b[32mBuilding C object CMakeFiles/perception_msgs__rosidl_typesupport_introspection_c.dir/rosidl_typesupport_introspection_c/perception_msgs/msg/detail/perc_cmd__type_support.c.o\x1b[0m\n'}
[3.793140] (perception_msgs) StdoutLine: {'line': b'[ 54%] \x1b[32mBuilding C object CMakeFiles/perception_msgs__rosidl_typesupport_introspection_c.dir/rosidl_typesupport_introspection_c/perception_msgs/msg/detail/perc_state__type_support.c.o\x1b[0m\n'}
[3.808984] (-) TimerEvent: {}
[3.816975] (perception_msgs) StdoutLine: {'line': b'[ 55%] \x1b[32mBuilding C object CMakeFiles/perception_msgs__rosidl_typesupport_introspection_c.dir/rosidl_typesupport_introspection_c/perception_msgs/msg/detail/perc_req__type_support.c.o\x1b[0m\n'}
[3.838660] (perception_msgs) StdoutLine: {'line': b'[ 56%] \x1b[32mBuilding CXX object CMakeFiles/perception_msgs__rosidl_typesupport_fastrtps_cpp.dir/rosidl_typesupport_fastrtps_cpp/perception_msgs/msg/detail/dds_fastrtps/alarm_entry__type_support.cpp.o\x1b[0m\n'}
[3.846027] (perception_msgs) StdoutLine: {'line': b'[ 57%] \x1b[32mBuilding CXX object CMakeFiles/perception_msgs__rosidl_typesupport_fastrtps_cpp.dir/rosidl_typesupport_fastrtps_cpp/perception_msgs/msg/detail/dds_fastrtps/perc_cmd__type_support.cpp.o\x1b[0m\n'}
[3.848600] (perception_msgs) StdoutLine: {'line': b'[ 58%] \x1b[32mBuilding C object CMakeFiles/perception_msgs__rosidl_typesupport_introspection_c.dir/rosidl_typesupport_introspection_c/perception_msgs/msg/detail/task_list__type_support.c.o\x1b[0m\n'}
[3.850321] (perception_msgs) StdoutLine: {'line': b'[ 59%] \x1b[32mBuilding CXX object CMakeFiles/perception_msgs__rosidl_typesupport_fastrtps_cpp.dir/rosidl_typesupport_fastrtps_cpp/perception_msgs/msg/detail/dds_fastrtps/perc_state__type_support.cpp.o\x1b[0m\n'}
[3.890782] (perception_msgs) StdoutLine: {'line': b'[ 60%] \x1b[32mBuilding CXX object CMakeFiles/perception_msgs__rosidl_typesupport_fastrtps_cpp.dir/rosidl_typesupport_fastrtps_cpp/perception_msgs/msg/detail/dds_fastrtps/perc_req__type_support.cpp.o\x1b[0m\n'}
[3.896036] (perception_msgs) StdoutLine: {'line': b'[ 62%] \x1b[32mBuilding C object CMakeFiles/perception_msgs__rosidl_typesupport_introspection_c.dir/rosidl_typesupport_introspection_c/perception_msgs/msg/detail/dog_state__type_support.c.o\x1b[0m\n'}
[3.913862] (-) TimerEvent: {}
[3.944127] (perception_msgs) StdoutLine: {'line': b'[ 63%] \x1b[32mBuilding C object CMakeFiles/perception_msgs__rosidl_typesupport_introspection_c.dir/rosidl_typesupport_introspection_c/perception_msgs/srv/detail/dog_record_bag__type_support.c.o\x1b[0m\n'}
[3.975317] (perception_msgs) StdoutLine: {'line': b'[ 64%] \x1b[32mBuilding CXX object CMakeFiles/perception_msgs__rosidl_typesupport_fastrtps_cpp.dir/rosidl_typesupport_fastrtps_cpp/perception_msgs/msg/detail/dds_fastrtps/task_list__type_support.cpp.o\x1b[0m\n'}
[3.986271] (perception_msgs) StdoutLine: {'line': b'[ 65%] \x1b[32m\x1b[1mLinking C shared library libperception_msgs__rosidl_typesupport_introspection_c.so\x1b[0m\n'}
[4.013973] (-) TimerEvent: {}
[4.055276] (perception_msgs) StdoutLine: {'line': b'[ 65%] Built target perception_msgs__rosidl_typesupport_introspection_c\n'}
[4.069787] (perception_msgs) StdoutLine: {'line': b'[ 66%] \x1b[32mBuilding CXX object CMakeFiles/perception_msgs__rosidl_typesupport_fastrtps_cpp.dir/rosidl_typesupport_fastrtps_cpp/perception_msgs/msg/detail/dds_fastrtps/dog_state__type_support.cpp.o\x1b[0m\n'}
[4.091083] (perception_msgs) StdoutLine: {'line': b'[ 67%] \x1b[32m\x1b[1mLinking CXX shared library libperception_msgs__rosidl_typesupport_introspection_cpp.so\x1b[0m\n'}
[4.114089] (-) TimerEvent: {}
[4.214472] (-) TimerEvent: {}
[4.304348] (perception_msgs) StdoutLine: {'line': b'[ 68%] \x1b[32mBuilding CXX object CMakeFiles/perception_msgs__rosidl_typesupport_fastrtps_cpp.dir/rosidl_typesupport_fastrtps_cpp/perception_msgs/srv/detail/dds_fastrtps/dog_record_bag__type_support.cpp.o\x1b[0m\n'}
[4.314584] (-) TimerEvent: {}
[4.356049] (perception_msgs) StdoutLine: {'line': b'[ 68%] Built target perception_msgs__rosidl_typesupport_introspection_cpp\n'}
[4.414697] (-) TimerEvent: {}
[4.515209] (-) TimerEvent: {}
[4.615493] (-) TimerEvent: {}
[4.680408] (perception_msgs) StdoutLine: {'line': b'[ 70%] \x1b[32m\x1b[1mLinking CXX shared library libperception_msgs__rosidl_typesupport_fastrtps_cpp.so\x1b[0m\n'}
[4.715611] (-) TimerEvent: {}
[4.744293] (perception_msgs) StdoutLine: {'line': b'[ 70%] Built target perception_msgs__rosidl_typesupport_fastrtps_cpp\n'}
[4.747767] (perception_msgs) StdoutLine: {'line': b'[ 71%] \x1b[34m\x1b[1mGenerating C type support for eProsima Fast-RTPS\x1b[0m\n'}
[4.815722] (-) TimerEvent: {}
[4.916014] (-) TimerEvent: {}
[5.016306] (-) TimerEvent: {}
[5.116623] (-) TimerEvent: {}
[5.216908] (-) TimerEvent: {}
[5.317268] (-) TimerEvent: {}
[5.417700] (-) TimerEvent: {}
[5.518109] (-) TimerEvent: {}
[5.580622] (perception_msgs) StdoutLine: {'line': b'[ 73%] \x1b[32mBuilding CXX object CMakeFiles/perception_msgs__rosidl_typesupport_fastrtps_c.dir/rosidl_typesupport_fastrtps_c/perception_msgs/msg/detail/alarm_entry__type_support_c.cpp.o\x1b[0m\n'}
[5.581054] (perception_msgs) StdoutLine: {'line': b'[ 74%] \x1b[32mBuilding CXX object CMakeFiles/perception_msgs__rosidl_typesupport_fastrtps_c.dir/rosidl_typesupport_fastrtps_c/perception_msgs/msg/detail/action_entry__type_support_c.cpp.o\x1b[0m\n'}
[5.581250] (perception_msgs) StdoutLine: {'line': b'[ 75%] \x1b[32mBuilding CXX object CMakeFiles/perception_msgs__rosidl_typesupport_fastrtps_c.dir/rosidl_typesupport_fastrtps_c/perception_msgs/msg/detail/perc_cmd__type_support_c.cpp.o\x1b[0m\n'}
[5.581354] (perception_msgs) StdoutLine: {'line': b'[ 75%] \x1b[32mBuilding CXX object CMakeFiles/perception_msgs__rosidl_typesupport_fastrtps_c.dir/rosidl_typesupport_fastrtps_c/perception_msgs/msg/detail/perc_state__type_support_c.cpp.o\x1b[0m\n'}
[5.581437] (perception_msgs) StdoutLine: {'line': b'[ 77%] \x1b[32mBuilding CXX object CMakeFiles/perception_msgs__rosidl_typesupport_fastrtps_c.dir/rosidl_typesupport_fastrtps_c/perception_msgs/msg/detail/perc_req__type_support_c.cpp.o\x1b[0m\n'}
[5.581549] (perception_msgs) StdoutLine: {'line': b'[ 78%] \x1b[32mBuilding CXX object CMakeFiles/perception_msgs__rosidl_typesupport_fastrtps_c.dir/rosidl_typesupport_fastrtps_c/perception_msgs/srv/detail/dog_record_bag__type_support_c.cpp.o\x1b[0m\n'}
[5.581626] (perception_msgs) StdoutLine: {'line': b'[ 79%] \x1b[32mBuilding CXX object CMakeFiles/perception_msgs__rosidl_typesupport_fastrtps_c.dir/rosidl_typesupport_fastrtps_c/perception_msgs/msg/detail/task_list__type_support_c.cpp.o\x1b[0m\n'}
[5.581696] (perception_msgs) StdoutLine: {'line': b'[ 80%] \x1b[32mBuilding CXX object CMakeFiles/perception_msgs__rosidl_typesupport_fastrtps_c.dir/rosidl_typesupport_fastrtps_c/perception_msgs/msg/detail/dog_state__type_support_c.cpp.o\x1b[0m\n'}
[5.618230] (-) TimerEvent: {}
[5.718615] (-) TimerEvent: {}
[5.818983] (-) TimerEvent: {}
[5.919365] (-) TimerEvent: {}
[6.019012] (perception_msgs) StdoutLine: {'line': b'[ 81%] \x1b[32m\x1b[1mLinking CXX shared library libperception_msgs__rosidl_typesupport_fastrtps_c.so\x1b[0m\n'}
[6.019418] (-) TimerEvent: {}
[6.076786] (perception_msgs) StdoutLine: {'line': b'[ 81%] Built target perception_msgs__rosidl_typesupport_fastrtps_c\n'}
[6.083012] (perception_msgs) StdoutLine: {'line': b'[ 81%] Built target perception_msgs\n'}
[6.089086] (perception_msgs) StdoutLine: {'line': b'[ 82%] \x1b[34m\x1b[1mGenerating Python code for ROS interfaces\x1b[0m\n'}
[6.119517] (-) TimerEvent: {}
[6.219800] (-) TimerEvent: {}
[6.320118] (-) TimerEvent: {}
[6.420416] (-) TimerEvent: {}
[6.520740] (-) TimerEvent: {}
[6.621079] (-) TimerEvent: {}
[6.721447] (-) TimerEvent: {}
[6.821733] (-) TimerEvent: {}
[6.922070] (-) TimerEvent: {}
[7.022408] (-) TimerEvent: {}
[7.122726] (-) TimerEvent: {}
[7.223076] (-) TimerEvent: {}
[7.323360] (-) TimerEvent: {}
[7.423680] (-) TimerEvent: {}
[7.523964] (-) TimerEvent: {}
[7.624252] (-) TimerEvent: {}
[7.724533] (-) TimerEvent: {}
[7.776790] (perception_msgs) StdoutLine: {'line': b'[ 82%] Built target perception_msgs__py\n'}
[7.783892] (perception_msgs) StdoutLine: {'line': b'[ 83%] \x1b[32mBuilding C object CMakeFiles/perception_msgs__python.dir/rosidl_generator_py/perception_msgs/msg/_action_entry_s.c.o\x1b[0m\n'}
[7.784180] (perception_msgs) StdoutLine: {'line': b'[ 87%] \x1b[32mBuilding C object CMakeFiles/perception_msgs__python.dir/rosidl_generator_py/perception_msgs/msg/_perc_req_s.c.o\x1b[0m\n'}
[7.784352] (perception_msgs) StdoutLine: {'line': b'[ 88%] \x1b[32mBuilding C object CMakeFiles/perception_msgs__python.dir/rosidl_generator_py/perception_msgs/msg/_task_list_s.c.o\x1b[0m\n'}
[7.784460] (perception_msgs) StdoutLine: {'line': b'[ 89%] \x1b[32mBuilding C object CMakeFiles/perception_msgs__python.dir/rosidl_generator_py/perception_msgs/msg/_dog_state_s.c.o\x1b[0m\n'}
[7.784542] (perception_msgs) StdoutLine: {'line': b'[ 90%] \x1b[32mBuilding C object CMakeFiles/perception_msgs__python.dir/rosidl_generator_py/perception_msgs/srv/_dog_record_bag_s.c.o\x1b[0m\n'}
[7.784650] (perception_msgs) StdoutLine: {'line': b'[ 91%] \x1b[32mBuilding C object CMakeFiles/perception_msgs__python.dir/rosidl_generator_py/perception_msgs/msg/_perc_cmd_s.c.o\x1b[0m\n'}
[7.784723] (perception_msgs) StdoutLine: {'line': b'[ 91%] \x1b[32mBuilding C object CMakeFiles/perception_msgs__python.dir/rosidl_generator_py/perception_msgs/msg/_perc_state_s.c.o\x1b[0m\n'}
[7.784796] (perception_msgs) StdoutLine: {'line': b'[ 91%] \x1b[32mBuilding C object CMakeFiles/perception_msgs__python.dir/rosidl_generator_py/perception_msgs/msg/_alarm_entry_s.c.o\x1b[0m\n'}
[7.824649] (-) TimerEvent: {}
[7.902495] (perception_msgs) StdoutLine: {'line': b'[ 93%] \x1b[32m\x1b[1mLinking C shared library rosidl_generator_py/perception_msgs/libperception_msgs__python.so\x1b[0m\n'}
[7.924781] (-) TimerEvent: {}
[7.926768] (perception_msgs) StdoutLine: {'line': b'[ 93%] Built target perception_msgs__python\n'}
[7.932766] (perception_msgs) StdoutLine: {'line': b'[ 94%] \x1b[32mBuilding C object CMakeFiles/perception_msgs__rosidl_typesupport_fastrtps_c__pyext.dir/rosidl_generator_py/perception_msgs/_perception_msgs_s.ep.rosidl_typesupport_fastrtps_c.c.o\x1b[0m\n'}
[7.932992] (perception_msgs) StdoutLine: {'line': b'[ 95%] \x1b[32mBuilding C object CMakeFiles/perception_msgs__rosidl_typesupport_c__pyext.dir/rosidl_generator_py/perception_msgs/_perception_msgs_s.ep.rosidl_typesupport_c.c.o\x1b[0m\n'}
[7.933124] (perception_msgs) StdoutLine: {'line': b'[ 96%] \x1b[32mBuilding C object CMakeFiles/perception_msgs__rosidl_typesupport_introspection_c__pyext.dir/rosidl_generator_py/perception_msgs/_perception_msgs_s.ep.rosidl_typesupport_introspection_c.c.o\x1b[0m\n'}
[8.005960] (perception_msgs) StdoutLine: {'line': b'[ 98%] \x1b[32m\x1b[1mLinking C shared library rosidl_generator_py/perception_msgs/perception_msgs_s__rosidl_typesupport_c.cpython-38-x86_64-linux-gnu.so\x1b[0m\n'}
[8.006159] (perception_msgs) StdoutLine: {'line': b'[ 98%] \x1b[32m\x1b[1mLinking C shared library rosidl_generator_py/perception_msgs/perception_msgs_s__rosidl_typesupport_introspection_c.cpython-38-x86_64-linux-gnu.so\x1b[0m\n'}
[8.006406] (perception_msgs) StdoutLine: {'line': b'[100%] \x1b[32m\x1b[1mLinking CXX shared library rosidl_generator_py/perception_msgs/perception_msgs_s__rosidl_typesupport_fastrtps_c.cpython-38-x86_64-linux-gnu.so\x1b[0m\n'}
[8.024881] (-) TimerEvent: {}
[8.026580] (perception_msgs) StdoutLine: {'line': b'[100%] Built target perception_msgs__rosidl_typesupport_c__pyext\n'}
[8.026786] (perception_msgs) StdoutLine: {'line': b'[100%] Built target perception_msgs__rosidl_typesupport_introspection_c__pyext\n'}
[8.048610] (perception_msgs) StdoutLine: {'line': b'[100%] Built target perception_msgs__rosidl_typesupport_fastrtps_c__pyext\n'}
[8.052426] (perception_msgs) CommandEnded: {'returncode': 0}
[8.052943] (perception_msgs) JobProgress: {'identifier': 'perception_msgs', 'progress': 'install'}
[8.056610] (perception_msgs) Command: {'cmd': ['/home/meizan/Qt/Tools/CMake/bin/cmake', '--install', '/home/meizan/workspace/athena-robot-dog/modules/message/ros2/build/perception_msgs'], 'cwd': '/home/meizan/workspace/athena-robot-dog/modules/message/ros2/build/perception_msgs', 'env': OrderedDict([('LESSOPEN', '| /usr/bin/lesspipe %s'), ('LANGUAGE', 'zh_CN:en_US:en'), ('USER', 'meizan'), ('SSH_CLIENT', '192.168.2.173 58589 22'), ('LC_TIME', 'zh_CN.UTF-8'), ('XDG_SESSION_TYPE', 'tty'), ('GIT_ASKPASS', '/home/meizan/.vscode-server/cli/servers/Stable-4949701c880d4bdb949e3c0e6b400288da7f474b/server/extensions/git/dist/askpass.sh'), ('SHLVL', '1'), ('LD_LIBRARY_PATH', '/home/meizan/workspace/athena-robot-dog/modules/message/ros2/install/perception_msgs/lib:/home/meizan/workspace/athena-robot-dog/modules/message/ros2/install/perception_msg/lib:/opt/ros/foxy/opt/yaml_cpp_vendor/lib:/opt/ros/foxy/opt/rviz_ogre_vendor/lib:/opt/ros/foxy/lib/x86_64-linux-gnu:/opt/ros/foxy/lib:/home/zzy/third_party/x64/lib/boost:/home/zzy/third_party/x64/lib/boost:'), ('BROWSER', '/home/meizan/.vscode-server/cli/servers/Stable-4949701c880d4bdb949e3c0e6b400288da7f474b/server/bin/helpers/browser.sh'), ('MOTD_SHOWN', 'pam'), ('HOME', '/home/meizan'), ('OLDPWD', '/home/meizan/workspace/athena-robot-dog/modules/robot-dog-ros2/bin'), ('TERM_PROGRAM_VERSION', '1.99.2'), ('VSCODE_IPC_HOOK_CLI', '/run/user/1000/vscode-ipc-fb8fced2-2ee6-42f9-a705-72755f633a03.sock'), ('ROS_PYTHON_VERSION', '3'), ('VSCODE_GIT_ASKPASS_MAIN', '/home/meizan/.vscode-server/cli/servers/Stable-4949701c880d4bdb949e3c0e6b400288da7f474b/server/extensions/git/dist/askpass-main.js'), ('LC_MONETARY', 'zh_CN.UTF-8'), ('VSCODE_GIT_ASKPASS_NODE', '/home/meizan/.vscode-server/cli/servers/Stable-4949701c880d4bdb949e3c0e6b400288da7f474b/server/node'), ('SSL_CERT_FILE', '/usr/lib/ssl/certs/ca-certificates.crt'), ('DBUS_SESSION_BUS_ADDRESS', 'unix:path=/run/user/1000/bus'), ('COLORTERM', 'truecolor'), ('COLCON_PREFIX_PATH', '/home/meizan/workspace/athena-robot-dog/modules/message/ros2/install'), ('ROS_DISTRO', 'foxy'), ('LOGNAME', 'meizan'), ('_', '/usr/bin/colcon'), ('ROS_VERSION', '2'), ('XDG_SESSION_CLASS', 'user'), ('TERM', 'xterm-256color'), ('XDG_SESSION_ID', '902'), ('ROS_LOCALHOST_ONLY', '0'), ('PATH', '/opt/ros/foxy/bin:/home/meizan/Qt/6.5.3/gcc_64/bin:/home/meizan/Qt/Tools/CMake/bin:/home/meizan/.vscode-server/cli/servers/Stable-4949701c880d4bdb949e3c0e6b400288da7f474b/server/bin/remote-cli:/home/meizan/.local/bin:/home/meizan/bin:/home/meizan/Qt/6.5.3/gcc_64/bin:/home/meizan/Qt/Tools/CMake/bin:/usr/local/sbin:/usr/local/bin:/usr/sbin:/usr/bin:/sbin:/bin:/usr/games:/usr/local/games:/snap/bin:/home/zzy/.fishros/bin/:/opt/nodejs/node-v18.12.1-linux-x64/bin/:/home/zzy/.fishros/bin/:/opt/nodejs/node-v18.12.1-linux-x64/bin/'), ('PAPERSIZE', 'a4'), ('LC_ADDRESS', 'zh_CN.UTF-8'), ('XDG_RUNTIME_DIR', '/run/user/1000'), ('SSL_CERT_DIR', '/usr/lib/ssl/certs'), ('LANG', 'zh_CN.UTF-8'), ('LC_TELEPHONE', 'zh_CN.UTF-8'), ('RMW_IMPLEMENTATION', 'rmw_fastrtps_cpp'), ('LS_COLORS', 'rs=0:di=01;34:ln=01;36:mh=00:pi=40;33:so=01;35:do=01;35:bd=40;33;01:cd=40;33;01:or=40;31;01:mi=00:su=37;41:sg=30;43:ca=30;41:tw=30;42:ow=34;42:st=37;44:ex=01;32:*.tar=01;31:*.tgz=01;31:*.arc=01;31:*.arj=01;31:*.taz=01;31:*.lha=01;31:*.lz4=01;31:*.lzh=01;31:*.lzma=01;31:*.tlz=01;31:*.txz=01;31:*.tzo=01;31:*.t7z=01;31:*.zip=01;31:*.z=01;31:*.dz=01;31:*.gz=01;31:*.lrz=01;31:*.lz=01;31:*.lzo=01;31:*.xz=01;31:*.zst=01;31:*.tzst=01;31:*.bz2=01;31:*.bz=01;31:*.tbz=01;31:*.tbz2=01;31:*.tz=01;31:*.deb=01;31:*.rpm=01;31:*.jar=01;31:*.war=01;31:*.ear=01;31:*.sar=01;31:*.rar=01;31:*.alz=01;31:*.ace=01;31:*.zoo=01;31:*.cpio=01;31:*.7z=01;31:*.rz=01;31:*.cab=01;31:*.wim=01;31:*.swm=01;31:*.dwm=01;31:*.esd=01;31:*.jpg=01;35:*.jpeg=01;35:*.mjpg=01;35:*.mjpeg=01;35:*.gif=01;35:*.bmp=01;35:*.pbm=01;35:*.pgm=01;35:*.ppm=01;35:*.tga=01;35:*.xbm=01;35:*.xpm=01;35:*.tif=01;35:*.tiff=01;35:*.png=01;35:*.svg=01;35:*.svgz=01;35:*.mng=01;35:*.pcx=01;35:*.mov=01;35:*.mpg=01;35:*.mpeg=01;35:*.m2v=01;35:*.mkv=01;35:*.webm=01;35:*.ogm=01;35:*.mp4=01;35:*.m4v=01;35:*.mp4v=01;35:*.vob=01;35:*.qt=01;35:*.nuv=01;35:*.wmv=01;35:*.asf=01;35:*.rm=01;35:*.rmvb=01;35:*.flc=01;35:*.avi=01;35:*.fli=01;35:*.flv=01;35:*.gl=01;35:*.dl=01;35:*.xcf=01;35:*.xwd=01;35:*.yuv=01;35:*.cgm=01;35:*.emf=01;35:*.ogv=01;35:*.ogx=01;35:*.aac=00;36:*.au=00;36:*.flac=00;36:*.m4a=00;36:*.mid=00;36:*.midi=00;36:*.mka=00;36:*.mp3=00;36:*.mpc=00;36:*.ogg=00;36:*.ra=00;36:*.wav=00;36:*.oga=00;36:*.opus=00;36:*.spx=00;36:*.xspf=00;36:'), ('VSCODE_GIT_IPC_HANDLE', '/run/user/1000/vscode-git-1fd6bdd323.sock'), ('TERM_PROGRAM', 'vscode'), ('AMENT_PREFIX_PATH', '/home/meizan/workspace/athena-robot-dog/modules/message/ros2/install/perception_msgs:/home/meizan/workspace/athena-robot-dog/modules/message/ros2/install/perception_msg:/opt/ros/foxy'), ('SHELL', '/bin/bash'), ('LC_NAME', 'zh_CN.UTF-8'), ('ROS_MASTER_URI', 'http://localhost:11311'), ('LESSCLOSE', '/usr/bin/lesspipe %s %s'), ('LC_MEASUREMENT', 'zh_CN.UTF-8'), ('LC_IDENTIFICATION', 'zh_CN.UTF-8'), ('VSCODE_GIT_ASKPASS_EXTRA_ARGS', ''), ('PWD', '/home/meizan/workspace/athena-robot-dog/modules/message/ros2/build/perception_msgs'), ('LC_ALL', 'en_US.UTF-8'), ('GEMINI_API_KEY', 'AIzaSyBkdyupdpVhL7Dd9iWMim7KX0N3CkFMDio'), ('SSH_CONNECTION', '192.168.2.173 58589 192.168.2.181 22'), ('XDG_DATA_DIRS', '/usr/local/share:/usr/share:/var/lib/snapd/desktop'), ('PYTHONPATH', '/home/meizan/workspace/athena-robot-dog/modules/message/ros2/install/perception_msgs/lib/python3.8/site-packages:/home/meizan/workspace/athena-robot-dog/modules/message/ros2/install/perception_msg/lib/python3.8/site-packages:/opt/ros/foxy/lib/python3.8/site-packages'), ('ROS_HOSTNAME', 'localhost'), ('LC_NUMERIC', 'zh_CN.UTF-8'), ('LC_PAPER', 'zh_CN.UTF-8'), ('COLCON', '1'), ('CMAKE_PREFIX_PATH', '/home/meizan/workspace/athena-robot-dog/modules/message/ros2/install/perception_msgs:/home/meizan/workspace/athena-robot-dog/modules/message/ros2/install/perception_msg:/opt/ros/foxy')]), 'shell': False}
[8.060203] (perception_msgs) StdoutLine: {'line': b'-- Install configuration: ""\n'}
[8.060378] (perception_msgs) StdoutLine: {'line': b'-- Installing: /home/meizan/workspace/athena-robot-dog/modules/message/ros2/install/perception_msgs/share/ament_index/resource_index/rosidl_interfaces/perception_msgs\n'}
[8.060474] (perception_msgs) StdoutLine: {'line': b'-- Installing: /home/meizan/workspace/athena-robot-dog/modules/message/ros2/install/perception_msgs/include/perception_msgs\n'}
[8.060544] (perception_msgs) StdoutLine: {'line': b'-- Installing: /home/meizan/workspace/athena-robot-dog/modules/message/ros2/install/perception_msgs/include/perception_msgs/msg\n'}
[8.060609] (perception_msgs) StdoutLine: {'line': b'-- Installing: /home/meizan/workspace/athena-robot-dog/modules/message/ros2/install/perception_msgs/include/perception_msgs/msg/action_entry.h\n'}
[8.060698] (perception_msgs) StdoutLine: {'line': b'-- Installing: /home/meizan/workspace/athena-robot-dog/modules/message/ros2/install/perception_msgs/include/perception_msgs/msg/perc_req.h\n'}
[8.060798] (perception_msgs) StdoutLine: {'line': b'-- Installing: /home/meizan/workspace/athena-robot-dog/modules/message/ros2/install/perception_msgs/include/perception_msgs/msg/detail\n'}
[8.060859] (perception_msgs) StdoutLine: {'line': b'-- Installing: /home/meizan/workspace/athena-robot-dog/modules/message/ros2/install/perception_msgs/include/perception_msgs/msg/detail/action_entry__functions.h\n'}
[8.060958] (perception_msgs) StdoutLine: {'line': b'-- Installing: /home/meizan/workspace/athena-robot-dog/modules/message/ros2/install/perception_msgs/include/perception_msgs/msg/detail/action_entry__functions.c\n'}
[8.061019] (perception_msgs) StdoutLine: {'line': b'-- Installing: /home/meizan/workspace/athena-robot-dog/modules/message/ros2/install/perception_msgs/include/perception_msgs/msg/detail/perc_cmd__functions.h\n'}
[8.061078] (perception_msgs) StdoutLine: {'line': b'-- Installing: /home/meizan/workspace/athena-robot-dog/modules/message/ros2/install/perception_msgs/include/perception_msgs/msg/detail/dog_state__type_support.h\n'}
[8.061137] (perception_msgs) StdoutLine: {'line': b'-- Installing: /home/meizan/workspace/athena-robot-dog/modules/message/ros2/install/perception_msgs/include/perception_msgs/msg/detail/alarm_entry__functions.c\n'}
[8.061208] (perception_msgs) StdoutLine: {'line': b'-- Installing: /home/meizan/workspace/athena-robot-dog/modules/message/ros2/install/perception_msgs/include/perception_msgs/msg/detail/perc_cmd__functions.c\n'}
[8.061264] (perception_msgs) StdoutLine: {'line': b'-- Installing: /home/meizan/workspace/athena-robot-dog/modules/message/ros2/install/perception_msgs/include/perception_msgs/msg/detail/dog_state__functions.h\n'}
[8.061332] (perception_msgs) StdoutLine: {'line': b'-- Installing: /home/meizan/workspace/athena-robot-dog/modules/message/ros2/install/perception_msgs/include/perception_msgs/msg/detail/task_list__functions.h\n'}
[8.061396] (perception_msgs) StdoutLine: {'line': b'-- Installing: /home/meizan/workspace/athena-robot-dog/modules/message/ros2/install/perception_msgs/include/perception_msgs/msg/detail/perc_cmd__type_support.h\n'}
[8.061467] (perception_msgs) StdoutLine: {'line': b'-- Installing: /home/meizan/workspace/athena-robot-dog/modules/message/ros2/install/perception_msgs/include/perception_msgs/msg/detail/dog_state__struct.h\n'}
[8.061533] (perception_msgs) StdoutLine: {'line': b'-- Installing: /home/meizan/workspace/athena-robot-dog/modules/message/ros2/install/perception_msgs/include/perception_msgs/msg/detail/action_entry__type_support.h\n'}
[8.061598] (perception_msgs) StdoutLine: {'line': b'-- Installing: /home/meizan/workspace/athena-robot-dog/modules/message/ros2/install/perception_msgs/include/perception_msgs/msg/detail/dog_state__functions.c\n'}
[8.061660] (perception_msgs) StdoutLine: {'line': b'-- Installing: /home/meizan/workspace/athena-robot-dog/modules/message/ros2/install/perception_msgs/include/perception_msgs/msg/detail/perc_req__functions.c\n'}
[8.061708] (perception_msgs) StdoutLine: {'line': b'-- Installing: /home/meizan/workspace/athena-robot-dog/modules/message/ros2/install/perception_msgs/include/perception_msgs/msg/detail/perc_state__type_support.h\n'}
[8.061754] (perception_msgs) StdoutLine: {'line': b'-- Installing: /home/meizan/workspace/athena-robot-dog/modules/message/ros2/install/perception_msgs/include/perception_msgs/msg/detail/task_list__struct.h\n'}
[8.061798] (perception_msgs) StdoutLine: {'line': b'-- Installing: /home/meizan/workspace/athena-robot-dog/modules/message/ros2/install/perception_msgs/include/perception_msgs/msg/detail/perc_req__struct.h\n'}
[8.061869] (perception_msgs) StdoutLine: {'line': b'-- Installing: /home/meizan/workspace/athena-robot-dog/modules/message/ros2/install/perception_msgs/include/perception_msgs/msg/detail/alarm_entry__struct.h\n'}
[8.061938] (perception_msgs) StdoutLine: {'line': b'-- Installing: /home/meizan/workspace/athena-robot-dog/modules/message/ros2/install/perception_msgs/include/perception_msgs/msg/detail/perc_req__functions.h\n'}
[8.062001] (perception_msgs) StdoutLine: {'line': b'-- Installing: /home/meizan/workspace/athena-robot-dog/modules/message/ros2/install/perception_msgs/include/perception_msgs/msg/detail/action_entry__struct.h\n'}
[8.062076] (perception_msgs) StdoutLine: {'line': b'-- Installing: /home/meizan/workspace/athena-robot-dog/modules/message/ros2/install/perception_msgs/include/perception_msgs/msg/detail/perc_req__type_support.h\n'}
[8.062137] (perception_msgs) StdoutLine: {'line': b'-- Installing: /home/meizan/workspace/athena-robot-dog/modules/message/ros2/install/perception_msgs/include/perception_msgs/msg/detail/perc_state__functions.h\n'}
[8.062201] (perception_msgs) StdoutLine: {'line': b'-- Installing: /home/meizan/workspace/athena-robot-dog/modules/message/ros2/install/perception_msgs/include/perception_msgs/msg/detail/alarm_entry__type_support.h\n'}
[8.062268] (perception_msgs) StdoutLine: {'line': b'-- Installing: /home/meizan/workspace/athena-robot-dog/modules/message/ros2/install/perception_msgs/include/perception_msgs/msg/detail/perc_state__struct.h\n'}
[8.062341] (perception_msgs) StdoutLine: {'line': b'-- Installing: /home/meizan/workspace/athena-robot-dog/modules/message/ros2/install/perception_msgs/include/perception_msgs/msg/detail/perc_state__functions.c\n'}
[8.062404] (perception_msgs) StdoutLine: {'line': b'-- Installing: /home/meizan/workspace/athena-robot-dog/modules/message/ros2/install/perception_msgs/include/perception_msgs/msg/detail/perc_cmd__struct.h\n'}
[8.062469] (perception_msgs) StdoutLine: {'line': b'-- Installing: /home/meizan/workspace/athena-robot-dog/modules/message/ros2/install/perception_msgs/include/perception_msgs/msg/detail/alarm_entry__functions.h\n'}
[8.062545] (perception_msgs) StdoutLine: {'line': b'-- Installing: /home/meizan/workspace/athena-robot-dog/modules/message/ros2/install/perception_msgs/include/perception_msgs/msg/detail/task_list__functions.c\n'}
[8.062618] (perception_msgs) StdoutLine: {'line': b'-- Installing: /home/meizan/workspace/athena-robot-dog/modules/message/ros2/install/perception_msgs/include/perception_msgs/msg/detail/task_list__type_support.h\n'}
[8.062681] (perception_msgs) StdoutLine: {'line': b'-- Installing: /home/meizan/workspace/athena-robot-dog/modules/message/ros2/install/perception_msgs/include/perception_msgs/msg/dog_state.h\n'}
[8.062744] (perception_msgs) StdoutLine: {'line': b'-- Installing: /home/meizan/workspace/athena-robot-dog/modules/message/ros2/install/perception_msgs/include/perception_msgs/msg/perc_cmd.h\n'}
[8.062805] (perception_msgs) StdoutLine: {'line': b'-- Installing: /home/meizan/workspace/athena-robot-dog/modules/message/ros2/install/perception_msgs/include/perception_msgs/msg/perc_state.h\n'}
[8.062865] (perception_msgs) StdoutLine: {'line': b'-- Installing: /home/meizan/workspace/athena-robot-dog/modules/message/ros2/install/perception_msgs/include/perception_msgs/msg/task_list.h\n'}
[8.062925] (perception_msgs) StdoutLine: {'line': b'-- Installing: /home/meizan/workspace/athena-robot-dog/modules/message/ros2/install/perception_msgs/include/perception_msgs/msg/rosidl_generator_c__visibility_control.h\n'}
[8.062994] (perception_msgs) StdoutLine: {'line': b'-- Installing: /home/meizan/workspace/athena-robot-dog/modules/message/ros2/install/perception_msgs/include/perception_msgs/msg/alarm_entry.h\n'}
[8.063071] (perception_msgs) StdoutLine: {'line': b'-- Installing: /home/meizan/workspace/athena-robot-dog/modules/message/ros2/install/perception_msgs/include/perception_msgs/srv\n'}
[8.063120] (perception_msgs) StdoutLine: {'line': b'-- Installing: /home/meizan/workspace/athena-robot-dog/modules/message/ros2/install/perception_msgs/include/perception_msgs/srv/detail\n'}
[8.063184] (perception_msgs) StdoutLine: {'line': b'-- Installing: /home/meizan/workspace/athena-robot-dog/modules/message/ros2/install/perception_msgs/include/perception_msgs/srv/detail/dog_record_bag__functions.h\n'}
[8.063233] (perception_msgs) StdoutLine: {'line': b'-- Installing: /home/meizan/workspace/athena-robot-dog/modules/message/ros2/install/perception_msgs/include/perception_msgs/srv/detail/dog_record_bag__functions.c\n'}
[8.063278] (perception_msgs) StdoutLine: {'line': b'-- Installing: /home/meizan/workspace/athena-robot-dog/modules/message/ros2/install/perception_msgs/include/perception_msgs/srv/detail/dog_record_bag__type_support.h\n'}
[8.063320] (perception_msgs) StdoutLine: {'line': b'-- Installing: /home/meizan/workspace/athena-robot-dog/modules/message/ros2/install/perception_msgs/include/perception_msgs/srv/detail/dog_record_bag__struct.h\n'}
[8.063384] (perception_msgs) StdoutLine: {'line': b'-- Installing: /home/meizan/workspace/athena-robot-dog/modules/message/ros2/install/perception_msgs/include/perception_msgs/srv/dog_record_bag.h\n'}
[8.063465] (perception_msgs) StdoutLine: {'line': b'-- Installing: /home/meizan/workspace/athena-robot-dog/modules/message/ros2/install/perception_msgs/share/perception_msgs/environment/library_path.sh\n'}
[8.063541] (perception_msgs) StdoutLine: {'line': b'-- Installing: /home/meizan/workspace/athena-robot-dog/modules/message/ros2/install/perception_msgs/share/perception_msgs/environment/library_path.dsv\n'}
[8.063604] (perception_msgs) StdoutLine: {'line': b'-- Installing: /home/meizan/workspace/athena-robot-dog/modules/message/ros2/install/perception_msgs/lib/libperception_msgs__rosidl_generator_c.so\n'}
[8.063667] (perception_msgs) StdoutLine: {'line': b'-- Set non-toolchain portion of runtime path of "/home/meizan/workspace/athena-robot-dog/modules/message/ros2/install/perception_msgs/lib/libperception_msgs__rosidl_generator_c.so" to ""\n'}
[8.063738] (perception_msgs) StdoutLine: {'line': b'-- Up-to-date: /home/meizan/workspace/athena-robot-dog/modules/message/ros2/install/perception_msgs/include/perception_msgs\n'}
[8.063801] (perception_msgs) StdoutLine: {'line': b'-- Up-to-date: /home/meizan/workspace/athena-robot-dog/modules/message/ros2/install/perception_msgs/include/perception_msgs/msg\n'}
[8.063865] (perception_msgs) StdoutLine: {'line': b'-- Installing: /home/meizan/workspace/athena-robot-dog/modules/message/ros2/install/perception_msgs/include/perception_msgs/msg/rosidl_typesupport_fastrtps_c__visibility_control.h\n'}
[8.063946] (perception_msgs) StdoutLine: {'line': b'-- Up-to-date: /home/meizan/workspace/athena-robot-dog/modules/message/ros2/install/perception_msgs/include/perception_msgs/msg/detail\n'}
[8.063992] (perception_msgs) StdoutLine: {'line': b'-- Installing: /home/meizan/workspace/athena-robot-dog/modules/message/ros2/install/perception_msgs/include/perception_msgs/msg/detail/perc_state__rosidl_typesupport_fastrtps_c.h\n'}
[8.064055] (perception_msgs) StdoutLine: {'line': b'-- Installing: /home/meizan/workspace/athena-robot-dog/modules/message/ros2/install/perception_msgs/include/perception_msgs/msg/detail/alarm_entry__rosidl_typesupport_fastrtps_c.h\n'}
[8.064101] (perception_msgs) StdoutLine: {'line': b'-- Installing: /home/meizan/workspace/athena-robot-dog/modules/message/ros2/install/perception_msgs/include/perception_msgs/msg/detail/perc_req__rosidl_typesupport_fastrtps_c.h\n'}
[8.064144] (perception_msgs) StdoutLine: {'line': b'-- Installing: /home/meizan/workspace/athena-robot-dog/modules/message/ros2/install/perception_msgs/include/perception_msgs/msg/detail/task_list__rosidl_typesupport_fastrtps_c.h\n'}
[8.064187] (perception_msgs) StdoutLine: {'line': b'-- Installing: /home/meizan/workspace/athena-robot-dog/modules/message/ros2/install/perception_msgs/include/perception_msgs/msg/detail/dog_state__rosidl_typesupport_fastrtps_c.h\n'}
[8.064264] (perception_msgs) StdoutLine: {'line': b'-- Installing: /home/meizan/workspace/athena-robot-dog/modules/message/ros2/install/perception_msgs/include/perception_msgs/msg/detail/action_entry__rosidl_typesupport_fastrtps_c.h\n'}
[8.064345] (perception_msgs) StdoutLine: {'line': b'-- Installing: /home/meizan/workspace/athena-robot-dog/modules/message/ros2/install/perception_msgs/include/perception_msgs/msg/detail/perc_cmd__rosidl_typesupport_fastrtps_c.h\n'}
[8.064409] (perception_msgs) StdoutLine: {'line': b'-- Up-to-date: /home/meizan/workspace/athena-robot-dog/modules/message/ros2/install/perception_msgs/include/perception_msgs/srv\n'}
[8.064482] (perception_msgs) StdoutLine: {'line': b'-- Up-to-date: /home/meizan/workspace/athena-robot-dog/modules/message/ros2/install/perception_msgs/include/perception_msgs/srv/detail\n'}
[8.064546] (perception_msgs) StdoutLine: {'line': b'-- Installing: /home/meizan/workspace/athena-robot-dog/modules/message/ros2/install/perception_msgs/include/perception_msgs/srv/detail/dog_record_bag__rosidl_typesupport_fastrtps_c.h\n'}
[8.064610] (perception_msgs) StdoutLine: {'line': b'-- Installing: /home/meizan/workspace/athena-robot-dog/modules/message/ros2/install/perception_msgs/lib/libperception_msgs__rosidl_typesupport_fastrtps_c.so\n'}
[8.064671] (perception_msgs) StdoutLine: {'line': b'-- Set non-toolchain portion of runtime path of "/home/meizan/workspace/athena-robot-dog/modules/message/ros2/install/perception_msgs/lib/libperception_msgs__rosidl_typesupport_fastrtps_c.so" to ""\n'}
[8.064750] (perception_msgs) StdoutLine: {'line': b'-- Up-to-date: /home/meizan/workspace/athena-robot-dog/modules/message/ros2/install/perception_msgs/include/perception_msgs\n'}
[8.064829] (perception_msgs) StdoutLine: {'line': b'-- Up-to-date: /home/meizan/workspace/athena-robot-dog/modules/message/ros2/install/perception_msgs/include/perception_msgs/msg\n'}
[8.064893] (perception_msgs) StdoutLine: {'line': b'-- Up-to-date: /home/meizan/workspace/athena-robot-dog/modules/message/ros2/install/perception_msgs/include/perception_msgs/msg/detail\n'}
[8.064940] (perception_msgs) StdoutLine: {'line': b'-- Installing: /home/meizan/workspace/athena-robot-dog/modules/message/ros2/install/perception_msgs/include/perception_msgs/msg/detail/alarm_entry__rosidl_typesupport_fastrtps_cpp.hpp\n'}
[8.065002] (perception_msgs) StdoutLine: {'line': b'-- Installing: /home/meizan/workspace/athena-robot-dog/modules/message/ros2/install/perception_msgs/include/perception_msgs/msg/detail/action_entry__rosidl_typesupport_fastrtps_cpp.hpp\n'}
[8.065048] (perception_msgs) StdoutLine: {'line': b'-- Installing: /home/meizan/workspace/athena-robot-dog/modules/message/ros2/install/perception_msgs/include/perception_msgs/msg/detail/perc_state__rosidl_typesupport_fastrtps_cpp.hpp\n'}
[8.065092] (perception_msgs) StdoutLine: {'line': b'-- Installing: /home/meizan/workspace/athena-robot-dog/modules/message/ros2/install/perception_msgs/include/perception_msgs/msg/detail/dog_state__rosidl_typesupport_fastrtps_cpp.hpp\n'}
[8.065136] (perception_msgs) StdoutLine: {'line': b'-- Installing: /home/meizan/workspace/athena-robot-dog/modules/message/ros2/install/perception_msgs/include/perception_msgs/msg/detail/perc_cmd__rosidl_typesupport_fastrtps_cpp.hpp\n'}
[8.065193] (perception_msgs) StdoutLine: {'line': b'-- Installing: /home/meizan/workspace/athena-robot-dog/modules/message/ros2/install/perception_msgs/include/perception_msgs/msg/detail/task_list__rosidl_typesupport_fastrtps_cpp.hpp\n'}
[8.065275] (perception_msgs) StdoutLine: {'line': b'-- Installing: /home/meizan/workspace/athena-robot-dog/modules/message/ros2/install/perception_msgs/include/perception_msgs/msg/detail/dds_fastrtps\n'}
[8.065337] (perception_msgs) StdoutLine: {'line': b'-- Installing: /home/meizan/workspace/athena-robot-dog/modules/message/ros2/install/perception_msgs/include/perception_msgs/msg/detail/perc_req__rosidl_typesupport_fastrtps_cpp.hpp\n'}
[8.065411] (perception_msgs) StdoutLine: {'line': b'-- Installing: /home/meizan/workspace/athena-robot-dog/modules/message/ros2/install/perception_msgs/include/perception_msgs/msg/rosidl_typesupport_fastrtps_cpp__visibility_control.h\n'}
[8.065476] (perception_msgs) StdoutLine: {'line': b'-- Up-to-date: /home/meizan/workspace/athena-robot-dog/modules/message/ros2/install/perception_msgs/include/perception_msgs/srv\n'}
[8.065544] (perception_msgs) StdoutLine: {'line': b'-- Up-to-date: /home/meizan/workspace/athena-robot-dog/modules/message/ros2/install/perception_msgs/include/perception_msgs/srv/detail\n'}
[8.065614] (perception_msgs) StdoutLine: {'line': b'-- Installing: /home/meizan/workspace/athena-robot-dog/modules/message/ros2/install/perception_msgs/include/perception_msgs/srv/detail/dds_fastrtps\n'}
[8.065663] (perception_msgs) StdoutLine: {'line': b'-- Installing: /home/meizan/workspace/athena-robot-dog/modules/message/ros2/install/perception_msgs/include/perception_msgs/srv/detail/dog_record_bag__rosidl_typesupport_fastrtps_cpp.hpp\n'}
[8.065736] (perception_msgs) StdoutLine: {'line': b'-- Installing: /home/meizan/workspace/athena-robot-dog/modules/message/ros2/install/perception_msgs/lib/libperception_msgs__rosidl_typesupport_fastrtps_cpp.so\n'}
[8.065796] (perception_msgs) StdoutLine: {'line': b'-- Set non-toolchain portion of runtime path of "/home/meizan/workspace/athena-robot-dog/modules/message/ros2/install/perception_msgs/lib/libperception_msgs__rosidl_typesupport_fastrtps_cpp.so" to ""\n'}
[8.065858] (perception_msgs) StdoutLine: {'line': b'-- Up-to-date: /home/meizan/workspace/athena-robot-dog/modules/message/ros2/install/perception_msgs/include/perception_msgs\n'}
[8.065920] (perception_msgs) StdoutLine: {'line': b'-- Up-to-date: /home/meizan/workspace/athena-robot-dog/modules/message/ros2/install/perception_msgs/include/perception_msgs/msg\n'}
[8.065982] (perception_msgs) StdoutLine: {'line': b'-- Up-to-date: /home/meizan/workspace/athena-robot-dog/modules/message/ros2/install/perception_msgs/include/perception_msgs/msg/detail\n'}
[8.066056] (perception_msgs) StdoutLine: {'line': b'-- Installing: /home/meizan/workspace/athena-robot-dog/modules/message/ros2/install/perception_msgs/include/perception_msgs/msg/detail/task_list__rosidl_typesupport_introspection_c.h\n'}
[8.066132] (perception_msgs) StdoutLine: {'line': b'-- Installing: /home/meizan/workspace/athena-robot-dog/modules/message/ros2/install/perception_msgs/include/perception_msgs/msg/detail/action_entry__type_support.c\n'}
[8.066193] (perception_msgs) StdoutLine: {'line': b'-- Installing: /home/meizan/workspace/athena-robot-dog/modules/message/ros2/install/perception_msgs/include/perception_msgs/msg/detail/action_entry__rosidl_typesupport_introspection_c.h\n'}
[8.066253] (perception_msgs) StdoutLine: {'line': b'-- Installing: /home/meizan/workspace/athena-robot-dog/modules/message/ros2/install/perception_msgs/include/perception_msgs/msg/detail/dog_state__type_support.c\n'}
[8.066315] (perception_msgs) StdoutLine: {'line': b'-- Installing: /home/meizan/workspace/athena-robot-dog/modules/message/ros2/install/perception_msgs/include/perception_msgs/msg/detail/alarm_entry__type_support.c\n'}
[8.066360] (perception_msgs) StdoutLine: {'line': b'-- Installing: /home/meizan/workspace/athena-robot-dog/modules/message/ros2/install/perception_msgs/include/perception_msgs/msg/detail/perc_req__rosidl_typesupport_introspection_c.h\n'}
[8.066405] (perception_msgs) StdoutLine: {'line': b'-- Installing: /home/meizan/workspace/athena-robot-dog/modules/message/ros2/install/perception_msgs/include/perception_msgs/msg/detail/perc_cmd__type_support.c\n'}
[8.066449] (perception_msgs) StdoutLine: {'line': b'-- Installing: /home/meizan/workspace/athena-robot-dog/modules/message/ros2/install/perception_msgs/include/perception_msgs/msg/detail/dog_state__rosidl_typesupport_introspection_c.h\n'}
[8.066527] (perception_msgs) StdoutLine: {'line': b'-- Installing: /home/meizan/workspace/athena-robot-dog/modules/message/ros2/install/perception_msgs/include/perception_msgs/msg/detail/alarm_entry__rosidl_typesupport_introspection_c.h\n'}
[8.066573] (perception_msgs) StdoutLine: {'line': b'-- Installing: /home/meizan/workspace/athena-robot-dog/modules/message/ros2/install/perception_msgs/include/perception_msgs/msg/detail/perc_req__type_support.c\n'}
[8.066619] (perception_msgs) StdoutLine: {'line': b'-- Installing: /home/meizan/workspace/athena-robot-dog/modules/message/ros2/install/perception_msgs/include/perception_msgs/msg/detail/perc_state__type_support.c\n'}
[8.066685] (perception_msgs) StdoutLine: {'line': b'-- Installing: /home/meizan/workspace/athena-robot-dog/modules/message/ros2/install/perception_msgs/include/perception_msgs/msg/detail/task_list__type_support.c\n'}
[8.066766] (perception_msgs) StdoutLine: {'line': b'-- Installing: /home/meizan/workspace/athena-robot-dog/modules/message/ros2/install/perception_msgs/include/perception_msgs/msg/detail/perc_state__rosidl_typesupport_introspection_c.h\n'}
[8.066842] (perception_msgs) StdoutLine: {'line': b'-- Installing: /home/meizan/workspace/athena-robot-dog/modules/message/ros2/install/perception_msgs/include/perception_msgs/msg/detail/perc_cmd__rosidl_typesupport_introspection_c.h\n'}
[8.066925] (perception_msgs) StdoutLine: {'line': b'-- Installing: /home/meizan/workspace/athena-robot-dog/modules/message/ros2/install/perception_msgs/include/perception_msgs/msg/rosidl_typesupport_introspection_c__visibility_control.h\n'}
[8.067008] (perception_msgs) StdoutLine: {'line': b'-- Up-to-date: /home/meizan/workspace/athena-robot-dog/modules/message/ros2/install/perception_msgs/include/perception_msgs/srv\n'}
[8.067071] (perception_msgs) StdoutLine: {'line': b'-- Up-to-date: /home/meizan/workspace/athena-robot-dog/modules/message/ros2/install/perception_msgs/include/perception_msgs/srv/detail\n'}
[8.067136] (perception_msgs) StdoutLine: {'line': b'-- Installing: /home/meizan/workspace/athena-robot-dog/modules/message/ros2/install/perception_msgs/include/perception_msgs/srv/detail/dog_record_bag__type_support.c\n'}
[8.067200] (perception_msgs) StdoutLine: {'line': b'-- Installing: /home/meizan/workspace/athena-robot-dog/modules/message/ros2/install/perception_msgs/include/perception_msgs/srv/detail/dog_record_bag__rosidl_typesupport_introspection_c.h\n'}
[8.067264] (perception_msgs) StdoutLine: {'line': b'-- Installing: /home/meizan/workspace/athena-robot-dog/modules/message/ros2/install/perception_msgs/lib/libperception_msgs__rosidl_typesupport_introspection_c.so\n'}
[8.067338] (perception_msgs) StdoutLine: {'line': b'-- Set non-toolchain portion of runtime path of "/home/meizan/workspace/athena-robot-dog/modules/message/ros2/install/perception_msgs/lib/libperception_msgs__rosidl_typesupport_introspection_c.so" to ""\n'}
[8.067403] (perception_msgs) StdoutLine: {'line': b'-- Installing: /home/meizan/workspace/athena-robot-dog/modules/message/ros2/install/perception_msgs/lib/libperception_msgs__rosidl_typesupport_c.so\n'}
[8.067471] (perception_msgs) StdoutLine: {'line': b'-- Set non-toolchain portion of runtime path of "/home/meizan/workspace/athena-robot-dog/modules/message/ros2/install/perception_msgs/lib/libperception_msgs__rosidl_typesupport_c.so" to ""\n'}
[8.067544] (perception_msgs) StdoutLine: {'line': b'-- Up-to-date: /home/meizan/workspace/athena-robot-dog/modules/message/ros2/install/perception_msgs/include/perception_msgs\n'}
[8.067608] (perception_msgs) StdoutLine: {'line': b'-- Up-to-date: /home/meizan/workspace/athena-robot-dog/modules/message/ros2/install/perception_msgs/include/perception_msgs/msg\n'}
[8.067671] (perception_msgs) StdoutLine: {'line': b'-- Installing: /home/meizan/workspace/athena-robot-dog/modules/message/ros2/install/perception_msgs/include/perception_msgs/msg/perc_req.hpp\n'}
[8.067734] (perception_msgs) StdoutLine: {'line': b'-- Up-to-date: /home/meizan/workspace/athena-robot-dog/modules/message/ros2/install/perception_msgs/include/perception_msgs/msg/detail\n'}
[8.067806] (perception_msgs) StdoutLine: {'line': b'-- Installing: /home/meizan/workspace/athena-robot-dog/modules/message/ros2/install/perception_msgs/include/perception_msgs/msg/detail/alarm_entry__builder.hpp\n'}
[8.067871] (perception_msgs) StdoutLine: {'line': b'-- Installing: /home/meizan/workspace/athena-robot-dog/modules/message/ros2/install/perception_msgs/include/perception_msgs/msg/detail/task_list__struct.hpp\n'}
[8.067934] (perception_msgs) StdoutLine: {'line': b'-- Installing: /home/meizan/workspace/athena-robot-dog/modules/message/ros2/install/perception_msgs/include/perception_msgs/msg/detail/action_entry__struct.hpp\n'}
[8.067997] (perception_msgs) StdoutLine: {'line': b'-- Installing: /home/meizan/workspace/athena-robot-dog/modules/message/ros2/install/perception_msgs/include/perception_msgs/msg/detail/task_list__type_support.hpp\n'}
[8.068068] (perception_msgs) StdoutLine: {'line': b'-- Installing: /home/meizan/workspace/athena-robot-dog/modules/message/ros2/install/perception_msgs/include/perception_msgs/msg/detail/perc_state__struct.hpp\n'}
[8.068130] (perception_msgs) StdoutLine: {'line': b'-- Installing: /home/meizan/workspace/athena-robot-dog/modules/message/ros2/install/perception_msgs/include/perception_msgs/msg/detail/perc_req__builder.hpp\n'}
[8.068192] (perception_msgs) StdoutLine: {'line': b'-- Installing: /home/meizan/workspace/athena-robot-dog/modules/message/ros2/install/perception_msgs/include/perception_msgs/msg/detail/task_list__traits.hpp\n'}
[8.068254] (perception_msgs) StdoutLine: {'line': b'-- Installing: /home/meizan/workspace/athena-robot-dog/modules/message/ros2/install/perception_msgs/include/perception_msgs/msg/detail/action_entry__type_support.hpp\n'}
[8.068315] (perception_msgs) StdoutLine: {'line': b'-- Installing: /home/meizan/workspace/athena-robot-dog/modules/message/ros2/install/perception_msgs/include/perception_msgs/msg/detail/perc_cmd__traits.hpp\n'}
[8.068390] (perception_msgs) StdoutLine: {'line': b'-- Installing: /home/meizan/workspace/athena-robot-dog/modules/message/ros2/install/perception_msgs/include/perception_msgs/msg/detail/action_entry__traits.hpp\n'}
[8.068452] (perception_msgs) StdoutLine: {'line': b'-- Installing: /home/meizan/workspace/athena-robot-dog/modules/message/ros2/install/perception_msgs/include/perception_msgs/msg/detail/perc_req__traits.hpp\n'}
[8.068524] (perception_msgs) StdoutLine: {'line': b'-- Installing: /home/meizan/workspace/athena-robot-dog/modules/message/ros2/install/perception_msgs/include/perception_msgs/msg/detail/alarm_entry__traits.hpp\n'}
[8.068584] (perception_msgs) StdoutLine: {'line': b'-- Installing: /home/meizan/workspace/athena-robot-dog/modules/message/ros2/install/perception_msgs/include/perception_msgs/msg/detail/perc_cmd__type_support.hpp\n'}
[8.068650] (perception_msgs) StdoutLine: {'line': b'-- Installing: /home/meizan/workspace/athena-robot-dog/modules/message/ros2/install/perception_msgs/include/perception_msgs/msg/detail/perc_state__builder.hpp\n'}
[8.068731] (perception_msgs) StdoutLine: {'line': b'-- Installing: /home/meizan/workspace/athena-robot-dog/modules/message/ros2/install/perception_msgs/include/perception_msgs/msg/detail/dog_state__traits.hpp\n'}
[8.068794] (perception_msgs) StdoutLine: {'line': b'-- Installing: /home/meizan/workspace/athena-robot-dog/modules/message/ros2/install/perception_msgs/include/perception_msgs/msg/detail/perc_cmd__builder.hpp\n'}
[8.068870] (perception_msgs) StdoutLine: {'line': b'-- Installing: /home/meizan/workspace/athena-robot-dog/modules/message/ros2/install/perception_msgs/include/perception_msgs/msg/detail/dog_state__struct.hpp\n'}
[8.068932] (perception_msgs) StdoutLine: {'line': b'-- Installing: /home/meizan/workspace/athena-robot-dog/modules/message/ros2/install/perception_msgs/include/perception_msgs/msg/detail/perc_req__type_support.hpp\n'}
[8.068990] (perception_msgs) StdoutLine: {'line': b'-- Installing: /home/meizan/workspace/athena-robot-dog/modules/message/ros2/install/perception_msgs/include/perception_msgs/msg/detail/perc_state__traits.hpp\n'}
[8.069070] (perception_msgs) StdoutLine: {'line': b'-- Installing: /home/meizan/workspace/athena-robot-dog/modules/message/ros2/install/perception_msgs/include/perception_msgs/msg/detail/action_entry__builder.hpp\n'}
[8.069130] (perception_msgs) StdoutLine: {'line': b'-- Installing: /home/meizan/workspace/athena-robot-dog/modules/message/ros2/install/perception_msgs/include/perception_msgs/msg/detail/dog_state__type_support.hpp\n'}
[8.069191] (perception_msgs) StdoutLine: {'line': b'-- Installing: /home/meizan/workspace/athena-robot-dog/modules/message/ros2/install/perception_msgs/include/perception_msgs/msg/detail/perc_req__struct.hpp\n'}
[8.069256] (perception_msgs) StdoutLine: {'line': b'-- Installing: /home/meizan/workspace/athena-robot-dog/modules/message/ros2/install/perception_msgs/include/perception_msgs/msg/detail/alarm_entry__type_support.hpp\n'}
[8.069317] (perception_msgs) StdoutLine: {'line': b'-- Installing: /home/meizan/workspace/athena-robot-dog/modules/message/ros2/install/perception_msgs/include/perception_msgs/msg/detail/task_list__builder.hpp\n'}
[8.069390] (perception_msgs) StdoutLine: {'line': b'-- Installing: /home/meizan/workspace/athena-robot-dog/modules/message/ros2/install/perception_msgs/include/perception_msgs/msg/detail/dog_state__builder.hpp\n'}
[8.069453] (perception_msgs) StdoutLine: {'line': b'-- Installing: /home/meizan/workspace/athena-robot-dog/modules/message/ros2/install/perception_msgs/include/perception_msgs/msg/detail/perc_state__type_support.hpp\n'}
[8.069516] (perception_msgs) StdoutLine: {'line': b'-- Installing: /home/meizan/workspace/athena-robot-dog/modules/message/ros2/install/perception_msgs/include/perception_msgs/msg/detail/perc_cmd__struct.hpp\n'}
[8.069578] (perception_msgs) StdoutLine: {'line': b'-- Installing: /home/meizan/workspace/athena-robot-dog/modules/message/ros2/install/perception_msgs/include/perception_msgs/msg/detail/alarm_entry__struct.hpp\n'}
[8.069642] (perception_msgs) StdoutLine: {'line': b'-- Installing: /home/meizan/workspace/athena-robot-dog/modules/message/ros2/install/perception_msgs/include/perception_msgs/msg/alarm_entry.hpp\n'}
[8.069703] (perception_msgs) StdoutLine: {'line': b'-- Installing: /home/meizan/workspace/athena-robot-dog/modules/message/ros2/install/perception_msgs/include/perception_msgs/msg/action_entry.hpp\n'}
[8.069773] (perception_msgs) StdoutLine: {'line': b'-- Installing: /home/meizan/workspace/athena-robot-dog/modules/message/ros2/install/perception_msgs/include/perception_msgs/msg/task_list.hpp\n'}
[8.069847] (perception_msgs) StdoutLine: {'line': b'-- Installing: /home/meizan/workspace/athena-robot-dog/modules/message/ros2/install/perception_msgs/include/perception_msgs/msg/dog_state.hpp\n'}
[8.069908] (perception_msgs) StdoutLine: {'line': b'-- Installing: /home/meizan/workspace/athena-robot-dog/modules/message/ros2/install/perception_msgs/include/perception_msgs/msg/perc_cmd.hpp\n'}
[8.069967] (perception_msgs) StdoutLine: {'line': b'-- Installing: /home/meizan/workspace/athena-robot-dog/modules/message/ros2/install/perception_msgs/include/perception_msgs/msg/rosidl_generator_cpp__visibility_control.hpp\n'}
[8.070030] (perception_msgs) StdoutLine: {'line': b'-- Installing: /home/meizan/workspace/athena-robot-dog/modules/message/ros2/install/perception_msgs/include/perception_msgs/msg/perc_state.hpp\n'}
[8.070076] (perception_msgs) StdoutLine: {'line': b'-- Up-to-date: /home/meizan/workspace/athena-robot-dog/modules/message/ros2/install/perception_msgs/include/perception_msgs/srv\n'}
[8.070121] (perception_msgs) StdoutLine: {'line': b'-- Up-to-date: /home/meizan/workspace/athena-robot-dog/modules/message/ros2/install/perception_msgs/include/perception_msgs/srv/detail\n'}
[8.070165] (perception_msgs) StdoutLine: {'line': b'-- Installing: /home/meizan/workspace/athena-robot-dog/modules/message/ros2/install/perception_msgs/include/perception_msgs/srv/detail/dog_record_bag__type_support.hpp\n'}
[8.070219] (perception_msgs) StdoutLine: {'line': b'-- Installing: /home/meizan/workspace/athena-robot-dog/modules/message/ros2/install/perception_msgs/include/perception_msgs/srv/detail/dog_record_bag__builder.hpp\n'}
[8.070282] (perception_msgs) StdoutLine: {'line': b'-- Installing: /home/meizan/workspace/athena-robot-dog/modules/message/ros2/install/perception_msgs/include/perception_msgs/srv/detail/dog_record_bag__struct.hpp\n'}
[8.070341] (perception_msgs) StdoutLine: {'line': b'-- Installing: /home/meizan/workspace/athena-robot-dog/modules/message/ros2/install/perception_msgs/include/perception_msgs/srv/detail/dog_record_bag__traits.hpp\n'}
[8.070390] (perception_msgs) StdoutLine: {'line': b'-- Installing: /home/meizan/workspace/athena-robot-dog/modules/message/ros2/install/perception_msgs/include/perception_msgs/srv/dog_record_bag.hpp\n'}
[8.070435] (perception_msgs) StdoutLine: {'line': b'-- Up-to-date: /home/meizan/workspace/athena-robot-dog/modules/message/ros2/install/perception_msgs/include/perception_msgs\n'}
[8.070510] (perception_msgs) StdoutLine: {'line': b'-- Up-to-date: /home/meizan/workspace/athena-robot-dog/modules/message/ros2/install/perception_msgs/include/perception_msgs/msg\n'}
[8.070559] (perception_msgs) StdoutLine: {'line': b'-- Up-to-date: /home/meizan/workspace/athena-robot-dog/modules/message/ros2/install/perception_msgs/include/perception_msgs/msg/detail\n'}
[8.070618] (perception_msgs) StdoutLine: {'line': b'-- Installing: /home/meizan/workspace/athena-robot-dog/modules/message/ros2/install/perception_msgs/include/perception_msgs/msg/detail/perc_state__type_support.cpp\n'}
[8.070666] (perception_msgs) StdoutLine: {'line': b'-- Installing: /home/meizan/workspace/athena-robot-dog/modules/message/ros2/install/perception_msgs/include/perception_msgs/msg/detail/alarm_entry__rosidl_typesupport_introspection_cpp.hpp\n'}
[8.070725] (perception_msgs) StdoutLine: {'line': b'-- Installing: /home/meizan/workspace/athena-robot-dog/modules/message/ros2/install/perception_msgs/include/perception_msgs/msg/detail/perc_req__rosidl_typesupport_introspection_cpp.hpp\n'}
[8.070771] (perception_msgs) StdoutLine: {'line': b'-- Installing: /home/meizan/workspace/athena-robot-dog/modules/message/ros2/install/perception_msgs/include/perception_msgs/msg/detail/task_list__rosidl_typesupport_introspection_cpp.hpp\n'}
[8.070817] (perception_msgs) StdoutLine: {'line': b'-- Installing: /home/meizan/workspace/athena-robot-dog/modules/message/ros2/install/perception_msgs/include/perception_msgs/msg/detail/perc_cmd__rosidl_typesupport_introspection_cpp.hpp\n'}
[8.070863] (perception_msgs) StdoutLine: {'line': b'-- Installing: /home/meizan/workspace/athena-robot-dog/modules/message/ros2/install/perception_msgs/include/perception_msgs/msg/detail/dog_state__type_support.cpp\n'}
[8.070916] (perception_msgs) StdoutLine: {'line': b'-- Installing: /home/meizan/workspace/athena-robot-dog/modules/message/ros2/install/perception_msgs/include/perception_msgs/msg/detail/perc_cmd__type_support.cpp\n'}
[8.070964] (perception_msgs) StdoutLine: {'line': b'-- Installing: /home/meizan/workspace/athena-robot-dog/modules/message/ros2/install/perception_msgs/include/perception_msgs/msg/detail/perc_req__type_support.cpp\n'}
[8.071016] (perception_msgs) StdoutLine: {'line': b'-- Installing: /home/meizan/workspace/athena-robot-dog/modules/message/ros2/install/perception_msgs/include/perception_msgs/msg/detail/action_entry__rosidl_typesupport_introspection_cpp.hpp\n'}
[8.071062] (perception_msgs) StdoutLine: {'line': b'-- Installing: /home/meizan/workspace/athena-robot-dog/modules/message/ros2/install/perception_msgs/include/perception_msgs/msg/detail/action_entry__type_support.cpp\n'}
[8.071118] (perception_msgs) StdoutLine: {'line': b'-- Installing: /home/meizan/workspace/athena-robot-dog/modules/message/ros2/install/perception_msgs/include/perception_msgs/msg/detail/dog_state__rosidl_typesupport_introspection_cpp.hpp\n'}
[8.071167] (perception_msgs) StdoutLine: {'line': b'-- Installing: /home/meizan/workspace/athena-robot-dog/modules/message/ros2/install/perception_msgs/include/perception_msgs/msg/detail/task_list__type_support.cpp\n'}
[8.071211] (perception_msgs) StdoutLine: {'line': b'-- Installing: /home/meizan/workspace/athena-robot-dog/modules/message/ros2/install/perception_msgs/include/perception_msgs/msg/detail/alarm_entry__type_support.cpp\n'}
[8.071255] (perception_msgs) StdoutLine: {'line': b'-- Installing: /home/meizan/workspace/athena-robot-dog/modules/message/ros2/install/perception_msgs/include/perception_msgs/msg/detail/perc_state__rosidl_typesupport_introspection_cpp.hpp\n'}
[8.071299] (perception_msgs) StdoutLine: {'line': b'-- Up-to-date: /home/meizan/workspace/athena-robot-dog/modules/message/ros2/install/perception_msgs/include/perception_msgs/srv\n'}
[8.071355] (perception_msgs) StdoutLine: {'line': b'-- Up-to-date: /home/meizan/workspace/athena-robot-dog/modules/message/ros2/install/perception_msgs/include/perception_msgs/srv/detail\n'}
[8.071401] (perception_msgs) StdoutLine: {'line': b'-- Installing: /home/meizan/workspace/athena-robot-dog/modules/message/ros2/install/perception_msgs/include/perception_msgs/srv/detail/dog_record_bag__type_support.cpp\n'}
[8.071449] (perception_msgs) StdoutLine: {'line': b'-- Installing: /home/meizan/workspace/athena-robot-dog/modules/message/ros2/install/perception_msgs/include/perception_msgs/srv/detail/dog_record_bag__rosidl_typesupport_introspection_cpp.hpp\n'}
[8.071493] (perception_msgs) StdoutLine: {'line': b'-- Installing: /home/meizan/workspace/athena-robot-dog/modules/message/ros2/install/perception_msgs/lib/libperception_msgs__rosidl_typesupport_introspection_cpp.so\n'}
[8.071537] (perception_msgs) StdoutLine: {'line': b'-- Set non-toolchain portion of runtime path of "/home/meizan/workspace/athena-robot-dog/modules/message/ros2/install/perception_msgs/lib/libperception_msgs__rosidl_typesupport_introspection_cpp.so" to ""\n'}
[8.071583] (perception_msgs) StdoutLine: {'line': b'-- Installing: /home/meizan/workspace/athena-robot-dog/modules/message/ros2/install/perception_msgs/lib/libperception_msgs__rosidl_typesupport_cpp.so\n'}
[8.071630] (perception_msgs) StdoutLine: {'line': b'-- Set non-toolchain portion of runtime path of "/home/meizan/workspace/athena-robot-dog/modules/message/ros2/install/perception_msgs/lib/libperception_msgs__rosidl_typesupport_cpp.so" to ""\n'}
[8.071681] (perception_msgs) StdoutLine: {'line': b'-- Installing: /home/meizan/workspace/athena-robot-dog/modules/message/ros2/install/perception_msgs/share/perception_msgs/environment/pythonpath.sh\n'}
[8.071726] (perception_msgs) StdoutLine: {'line': b'-- Installing: /home/meizan/workspace/athena-robot-dog/modules/message/ros2/install/perception_msgs/share/perception_msgs/environment/pythonpath.dsv\n'}
[8.071770] (perception_msgs) StdoutLine: {'line': b'-- Installing: /home/meizan/workspace/athena-robot-dog/modules/message/ros2/install/perception_msgs/lib/python3.8/site-packages/perception_msgs/__init__.py\n'}
[8.093668] (perception_msgs) StdoutLine: {'line': b"Compiling '/home/meizan/workspace/athena-robot-dog/modules/message/ros2/install/perception_msgs/lib/python3.8/site-packages/perception_msgs/__init__.py'...\n"}
[8.096742] (perception_msgs) StdoutLine: {'line': b'-- Installing: /home/meizan/workspace/athena-robot-dog/modules/message/ros2/install/perception_msgs/lib/python3.8/site-packages/perception_msgs/msg\n'}
[8.096949] (perception_msgs) StdoutLine: {'line': b'-- Installing: /home/meizan/workspace/athena-robot-dog/modules/message/ros2/install/perception_msgs/lib/python3.8/site-packages/perception_msgs/msg/_task_list.py\n'}
[8.097074] (perception_msgs) StdoutLine: {'line': b'-- Installing: /home/meizan/workspace/athena-robot-dog/modules/message/ros2/install/perception_msgs/lib/python3.8/site-packages/perception_msgs/msg/_perc_req.py\n'}
[8.097194] (perception_msgs) StdoutLine: {'line': b'-- Installing: /home/meizan/workspace/athena-robot-dog/modules/message/ros2/install/perception_msgs/lib/python3.8/site-packages/perception_msgs/msg/_action_entry_s.c\n'}
[8.097290] (perception_msgs) StdoutLine: {'line': b'-- Installing: /home/meizan/workspace/athena-robot-dog/modules/message/ros2/install/perception_msgs/lib/python3.8/site-packages/perception_msgs/msg/_dog_state.py\n'}
[8.097380] (perception_msgs) StdoutLine: {'line': b'-- Installing: /home/meizan/workspace/athena-robot-dog/modules/message/ros2/install/perception_msgs/lib/python3.8/site-packages/perception_msgs/msg/_perc_cmd_s.c\n'}
[8.097468] (perception_msgs) StdoutLine: {'line': b'-- Installing: /home/meizan/workspace/athena-robot-dog/modules/message/ros2/install/perception_msgs/lib/python3.8/site-packages/perception_msgs/msg/_alarm_entry.py\n'}
[8.097558] (perception_msgs) StdoutLine: {'line': b'-- Installing: /home/meizan/workspace/athena-robot-dog/modules/message/ros2/install/perception_msgs/lib/python3.8/site-packages/perception_msgs/msg/__init__.py\n'}
[8.097649] (perception_msgs) StdoutLine: {'line': b'-- Installing: /home/meizan/workspace/athena-robot-dog/modules/message/ros2/install/perception_msgs/lib/python3.8/site-packages/perception_msgs/msg/_perc_state_s.c\n'}
[8.097732] (perception_msgs) StdoutLine: {'line': b'-- Installing: /home/meizan/workspace/athena-robot-dog/modules/message/ros2/install/perception_msgs/lib/python3.8/site-packages/perception_msgs/msg/_alarm_entry_s.c\n'}
[8.097808] (perception_msgs) StdoutLine: {'line': b'-- Installing: /home/meizan/workspace/athena-robot-dog/modules/message/ros2/install/perception_msgs/lib/python3.8/site-packages/perception_msgs/msg/_perc_req_s.c\n'}
[8.097895] (perception_msgs) StdoutLine: {'line': b'-- Installing: /home/meizan/workspace/athena-robot-dog/modules/message/ros2/install/perception_msgs/lib/python3.8/site-packages/perception_msgs/msg/_dog_state_s.c\n'}
[8.097980] (perception_msgs) StdoutLine: {'line': b'-- Installing: /home/meizan/workspace/athena-robot-dog/modules/message/ros2/install/perception_msgs/lib/python3.8/site-packages/perception_msgs/msg/_perc_state.py\n'}
[8.098053] (perception_msgs) StdoutLine: {'line': b'-- Installing: /home/meizan/workspace/athena-robot-dog/modules/message/ros2/install/perception_msgs/lib/python3.8/site-packages/perception_msgs/msg/_task_list_s.c\n'}
[8.098138] (perception_msgs) StdoutLine: {'line': b'-- Installing: /home/meizan/workspace/athena-robot-dog/modules/message/ros2/install/perception_msgs/lib/python3.8/site-packages/perception_msgs/msg/_perc_cmd.py\n'}
[8.098230] (perception_msgs) StdoutLine: {'line': b'-- Installing: /home/meizan/workspace/athena-robot-dog/modules/message/ros2/install/perception_msgs/lib/python3.8/site-packages/perception_msgs/msg/_action_entry.py\n'}
[8.098317] (perception_msgs) StdoutLine: {'line': b'-- Installing: /home/meizan/workspace/athena-robot-dog/modules/message/ros2/install/perception_msgs/lib/python3.8/site-packages/perception_msgs/srv\n'}
[8.098404] (perception_msgs) StdoutLine: {'line': b'-- Installing: /home/meizan/workspace/athena-robot-dog/modules/message/ros2/install/perception_msgs/lib/python3.8/site-packages/perception_msgs/srv/_dog_record_bag.py\n'}
[8.098480] (perception_msgs) StdoutLine: {'line': b'-- Installing: /home/meizan/workspace/athena-robot-dog/modules/message/ros2/install/perception_msgs/lib/python3.8/site-packages/perception_msgs/srv/__init__.py\n'}
[8.098568] (perception_msgs) StdoutLine: {'line': b'-- Installing: /home/meizan/workspace/athena-robot-dog/modules/message/ros2/install/perception_msgs/lib/python3.8/site-packages/perception_msgs/srv/_dog_record_bag_s.c\n'}
[8.098651] (perception_msgs) StdoutLine: {'line': b'-- Installing: /home/meizan/workspace/athena-robot-dog/modules/message/ros2/install/perception_msgs/lib/python3.8/site-packages/perception_msgs/perception_msgs_s__rosidl_typesupport_fastrtps_c.cpython-38-x86_64-linux-gnu.so\n'}
[8.098797] (perception_msgs) StdoutLine: {'line': b'-- Set non-toolchain portion of runtime path of "/home/meizan/workspace/athena-robot-dog/modules/message/ros2/install/perception_msgs/lib/python3.8/site-packages/perception_msgs/perception_msgs_s__rosidl_typesupport_fastrtps_c.cpython-38-x86_64-linux-gnu.so" to ""\n'}
[8.098929] (perception_msgs) StdoutLine: {'line': b'-- Installing: /home/meizan/workspace/athena-robot-dog/modules/message/ros2/install/perception_msgs/lib/python3.8/site-packages/perception_msgs/perception_msgs_s__rosidl_typesupport_introspection_c.cpython-38-x86_64-linux-gnu.so\n'}
[8.099189] (perception_msgs) StdoutLine: {'line': b'-- Set non-toolchain portion of runtime path of "/home/meizan/workspace/athena-robot-dog/modules/message/ros2/install/perception_msgs/lib/python3.8/site-packages/perception_msgs/perception_msgs_s__rosidl_typesupport_introspection_c.cpython-38-x86_64-linux-gnu.so" to ""\n'}
[8.099292] (perception_msgs) StdoutLine: {'line': b'-- Installing: /home/meizan/workspace/athena-robot-dog/modules/message/ros2/install/perception_msgs/lib/python3.8/site-packages/perception_msgs/perception_msgs_s__rosidl_typesupport_c.cpython-38-x86_64-linux-gnu.so\n'}
[8.099503] (perception_msgs) StdoutLine: {'line': b'-- Set non-toolchain portion of runtime path of "/home/meizan/workspace/athena-robot-dog/modules/message/ros2/install/perception_msgs/lib/python3.8/site-packages/perception_msgs/perception_msgs_s__rosidl_typesupport_c.cpython-38-x86_64-linux-gnu.so" to ""\n'}
[8.099605] (perception_msgs) StdoutLine: {'line': b'-- Installing: /home/meizan/workspace/athena-robot-dog/modules/message/ros2/install/perception_msgs/lib/libperception_msgs__python.so\n'}
[8.099906] (perception_msgs) StdoutLine: {'line': b'-- Set non-toolchain portion of runtime path of "/home/meizan/workspace/athena-robot-dog/modules/message/ros2/install/perception_msgs/lib/libperception_msgs__python.so" to ""\n'}
[8.100006] (perception_msgs) StdoutLine: {'line': b'-- Installing: /home/meizan/workspace/athena-robot-dog/modules/message/ros2/install/perception_msgs/share/perception_msgs/msg/ActionEntry.idl\n'}
[8.100101] (perception_msgs) StdoutLine: {'line': b'-- Installing: /home/meizan/workspace/athena-robot-dog/modules/message/ros2/install/perception_msgs/share/perception_msgs/msg/AlarmEntry.idl\n'}
[8.100209] (perception_msgs) StdoutLine: {'line': b'-- Installing: /home/meizan/workspace/athena-robot-dog/modules/message/ros2/install/perception_msgs/share/perception_msgs/msg/PercCmd.idl\n'}
[8.100321] (perception_msgs) StdoutLine: {'line': b'-- Installing: /home/meizan/workspace/athena-robot-dog/modules/message/ros2/install/perception_msgs/share/perception_msgs/msg/PercState.idl\n'}
[8.100430] (perception_msgs) StdoutLine: {'line': b'-- Installing: /home/meizan/workspace/athena-robot-dog/modules/message/ros2/install/perception_msgs/share/perception_msgs/msg/PercReq.idl\n'}
[8.100540] (perception_msgs) StdoutLine: {'line': b'-- Installing: /home/meizan/workspace/athena-robot-dog/modules/message/ros2/install/perception_msgs/share/perception_msgs/msg/TaskList.idl\n'}
[8.100651] (perception_msgs) StdoutLine: {'line': b'-- Installing: /home/meizan/workspace/athena-robot-dog/modules/message/ros2/install/perception_msgs/share/perception_msgs/msg/DogState.idl\n'}
[8.100785] (perception_msgs) StdoutLine: {'line': b'-- Installing: /home/meizan/workspace/athena-robot-dog/modules/message/ros2/install/perception_msgs/share/perception_msgs/srv/DogRecordBag.idl\n'}
[8.100894] (perception_msgs) StdoutLine: {'line': b'-- Installing: /home/meizan/workspace/athena-robot-dog/modules/message/ros2/install/perception_msgs/share/perception_msgs/msg/ActionEntry.msg\n'}
[8.101005] (perception_msgs) StdoutLine: {'line': b'-- Installing: /home/meizan/workspace/athena-robot-dog/modules/message/ros2/install/perception_msgs/share/perception_msgs/msg/AlarmEntry.msg\n'}
[8.101115] (perception_msgs) StdoutLine: {'line': b'-- Installing: /home/meizan/workspace/athena-robot-dog/modules/message/ros2/install/perception_msgs/share/perception_msgs/msg/PercCmd.msg\n'}
[8.101226] (perception_msgs) StdoutLine: {'line': b'-- Installing: /home/meizan/workspace/athena-robot-dog/modules/message/ros2/install/perception_msgs/share/perception_msgs/msg/PercState.msg\n'}
[8.101334] (perception_msgs) StdoutLine: {'line': b'-- Installing: /home/meizan/workspace/athena-robot-dog/modules/message/ros2/install/perception_msgs/share/perception_msgs/msg/PercReq.msg\n'}
[8.101446] (perception_msgs) StdoutLine: {'line': b'-- Installing: /home/meizan/workspace/athena-robot-dog/modules/message/ros2/install/perception_msgs/share/perception_msgs/msg/TaskList.msg\n'}
[8.101556] (perception_msgs) StdoutLine: {'line': b'-- Installing: /home/meizan/workspace/athena-robot-dog/modules/message/ros2/install/perception_msgs/share/perception_msgs/msg/DogState.msg\n'}
[8.101675] (perception_msgs) StdoutLine: {'line': b'-- Installing: /home/meizan/workspace/athena-robot-dog/modules/message/ros2/install/perception_msgs/share/perception_msgs/srv/DogRecordBag.srv\n'}
[8.101783] (perception_msgs) StdoutLine: {'line': b'-- Installing: /home/meizan/workspace/athena-robot-dog/modules/message/ros2/install/perception_msgs/share/perception_msgs/srv/DogRecordBag_Request.msg\n'}
[8.101898] (perception_msgs) StdoutLine: {'line': b'-- Installing: /home/meizan/workspace/athena-robot-dog/modules/message/ros2/install/perception_msgs/share/perception_msgs/srv/DogRecordBag_Response.msg\n'}
[8.102038] (perception_msgs) StdoutLine: {'line': b'-- Installing: /home/meizan/workspace/athena-robot-dog/modules/message/ros2/install/perception_msgs/share/ament_index/resource_index/package_run_dependencies/perception_msgs\n'}
[8.102177] (perception_msgs) StdoutLine: {'line': b'-- Installing: /home/meizan/workspace/athena-robot-dog/modules/message/ros2/install/perception_msgs/share/ament_index/resource_index/parent_prefix_path/perception_msgs\n'}
[8.102289] (perception_msgs) StdoutLine: {'line': b'-- Installing: /home/meizan/workspace/athena-robot-dog/modules/message/ros2/install/perception_msgs/share/perception_msgs/environment/ament_prefix_path.sh\n'}
[8.102403] (perception_msgs) StdoutLine: {'line': b'-- Installing: /home/meizan/workspace/athena-robot-dog/modules/message/ros2/install/perception_msgs/share/perception_msgs/environment/ament_prefix_path.dsv\n'}
[8.102515] (perception_msgs) StdoutLine: {'line': b'-- Installing: /home/meizan/workspace/athena-robot-dog/modules/message/ros2/install/perception_msgs/share/perception_msgs/environment/path.sh\n'}
[8.102626] (perception_msgs) StdoutLine: {'line': b'-- Installing: /home/meizan/workspace/athena-robot-dog/modules/message/ros2/install/perception_msgs/share/perception_msgs/environment/path.dsv\n'}
[8.102744] (perception_msgs) StdoutLine: {'line': b'-- Installing: /home/meizan/workspace/athena-robot-dog/modules/message/ros2/install/perception_msgs/share/perception_msgs/local_setup.bash\n'}
[8.102856] (perception_msgs) StdoutLine: {'line': b'-- Installing: /home/meizan/workspace/athena-robot-dog/modules/message/ros2/install/perception_msgs/share/perception_msgs/local_setup.sh\n'}
[8.102980] (perception_msgs) StdoutLine: {'line': b'-- Installing: /home/meizan/workspace/athena-robot-dog/modules/message/ros2/install/perception_msgs/share/perception_msgs/local_setup.zsh\n'}
[8.103095] (perception_msgs) StdoutLine: {'line': b'-- Installing: /home/meizan/workspace/athena-robot-dog/modules/message/ros2/install/perception_msgs/share/perception_msgs/local_setup.dsv\n'}
[8.103204] (perception_msgs) StdoutLine: {'line': b'-- Installing: /home/meizan/workspace/athena-robot-dog/modules/message/ros2/install/perception_msgs/share/perception_msgs/package.dsv\n'}
[8.103349] (perception_msgs) StdoutLine: {'line': b'-- Installing: /home/meizan/workspace/athena-robot-dog/modules/message/ros2/install/perception_msgs/share/ament_index/resource_index/packages/perception_msgs\n'}
[8.103496] (perception_msgs) StdoutLine: {'line': b'-- Installing: /home/meizan/workspace/athena-robot-dog/modules/message/ros2/install/perception_msgs/share/perception_msgs/cmake/perception_msgs__rosidl_generator_cExport.cmake\n'}
[8.103619] (perception_msgs) StdoutLine: {'line': b'-- Installing: /home/meizan/workspace/athena-robot-dog/modules/message/ros2/install/perception_msgs/share/perception_msgs/cmake/perception_msgs__rosidl_generator_cExport-noconfig.cmake\n'}
[8.103744] (perception_msgs) StdoutLine: {'line': b'-- Installing: /home/meizan/workspace/athena-robot-dog/modules/message/ros2/install/perception_msgs/share/perception_msgs/cmake/perception_msgs__rosidl_typesupport_introspection_cExport.cmake\n'}
[8.103865] (perception_msgs) StdoutLine: {'line': b'-- Installing: /home/meizan/workspace/athena-robot-dog/modules/message/ros2/install/perception_msgs/share/perception_msgs/cmake/perception_msgs__rosidl_typesupport_introspection_cExport-noconfig.cmake\n'}
[8.103993] (perception_msgs) StdoutLine: {'line': b'-- Installing: /home/meizan/workspace/athena-robot-dog/modules/message/ros2/install/perception_msgs/share/perception_msgs/cmake/perception_msgs__rosidl_typesupport_cExport.cmake\n'}
[8.104111] (perception_msgs) StdoutLine: {'line': b'-- Installing: /home/meizan/workspace/athena-robot-dog/modules/message/ros2/install/perception_msgs/share/perception_msgs/cmake/perception_msgs__rosidl_typesupport_cExport-noconfig.cmake\n'}
[8.104235] (perception_msgs) StdoutLine: {'line': b'-- Installing: /home/meizan/workspace/athena-robot-dog/modules/message/ros2/install/perception_msgs/share/perception_msgs/cmake/perception_msgs__rosidl_generator_cppExport.cmake\n'}
[8.104368] (perception_msgs) StdoutLine: {'line': b'-- Installing: /home/meizan/workspace/athena-robot-dog/modules/message/ros2/install/perception_msgs/share/perception_msgs/cmake/perception_msgs__rosidl_typesupport_introspection_cppExport.cmake\n'}
[8.104483] (perception_msgs) StdoutLine: {'line': b'-- Installing: /home/meizan/workspace/athena-robot-dog/modules/message/ros2/install/perception_msgs/share/perception_msgs/cmake/perception_msgs__rosidl_typesupport_introspection_cppExport-noconfig.cmake\n'}
[8.104609] (perception_msgs) StdoutLine: {'line': b'-- Installing: /home/meizan/workspace/athena-robot-dog/modules/message/ros2/install/perception_msgs/share/perception_msgs/cmake/perception_msgs__rosidl_typesupport_cppExport.cmake\n'}
[8.104729] (perception_msgs) StdoutLine: {'line': b'-- Installing: /home/meizan/workspace/athena-robot-dog/modules/message/ros2/install/perception_msgs/share/perception_msgs/cmake/perception_msgs__rosidl_typesupport_cppExport-noconfig.cmake\n'}
[8.104847] (perception_msgs) StdoutLine: {'line': b'-- Installing: /home/meizan/workspace/athena-robot-dog/modules/message/ros2/install/perception_msgs/share/perception_msgs/cmake/rosidl_cmake-extras.cmake\n'}
[8.104961] (perception_msgs) StdoutLine: {'line': b'-- Installing: /home/meizan/workspace/athena-robot-dog/modules/message/ros2/install/perception_msgs/share/perception_msgs/cmake/ament_cmake_export_dependencies-extras.cmake\n'}
[8.105083] (perception_msgs) StdoutLine: {'line': b'-- Installing: /home/meizan/workspace/athena-robot-dog/modules/message/ros2/install/perception_msgs/share/perception_msgs/cmake/ament_cmake_export_libraries-extras.cmake\n'}
[8.105196] (perception_msgs) StdoutLine: {'line': b'-- Installing: /home/meizan/workspace/athena-robot-dog/modules/message/ros2/install/perception_msgs/share/perception_msgs/cmake/ament_cmake_export_targets-extras.cmake\n'}
[8.105315] (perception_msgs) StdoutLine: {'line': b'-- Installing: /home/meizan/workspace/athena-robot-dog/modules/message/ros2/install/perception_msgs/share/perception_msgs/cmake/ament_cmake_export_include_directories-extras.cmake\n'}
[8.105428] (perception_msgs) StdoutLine: {'line': b'-- Installing: /home/meizan/workspace/athena-robot-dog/modules/message/ros2/install/perception_msgs/share/perception_msgs/cmake/rosidl_cmake_export_typesupport_libraries-extras.cmake\n'}
[8.105542] (perception_msgs) StdoutLine: {'line': b'-- Installing: /home/meizan/workspace/athena-robot-dog/modules/message/ros2/install/perception_msgs/share/perception_msgs/cmake/rosidl_cmake_export_typesupport_targets-extras.cmake\n'}
[8.105653] (perception_msgs) StdoutLine: {'line': b'-- Installing: /home/meizan/workspace/athena-robot-dog/modules/message/ros2/install/perception_msgs/share/perception_msgs/cmake/perception_msgsConfig.cmake\n'}
[8.105751] (perception_msgs) StdoutLine: {'line': b'-- Installing: /home/meizan/workspace/athena-robot-dog/modules/message/ros2/install/perception_msgs/share/perception_msgs/cmake/perception_msgsConfig-version.cmake\n'}
[8.105859] (perception_msgs) StdoutLine: {'line': b'-- Installing: /home/meizan/workspace/athena-robot-dog/modules/message/ros2/install/perception_msgs/share/perception_msgs/package.xml\n'}
[8.107367] (perception_msgs) CommandEnded: {'returncode': 0}
[8.123883] (perception_msgs) JobEnded: {'identifier': 'perception_msgs', 'rc': 0}
[8.124418] (-) EventReactorShutdown: {}
