{
    "origin_lat": 30.425457029885372151,
    "origin_lon": 114.09623523096009023,
    "origin_lat_xuzhou":34.33695795,
    "origin_lon_xuzhou":117.30540027,
    "origin_lat_wuhan": 30.425457029885372151,
    "origin_lon_wuhan": 114.09623523096009023,
    "origin_lat_hangzhou": 30.33443,
    "origin_lon_hangzhou": 120.151258,
    "origin_lat_suzhou": 31.3790,
    "origin_lon_suzhou": 120.62059
}