Linked: (/home/meizan/workspace/athena-robot-dog/modules/message/ros/devel/.private/ros_interface/share/roseus/ros/ros_interface/manifest.l, /home/meizan/workspace/athena-robot-dog/modules/message/ros/devel/share/roseus/ros/ros_interface/manifest.l)
Linked: (/home/meizan/workspace/athena-robot-dog/modules/message/ros/devel/.private/ros_interface/share/roseus/ros/ros_interface/msg/DrivableRegion.l, /home/meizan/workspace/athena-robot-dog/modules/message/ros/devel/share/roseus/ros/ros_interface/msg/DrivableRegion.l)
Linked: (/home/meizan/workspace/athena-robot-dog/modules/message/ros/devel/.private/ros_interface/share/roseus/ros/ros_interface/msg/GaussianInfo.l, /home/meizan/workspace/athena-robot-dog/modules/message/ros/devel/share/roseus/ros/ros_interface/msg/GaussianInfo.l)
Linked: (/home/meizan/workspace/athena-robot-dog/modules/message/ros/devel/.private/ros_interface/share/roseus/ros/ros_interface/msg/PointLLH.l, /home/meizan/workspace/athena-robot-dog/modules/message/ros/devel/share/roseus/ros/ros_interface/msg/PointLLH.l)
Linked: (/home/meizan/workspace/athena-robot-dog/modules/message/ros/devel/.private/ros_interface/share/roseus/ros/ros_interface/msg/RSSInfo.l, /home/meizan/workspace/athena-robot-dog/modules/message/ros/devel/share/roseus/ros/ros_interface/msg/RSSInfo.l)
Linked: (/home/meizan/workspace/athena-robot-dog/modules/message/ros/devel/.private/ros_interface/share/roseus/ros/ros_interface/msg/ParkingStopper.l, /home/meizan/workspace/athena-robot-dog/modules/message/ros/devel/share/roseus/ros/ros_interface/msg/ParkingStopper.l)
Linked: (/home/meizan/workspace/athena-robot-dog/modules/message/ros/devel/.private/ros_interface/share/roseus/ros/ros_interface/msg/LaneLineCubicCurve.l, /home/meizan/workspace/athena-robot-dog/modules/message/ros/devel/share/roseus/ros/ros_interface/msg/LaneLineCubicCurve.l)
Linked: (/home/meizan/workspace/athena-robot-dog/modules/message/ros/devel/.private/ros_interface/share/roseus/ros/ros_interface/msg/HMIObuCmd.l, /home/meizan/workspace/athena-robot-dog/modules/message/ros/devel/share/roseus/ros/ros_interface/msg/HMIObuCmd.l)
Linked: (/home/meizan/workspace/athena-robot-dog/modules/message/ros/devel/.private/ros_interface/share/roseus/ros/ros_interface/msg/RoutingRequest.l, /home/meizan/workspace/athena-robot-dog/modules/message/ros/devel/share/roseus/ros/ros_interface/msg/RoutingRequest.l)
Linked: (/home/meizan/workspace/athena-robot-dog/modules/message/ros/devel/.private/ros_interface/share/roseus/ros/ros_interface/msg/PlanningParkingDebug.l, /home/meizan/workspace/athena-robot-dog/modules/message/ros/devel/share/roseus/ros/ros_interface/msg/PlanningParkingDebug.l)
Linked: (/home/meizan/workspace/athena-robot-dog/modules/message/ros/devel/.private/ros_interface/share/roseus/ros/ros_interface/msg/ParkingInfo.l, /home/meizan/workspace/athena-robot-dog/modules/message/ros/devel/share/roseus/ros/ros_interface/msg/ParkingInfo.l)
Linked: (/home/meizan/workspace/athena-robot-dog/modules/message/ros/devel/.private/ros_interface/share/roseus/ros/ros_interface/msg/Pose.l, /home/meizan/workspace/athena-robot-dog/modules/message/ros/devel/share/roseus/ros/ros_interface/msg/Pose.l)
Linked: (/home/meizan/workspace/athena-robot-dog/modules/message/ros/devel/.private/ros_interface/share/roseus/ros/ros_interface/msg/Quaternion.l, /home/meizan/workspace/athena-robot-dog/modules/message/ros/devel/share/roseus/ros/ros_interface/msg/Quaternion.l)
Linked: (/home/meizan/workspace/athena-robot-dog/modules/message/ros/devel/.private/ros_interface/share/roseus/ros/ros_interface/msg/Ultrasonic.l, /home/meizan/workspace/athena-robot-dog/modules/message/ros/devel/share/roseus/ros/ros_interface/msg/Ultrasonic.l)
Linked: (/home/meizan/workspace/athena-robot-dog/modules/message/ros/devel/.private/ros_interface/share/roseus/ros/ros_interface/msg/ImageRect.l, /home/meizan/workspace/athena-robot-dog/modules/message/ros/devel/share/roseus/ros/ros_interface/msg/ImageRect.l)
Linked: (/home/meizan/workspace/athena-robot-dog/modules/message/ros/devel/.private/ros_interface/share/roseus/ros/ros_interface/msg/WheelInfo.l, /home/meizan/workspace/athena-robot-dog/modules/message/ros/devel/share/roseus/ros/ros_interface/msg/WheelInfo.l)
Linked: (/home/meizan/workspace/athena-robot-dog/modules/message/ros/devel/.private/ros_interface/share/roseus/ros/ros_interface/msg/RadarObstacleListMsg.l, /home/meizan/workspace/athena-robot-dog/modules/message/ros/devel/share/roseus/ros/ros_interface/msg/RadarObstacleListMsg.l)
Linked: (/home/meizan/workspace/athena-robot-dog/modules/message/ros/devel/.private/ros_interface/share/roseus/ros/ros_interface/msg/TimeConsume.l, /home/meizan/workspace/athena-robot-dog/modules/message/ros/devel/share/roseus/ros/ros_interface/msg/TimeConsume.l)
Linked: (/home/meizan/workspace/athena-robot-dog/modules/message/ros/devel/.private/ros_interface/share/roseus/ros/ros_interface/msg/Point2dList.l, /home/meizan/workspace/athena-robot-dog/modules/message/ros/devel/share/roseus/ros/ros_interface/msg/Point2dList.l)
Linked: (/home/meizan/workspace/athena-robot-dog/modules/message/ros/devel/.private/ros_interface/share/roseus/ros/ros_interface/msg/Trajectory.l, /home/meizan/workspace/athena-robot-dog/modules/message/ros/devel/share/roseus/ros/ros_interface/msg/Trajectory.l)
Linked: (/home/meizan/workspace/athena-robot-dog/modules/message/ros/devel/.private/ros_interface/share/roseus/ros/ros_interface/msg/LanePoint.l, /home/meizan/workspace/athena-robot-dog/modules/message/ros/devel/share/roseus/ros/ros_interface/msg/LanePoint.l)
Linked: (/home/meizan/workspace/athena-robot-dog/modules/message/ros/devel/.private/ros_interface/share/roseus/ros/ros_interface/msg/TrafficLightMsg.l, /home/meizan/workspace/athena-robot-dog/modules/message/ros/devel/share/roseus/ros/ros_interface/msg/TrafficLightMsg.l)
Linked: (/home/meizan/workspace/athena-robot-dog/modules/message/ros/devel/.private/ros_interface/share/roseus/ros/ros_interface/msg/HMIDiagnosticArray.l, /home/meizan/workspace/athena-robot-dog/modules/message/ros/devel/share/roseus/ros/ros_interface/msg/HMIDiagnosticArray.l)
Linked: (/home/meizan/workspace/athena-robot-dog/modules/message/ros/devel/.private/ros_interface/share/roseus/ros/ros_interface/msg/TrafficLightBox.l, /home/meizan/workspace/athena-robot-dog/modules/message/ros/devel/share/roseus/ros/ros_interface/msg/TrafficLightBox.l)
Linked: (/home/meizan/workspace/athena-robot-dog/modules/message/ros/devel/.private/ros_interface/share/roseus/ros/ros_interface/msg/ParkingInfoList.l, /home/meizan/workspace/athena-robot-dog/modules/message/ros/devel/share/roseus/ros/ros_interface/msg/ParkingInfoList.l)
Linked: (/home/meizan/workspace/athena-robot-dog/modules/message/ros/devel/.private/ros_interface/share/roseus/ros/ros_interface/msg/HMIObstacle.l, /home/meizan/workspace/athena-robot-dog/modules/message/ros/devel/share/roseus/ros/ros_interface/msg/HMIObstacle.l)
Linked: (/home/meizan/workspace/athena-robot-dog/modules/message/ros/devel/.private/ros_interface/share/roseus/ros/ros_interface/msg/UssObstacleList.l, /home/meizan/workspace/athena-robot-dog/modules/message/ros/devel/share/roseus/ros/ros_interface/msg/UssObstacleList.l)
Linked: (/home/meizan/workspace/athena-robot-dog/modules/message/ros/devel/.private/ros_interface/share/roseus/ros/ros_interface/msg/TrajectoryInPrediction.l, /home/meizan/workspace/athena-robot-dog/modules/message/ros/devel/share/roseus/ros/ros_interface/msg/TrajectoryInPrediction.l)
Linked: (/home/meizan/workspace/athena-robot-dog/modules/message/ros/devel/.private/ros_interface/share/roseus/ros/ros_interface/msg/ObstacleList.l, /home/meizan/workspace/athena-robot-dog/modules/message/ros/devel/share/roseus/ros/ros_interface/msg/ObstacleList.l)
Linked: (/home/meizan/workspace/athena-robot-dog/modules/message/ros/devel/.private/ros_interface/share/roseus/ros/ros_interface/msg/UltrasonicObstacle.l, /home/meizan/workspace/athena-robot-dog/modules/message/ros/devel/share/roseus/ros/ros_interface/msg/UltrasonicObstacle.l)
Linked: (/home/meizan/workspace/athena-robot-dog/modules/message/ros/devel/.private/ros_interface/share/roseus/ros/ros_interface/msg/CompressedImage.l, /home/meizan/workspace/athena-robot-dog/modules/message/ros/devel/share/roseus/ros/ros_interface/msg/CompressedImage.l)
Linked: (/home/meizan/workspace/athena-robot-dog/modules/message/ros/devel/.private/ros_interface/share/roseus/ros/ros_interface/msg/PointCloud.l, /home/meizan/workspace/athena-robot-dog/modules/message/ros/devel/share/roseus/ros/ros_interface/msg/PointCloud.l)
Linked: (/home/meizan/workspace/athena-robot-dog/modules/message/ros/devel/.private/ros_interface/share/roseus/ros/ros_interface/msg/GuideInfo.l, /home/meizan/workspace/athena-robot-dog/modules/message/ros/devel/share/roseus/ros/ros_interface/msg/GuideInfo.l)
Linked: (/home/meizan/workspace/athena-robot-dog/modules/message/ros/devel/.private/ros_interface/share/roseus/ros/ros_interface/msg/SpeedPoint.l, /home/meizan/workspace/athena-robot-dog/modules/message/ros/devel/share/roseus/ros/ros_interface/msg/SpeedPoint.l)
Linked: (/home/meizan/workspace/athena-robot-dog/modules/message/ros/devel/.private/ros_interface/share/roseus/ros/ros_interface/msg/UssParkingInfoList.l, /home/meizan/workspace/athena-robot-dog/modules/message/ros/devel/share/roseus/ros/ros_interface/msg/UssParkingInfoList.l)
Linked: (/home/meizan/workspace/athena-robot-dog/modules/message/ros/devel/.private/ros_interface/share/roseus/ros/ros_interface/msg/DiagnosticStatus.l, /home/meizan/workspace/athena-robot-dog/modules/message/ros/devel/share/roseus/ros/ros_interface/msg/DiagnosticStatus.l)
Linked: (/home/meizan/workspace/athena-robot-dog/modules/message/ros/devel/.private/ros_interface/share/roseus/ros/ros_interface/msg/Fault.l, /home/meizan/workspace/athena-robot-dog/modules/message/ros/devel/share/roseus/ros/ros_interface/msg/Fault.l)
Linked: (/home/meizan/workspace/athena-robot-dog/modules/message/ros/devel/.private/ros_interface/share/roseus/ros/ros_interface/msg/Stories.l, /home/meizan/workspace/athena-robot-dog/modules/message/ros/devel/share/roseus/ros/ros_interface/msg/Stories.l)
Linked: (/home/meizan/workspace/athena-robot-dog/modules/message/ros/devel/.private/ros_interface/share/roseus/ros/ros_interface/msg/ControlAnalysis.l, /home/meizan/workspace/athena-robot-dog/modules/message/ros/devel/share/roseus/ros/ros_interface/msg/ControlAnalysis.l)
Linked: (/home/meizan/workspace/athena-robot-dog/modules/message/ros/devel/.private/ros_interface/share/roseus/ros/ros_interface/msg/PadMessage.l, /home/meizan/workspace/athena-robot-dog/modules/message/ros/devel/share/roseus/ros/ros_interface/msg/PadMessage.l)
Linked: (/home/meizan/workspace/athena-robot-dog/modules/message/ros/devel/.private/ros_interface/share/roseus/ros/ros_interface/msg/ObstaclePriority.l, /home/meizan/workspace/athena-robot-dog/modules/message/ros/devel/share/roseus/ros/ros_interface/msg/ObstaclePriority.l)
Linked: (/home/meizan/workspace/athena-robot-dog/modules/message/ros/devel/.private/ros_interface/share/roseus/ros/ros_interface/msg/HMITrajectory.l, /home/meizan/workspace/athena-robot-dog/modules/message/ros/devel/share/roseus/ros/ros_interface/msg/HMITrajectory.l)
Linked: (/home/meizan/workspace/athena-robot-dog/modules/message/ros/devel/.private/ros_interface/share/roseus/ros/ros_interface/msg/LaneList.l, /home/meizan/workspace/athena-robot-dog/modules/message/ros/devel/share/roseus/ros/ros_interface/msg/LaneList.l)
Linked: (/home/meizan/workspace/athena-robot-dog/modules/message/ros/devel/.private/ros_interface/share/roseus/ros/ros_interface/msg/VehicleMotion.l, /home/meizan/workspace/athena-robot-dog/modules/message/ros/devel/share/roseus/ros/ros_interface/msg/VehicleMotion.l)
Linked: (/home/meizan/workspace/athena-robot-dog/modules/message/ros/devel/.private/ros_interface/share/roseus/ros/ros_interface/msg/Uncertainty.l, /home/meizan/workspace/athena-robot-dog/modules/message/ros/devel/share/roseus/ros/ros_interface/msg/Uncertainty.l)
Linked: (/home/meizan/workspace/athena-robot-dog/modules/message/ros/devel/.private/ros_interface/share/roseus/ros/ros_interface/msg/PredictionTrajectoryPoint.l, /home/meizan/workspace/athena-robot-dog/modules/message/ros/devel/share/roseus/ros/ros_interface/msg/PredictionTrajectoryPoint.l)
Linked: (/home/meizan/workspace/athena-robot-dog/modules/message/ros/devel/.private/ros_interface/share/roseus/ros/ros_interface/msg/GuideRoad.l, /home/meizan/workspace/athena-robot-dog/modules/message/ros/devel/share/roseus/ros/ros_interface/msg/GuideRoad.l)
Linked: (/home/meizan/workspace/athena-robot-dog/modules/message/ros/devel/.private/ros_interface/share/roseus/ros/ros_interface/msg/ObstacleFeature.l, /home/meizan/workspace/athena-robot-dog/modules/message/ros/devel/share/roseus/ros/ros_interface/msg/ObstacleFeature.l)
Linked: (/home/meizan/workspace/athena-robot-dog/modules/message/ros/devel/.private/ros_interface/share/roseus/ros/ros_interface/msg/RoadMark.l, /home/meizan/workspace/athena-robot-dog/modules/message/ros/devel/share/roseus/ros/ros_interface/msg/RoadMark.l)
Linked: (/home/meizan/workspace/athena-robot-dog/modules/message/ros/devel/.private/ros_interface/share/roseus/ros/ros_interface/msg/TrafficLightDebug.l, /home/meizan/workspace/athena-robot-dog/modules/message/ros/devel/share/roseus/ros/ros_interface/msg/TrafficLightDebug.l)
Linked: (/home/meizan/workspace/athena-robot-dog/modules/message/ros/devel/.private/ros_interface/share/roseus/ros/ros_interface/msg/TrajectoryPointInPrediction.l, /home/meizan/workspace/athena-robot-dog/modules/message/ros/devel/share/roseus/ros/ros_interface/msg/TrajectoryPointInPrediction.l)
Linked: (/home/meizan/workspace/athena-robot-dog/modules/message/ros/devel/.private/ros_interface/share/roseus/ros/ros_interface/msg/KeyValues.l, /home/meizan/workspace/athena-robot-dog/modules/message/ros/devel/share/roseus/ros/ros_interface/msg/KeyValues.l)
Linked: (/home/meizan/workspace/athena-robot-dog/modules/message/ros/devel/.private/ros_interface/share/roseus/ros/ros_interface/msg/PlanningCmd.l, /home/meizan/workspace/athena-robot-dog/modules/message/ros/devel/share/roseus/ros/ros_interface/msg/PlanningCmd.l)
Linked: (/home/meizan/workspace/athena-robot-dog/modules/message/ros/devel/.private/ros_interface/share/roseus/ros/ros_interface/msg/WLConstraintInfoList.l, /home/meizan/workspace/athena-robot-dog/modules/message/ros/devel/share/roseus/ros/ros_interface/msg/WLConstraintInfoList.l)
Linked: (/home/meizan/workspace/athena-robot-dog/modules/message/ros/devel/.private/ros_interface/share/roseus/ros/ros_interface/msg/VehicleState.l, /home/meizan/workspace/athena-robot-dog/modules/message/ros/devel/share/roseus/ros/ros_interface/msg/VehicleState.l)
Linked: (/home/meizan/workspace/athena-robot-dog/modules/message/ros/devel/.private/ros_interface/share/roseus/ros/ros_interface/msg/LaneInfo.l, /home/meizan/workspace/athena-robot-dog/modules/message/ros/devel/share/roseus/ros/ros_interface/msg/LaneInfo.l)
Linked: (/home/meizan/workspace/athena-robot-dog/modules/message/ros/devel/.private/ros_interface/share/roseus/ros/ros_interface/msg/TrajectoryArray.l, /home/meizan/workspace/athena-robot-dog/modules/message/ros/devel/share/roseus/ros/ros_interface/msg/TrajectoryArray.l)
Linked: (/home/meizan/workspace/athena-robot-dog/modules/message/ros/devel/.private/ros_interface/share/roseus/ros/ros_interface/msg/Matrix3D.l, /home/meizan/workspace/athena-robot-dog/modules/message/ros/devel/share/roseus/ros/ros_interface/msg/Matrix3D.l)
Linked: (/home/meizan/workspace/athena-robot-dog/modules/message/ros/devel/.private/ros_interface/share/roseus/ros/ros_interface/msg/AlarmMessage.l, /home/meizan/workspace/athena-robot-dog/modules/message/ros/devel/share/roseus/ros/ros_interface/msg/AlarmMessage.l)
Linked: (/home/meizan/workspace/athena-robot-dog/modules/message/ros/devel/.private/ros_interface/share/roseus/ros/ros_interface/msg/Gnss.l, /home/meizan/workspace/athena-robot-dog/modules/message/ros/devel/share/roseus/ros/ros_interface/msg/Gnss.l)
Linked: (/home/meizan/workspace/athena-robot-dog/modules/message/ros/devel/.private/ros_interface/share/roseus/ros/ros_interface/msg/RadarState.l, /home/meizan/workspace/athena-robot-dog/modules/message/ros/devel/share/roseus/ros/ros_interface/msg/RadarState.l)
Linked: (/home/meizan/workspace/athena-robot-dog/modules/message/ros/devel/.private/ros_interface/share/roseus/ros/ros_interface/msg/PredictionObstacle.l, /home/meizan/workspace/athena-robot-dog/modules/message/ros/devel/share/roseus/ros/ros_interface/msg/PredictionObstacle.l)
Linked: (/home/meizan/workspace/athena-robot-dog/modules/message/ros/devel/.private/ros_interface/share/roseus/ros/ros_interface/msg/SensorCalibrator.l, /home/meizan/workspace/athena-robot-dog/modules/message/ros/devel/share/roseus/ros/ros_interface/msg/SensorCalibrator.l)
Linked: (/home/meizan/workspace/athena-robot-dog/modules/message/ros/devel/.private/ros_interface/share/roseus/ros/ros_interface/msg/CommCommand.l, /home/meizan/workspace/athena-robot-dog/modules/message/ros/devel/share/roseus/ros/ros_interface/msg/CommCommand.l)
Linked: (/home/meizan/workspace/athena-robot-dog/modules/message/ros/devel/.private/ros_interface/share/roseus/ros/ros_interface/msg/JunctionInfo.l, /home/meizan/workspace/athena-robot-dog/modules/message/ros/devel/share/roseus/ros/ros_interface/msg/JunctionInfo.l)
Linked: (/home/meizan/workspace/athena-robot-dog/modules/message/ros/devel/.private/ros_interface/share/roseus/ros/ros_interface/msg/Polygon3D.l, /home/meizan/workspace/athena-robot-dog/modules/message/ros/devel/share/roseus/ros/ros_interface/msg/Polygon3D.l)
Linked: (/home/meizan/workspace/athena-robot-dog/modules/message/ros/devel/.private/ros_interface/share/roseus/ros/ros_interface/msg/Time.l, /home/meizan/workspace/athena-robot-dog/modules/message/ros/devel/share/roseus/ros/ros_interface/msg/Time.l)
Linked: (/home/meizan/workspace/athena-robot-dog/modules/message/ros/devel/.private/ros_interface/share/roseus/ros/ros_interface/msg/Faults.l, /home/meizan/workspace/athena-robot-dog/modules/message/ros/devel/share/roseus/ros/ros_interface/msg/Faults.l)
Linked: (/home/meizan/workspace/athena-robot-dog/modules/message/ros/devel/.private/ros_interface/share/roseus/ros/ros_interface/msg/PathPoint.l, /home/meizan/workspace/athena-robot-dog/modules/message/ros/devel/share/roseus/ros/ros_interface/msg/PathPoint.l)
Linked: (/home/meizan/workspace/athena-robot-dog/modules/message/ros/devel/.private/ros_interface/share/roseus/ros/ros_interface/msg/WarningCommand.l, /home/meizan/workspace/athena-robot-dog/modules/message/ros/devel/share/roseus/ros/ros_interface/msg/WarningCommand.l)
Linked: (/home/meizan/workspace/athena-robot-dog/modules/message/ros/devel/.private/ros_interface/share/roseus/ros/ros_interface/msg/KeyPoint.l, /home/meizan/workspace/athena-robot-dog/modules/message/ros/devel/share/roseus/ros/ros_interface/msg/KeyPoint.l)
Linked: (/home/meizan/workspace/athena-robot-dog/modules/message/ros/devel/.private/ros_interface/share/roseus/ros/ros_interface/msg/ObstacleIntent.l, /home/meizan/workspace/athena-robot-dog/modules/message/ros/devel/share/roseus/ros/ros_interface/msg/ObstacleIntent.l)
Linked: (/home/meizan/workspace/athena-robot-dog/modules/message/ros/devel/.private/ros_interface/share/roseus/ros/ros_interface/msg/Obstacle.l, /home/meizan/workspace/athena-robot-dog/modules/message/ros/devel/share/roseus/ros/ros_interface/msg/Obstacle.l)
Linked: (/home/meizan/workspace/athena-robot-dog/modules/message/ros/devel/.private/ros_interface/share/roseus/ros/ros_interface/msg/RoadMarkList.l, /home/meizan/workspace/athena-robot-dog/modules/message/ros/devel/share/roseus/ros/ros_interface/msg/RoadMarkList.l)
Linked: (/home/meizan/workspace/athena-robot-dog/modules/message/ros/devel/.private/ros_interface/share/roseus/ros/ros_interface/msg/Command.l, /home/meizan/workspace/athena-robot-dog/modules/message/ros/devel/share/roseus/ros/ros_interface/msg/Command.l)
Linked: (/home/meizan/workspace/athena-robot-dog/modules/message/ros/devel/.private/ros_interface/share/roseus/ros/ros_interface/msg/GlobalRouteMsg.l, /home/meizan/workspace/athena-robot-dog/modules/message/ros/devel/share/roseus/ros/ros_interface/msg/GlobalRouteMsg.l)
Linked: (/home/meizan/workspace/athena-robot-dog/modules/message/ros/devel/.private/ros_interface/share/roseus/ros/ros_interface/msg/Point3D.l, /home/meizan/workspace/athena-robot-dog/modules/message/ros/devel/share/roseus/ros/ros_interface/msg/Point3D.l)
Linked: (/home/meizan/workspace/athena-robot-dog/modules/message/ros/devel/.private/ros_interface/share/roseus/ros/ros_interface/msg/Log.l, /home/meizan/workspace/athena-robot-dog/modules/message/ros/devel/share/roseus/ros/ros_interface/msg/Log.l)
Linked: (/home/meizan/workspace/athena-robot-dog/modules/message/ros/devel/.private/ros_interface/share/roseus/ros/ros_interface/msg/RoutingResponse.l, /home/meizan/workspace/athena-robot-dog/modules/message/ros/devel/share/roseus/ros/ros_interface/msg/RoutingResponse.l)
Linked: (/home/meizan/workspace/athena-robot-dog/modules/message/ros/devel/.private/ros_interface/share/roseus/ros/ros_interface/msg/VehicleMotionPoint.l, /home/meizan/workspace/athena-robot-dog/modules/message/ros/devel/share/roseus/ros/ros_interface/msg/VehicleMotionPoint.l)
Linked: (/home/meizan/workspace/athena-robot-dog/modules/message/ros/devel/.private/ros_interface/share/roseus/ros/ros_interface/msg/StopPoint.l, /home/meizan/workspace/athena-robot-dog/modules/message/ros/devel/share/roseus/ros/ros_interface/msg/StopPoint.l)
Linked: (/home/meizan/workspace/athena-robot-dog/modules/message/ros/devel/.private/ros_interface/share/roseus/ros/ros_interface/msg/SecurityDecision.l, /home/meizan/workspace/athena-robot-dog/modules/message/ros/devel/share/roseus/ros/ros_interface/msg/SecurityDecision.l)
Linked: (/home/meizan/workspace/athena-robot-dog/modules/message/ros/devel/.private/ros_interface/share/roseus/ros/ros_interface/msg/ParkingRoi.l, /home/meizan/workspace/athena-robot-dog/modules/message/ros/devel/share/roseus/ros/ros_interface/msg/ParkingRoi.l)
Linked: (/home/meizan/workspace/athena-robot-dog/modules/message/ros/devel/.private/ros_interface/share/roseus/ros/ros_interface/msg/HMIParkingInfo.l, /home/meizan/workspace/athena-robot-dog/modules/message/ros/devel/share/roseus/ros/ros_interface/msg/HMIParkingInfo.l)
Linked: (/home/meizan/workspace/athena-robot-dog/modules/message/ros/devel/.private/ros_interface/share/roseus/ros/ros_interface/msg/UssParkingInfo.l, /home/meizan/workspace/athena-robot-dog/modules/message/ros/devel/share/roseus/ros/ros_interface/msg/UssParkingInfo.l)
Linked: (/home/meizan/workspace/athena-robot-dog/modules/message/ros/devel/.private/ros_interface/share/roseus/ros/ros_interface/msg/ControlCommand.l, /home/meizan/workspace/athena-robot-dog/modules/message/ros/devel/share/roseus/ros/ros_interface/msg/ControlCommand.l)
Linked: (/home/meizan/workspace/athena-robot-dog/modules/message/ros/devel/.private/ros_interface/share/roseus/ros/ros_interface/msg/VehicleConfig.l, /home/meizan/workspace/athena-robot-dog/modules/message/ros/devel/share/roseus/ros/ros_interface/msg/VehicleConfig.l)
Linked: (/home/meizan/workspace/athena-robot-dog/modules/message/ros/devel/.private/ros_interface/share/roseus/ros/ros_interface/msg/ObuCmdMsg.l, /home/meizan/workspace/athena-robot-dog/modules/message/ros/devel/share/roseus/ros/ros_interface/msg/ObuCmdMsg.l)
Linked: (/home/meizan/workspace/athena-robot-dog/modules/message/ros/devel/.private/ros_interface/share/roseus/ros/ros_interface/msg/PredictionObstacles.l, /home/meizan/workspace/athena-robot-dog/modules/message/ros/devel/share/roseus/ros/ros_interface/msg/PredictionObstacles.l)
Linked: (/home/meizan/workspace/athena-robot-dog/modules/message/ros/devel/.private/ros_interface/share/roseus/ros/ros_interface/msg/Twist.l, /home/meizan/workspace/athena-robot-dog/modules/message/ros/devel/share/roseus/ros/ros_interface/msg/Twist.l)
Linked: (/home/meizan/workspace/athena-robot-dog/modules/message/ros/devel/.private/ros_interface/share/roseus/ros/ros_interface/msg/RadarStateMode.l, /home/meizan/workspace/athena-robot-dog/modules/message/ros/devel/share/roseus/ros/ros_interface/msg/RadarStateMode.l)
Linked: (/home/meizan/workspace/athena-robot-dog/modules/message/ros/devel/.private/ros_interface/share/roseus/ros/ros_interface/msg/RouteFusionInfo.l, /home/meizan/workspace/athena-robot-dog/modules/message/ros/devel/share/roseus/ros/ros_interface/msg/RouteFusionInfo.l)
Linked: (/home/meizan/workspace/athena-robot-dog/modules/message/ros/devel/.private/ros_interface/share/roseus/ros/ros_interface/msg/Ins.l, /home/meizan/workspace/athena-robot-dog/modules/message/ros/devel/share/roseus/ros/ros_interface/msg/Ins.l)
Linked: (/home/meizan/workspace/athena-robot-dog/modules/message/ros/devel/.private/ros_interface/share/roseus/ros/ros_interface/msg/Path.l, /home/meizan/workspace/athena-robot-dog/modules/message/ros/devel/share/roseus/ros/ros_interface/msg/Path.l)
Linked: (/home/meizan/workspace/athena-robot-dog/modules/message/ros/devel/.private/ros_interface/share/roseus/ros/ros_interface/msg/Pavementype.l, /home/meizan/workspace/athena-robot-dog/modules/message/ros/devel/share/roseus/ros/ros_interface/msg/Pavementype.l)
Linked: (/home/meizan/workspace/athena-robot-dog/modules/message/ros/devel/.private/ros_interface/share/roseus/ros/ros_interface/msg/Polygon2D.l, /home/meizan/workspace/athena-robot-dog/modules/message/ros/devel/share/roseus/ros/ros_interface/msg/Polygon2D.l)
Linked: (/home/meizan/workspace/athena-robot-dog/modules/message/ros/devel/.private/ros_interface/share/roseus/ros/ros_interface/msg/WLConstraintInfo.l, /home/meizan/workspace/athena-robot-dog/modules/message/ros/devel/share/roseus/ros/ros_interface/msg/WLConstraintInfo.l)
Linked: (/home/meizan/workspace/athena-robot-dog/modules/message/ros/devel/.private/ros_interface/share/roseus/ros/ros_interface/msg/CameraParkingStopper.l, /home/meizan/workspace/athena-robot-dog/modules/message/ros/devel/share/roseus/ros/ros_interface/msg/CameraParkingStopper.l)
Linked: (/home/meizan/workspace/athena-robot-dog/modules/message/ros/devel/.private/ros_interface/share/roseus/ros/ros_interface/msg/SLPoint.l, /home/meizan/workspace/athena-robot-dog/modules/message/ros/devel/share/roseus/ros/ros_interface/msg/SLPoint.l)
Linked: (/home/meizan/workspace/athena-robot-dog/modules/message/ros/devel/.private/ros_interface/share/roseus/ros/ros_interface/msg/CommandRespond.l, /home/meizan/workspace/athena-robot-dog/modules/message/ros/devel/share/roseus/ros/ros_interface/msg/CommandRespond.l)
Linked: (/home/meizan/workspace/athena-robot-dog/modules/message/ros/devel/.private/ros_interface/share/roseus/ros/ros_interface/msg/TrafficEvents.l, /home/meizan/workspace/athena-robot-dog/modules/message/ros/devel/share/roseus/ros/ros_interface/msg/TrafficEvents.l)
Linked: (/home/meizan/workspace/athena-robot-dog/modules/message/ros/devel/.private/ros_interface/share/roseus/ros/ros_interface/msg/ObstacleInteractiveTag.l, /home/meizan/workspace/athena-robot-dog/modules/message/ros/devel/share/roseus/ros/ros_interface/msg/ObstacleInteractiveTag.l)
Linked: (/home/meizan/workspace/athena-robot-dog/modules/message/ros/devel/.private/ros_interface/share/roseus/ros/ros_interface/msg/Header.l, /home/meizan/workspace/athena-robot-dog/modules/message/ros/devel/share/roseus/ros/ros_interface/msg/Header.l)
Linked: (/home/meizan/workspace/athena-robot-dog/modules/message/ros/devel/.private/ros_interface/share/roseus/ros/ros_interface/msg/CurvatureInfo.l, /home/meizan/workspace/athena-robot-dog/modules/message/ros/devel/share/roseus/ros/ros_interface/msg/CurvatureInfo.l)
Linked: (/home/meizan/workspace/athena-robot-dog/modules/message/ros/devel/.private/ros_interface/share/roseus/ros/ros_interface/msg/PlanningAnalysis.l, /home/meizan/workspace/athena-robot-dog/modules/message/ros/devel/share/roseus/ros/ros_interface/msg/PlanningAnalysis.l)
Linked: (/home/meizan/workspace/athena-robot-dog/modules/message/ros/devel/.private/ros_interface/share/roseus/ros/ros_interface/msg/HMIObuCmdMsg.l, /home/meizan/workspace/athena-robot-dog/modules/message/ros/devel/share/roseus/ros/ros_interface/msg/HMIObuCmdMsg.l)
Linked: (/home/meizan/workspace/athena-robot-dog/modules/message/ros/devel/.private/ros_interface/share/roseus/ros/ros_interface/msg/CameraParkingInfo.l, /home/meizan/workspace/athena-robot-dog/modules/message/ros/devel/share/roseus/ros/ros_interface/msg/CameraParkingInfo.l)
Linked: (/home/meizan/workspace/athena-robot-dog/modules/message/ros/devel/.private/ros_interface/share/roseus/ros/ros_interface/msg/ParkingOutInfo.l, /home/meizan/workspace/athena-robot-dog/modules/message/ros/devel/share/roseus/ros/ros_interface/msg/ParkingOutInfo.l)
Linked: (/home/meizan/workspace/athena-robot-dog/modules/message/ros/devel/.private/ros_interface/share/roseus/ros/ros_interface/msg/TrafficLight.l, /home/meizan/workspace/athena-robot-dog/modules/message/ros/devel/share/roseus/ros/ros_interface/msg/TrafficLight.l)
Linked: (/home/meizan/workspace/athena-robot-dog/modules/message/ros/devel/.private/ros_interface/share/roseus/ros/ros_interface/msg/HMIVehicleMsg.l, /home/meizan/workspace/athena-robot-dog/modules/message/ros/devel/share/roseus/ros/ros_interface/msg/HMIVehicleMsg.l)
Linked: (/home/meizan/workspace/athena-robot-dog/modules/message/ros/devel/.private/ros_interface/share/roseus/ros/ros_interface/msg/Point2D.l, /home/meizan/workspace/athena-robot-dog/modules/message/ros/devel/share/roseus/ros/ros_interface/msg/Point2D.l)
Linked: (/home/meizan/workspace/athena-robot-dog/modules/message/ros/devel/.private/ros_interface/share/roseus/ros/ros_interface/msg/DiagnosticArray.l, /home/meizan/workspace/athena-robot-dog/modules/message/ros/devel/share/roseus/ros/ros_interface/msg/DiagnosticArray.l)
Linked: (/home/meizan/workspace/athena-robot-dog/modules/message/ros/devel/.private/ros_interface/share/roseus/ros/ros_interface/msg/HolisticPathPrediction.l, /home/meizan/workspace/athena-robot-dog/modules/message/ros/devel/share/roseus/ros/ros_interface/msg/HolisticPathPrediction.l)
Linked: (/home/meizan/workspace/athena-robot-dog/modules/message/ros/devel/.private/ros_interface/share/roseus/ros/ros_interface/msg/PointENU.l, /home/meizan/workspace/athena-robot-dog/modules/message/ros/devel/share/roseus/ros/ros_interface/msg/PointENU.l)
Linked: (/home/meizan/workspace/athena-robot-dog/modules/message/ros/devel/.private/ros_interface/share/roseus/ros/ros_interface/msg/VehicleParam.l, /home/meizan/workspace/athena-robot-dog/modules/message/ros/devel/share/roseus/ros/ros_interface/msg/VehicleParam.l)
Linked: (/home/meizan/workspace/athena-robot-dog/modules/message/ros/devel/.private/ros_interface/share/roseus/ros/ros_interface/msg/TrajectoryPoint.l, /home/meizan/workspace/athena-robot-dog/modules/message/ros/devel/share/roseus/ros/ros_interface/msg/TrajectoryPoint.l)
Linked: (/home/meizan/workspace/athena-robot-dog/modules/message/ros/devel/.private/ros_interface/share/roseus/ros/ros_interface/msg/Imu.l, /home/meizan/workspace/athena-robot-dog/modules/message/ros/devel/share/roseus/ros/ros_interface/msg/Imu.l)
Linked: (/home/meizan/workspace/athena-robot-dog/modules/message/ros/devel/.private/ros_interface/share/roseus/ros/ros_interface/msg/FreeSpace.l, /home/meizan/workspace/athena-robot-dog/modules/message/ros/devel/share/roseus/ros/ros_interface/msg/FreeSpace.l)
Linked: (/home/meizan/workspace/athena-robot-dog/modules/message/ros/devel/.private/ros_interface/share/roseus/ros/ros_interface/msg/ADCTrajectory.l, /home/meizan/workspace/athena-robot-dog/modules/message/ros/devel/share/roseus/ros/ros_interface/msg/ADCTrajectory.l)
Linked: (/home/meizan/workspace/athena-robot-dog/modules/message/ros/devel/.private/ros_interface/share/roseus/ros/ros_interface/msg/Location.l, /home/meizan/workspace/athena-robot-dog/modules/message/ros/devel/share/roseus/ros/ros_interface/msg/Location.l)
Linked: (/home/meizan/workspace/athena-robot-dog/modules/message/ros/devel/.private/ros_interface/share/roseus/ros/ros_interface/msg/RadarObstacle.l, /home/meizan/workspace/athena-robot-dog/modules/message/ros/devel/share/roseus/ros/ros_interface/msg/RadarObstacle.l)
Linked: (/home/meizan/workspace/athena-robot-dog/modules/message/ros/devel/.private/ros_interface/share/roseus/ros/ros_interface/msg/ParkingStateDisplay.l, /home/meizan/workspace/athena-robot-dog/modules/message/ros/devel/share/roseus/ros/ros_interface/msg/ParkingStateDisplay.l)
Linked: (/home/meizan/workspace/athena-robot-dog/modules/message/ros/devel/.private/ros_interface/share/roseus/ros/ros_interface/msg/StopInfo.l, /home/meizan/workspace/athena-robot-dog/modules/message/ros/devel/share/roseus/ros/ros_interface/msg/StopInfo.l)
Linked: (/home/meizan/workspace/athena-robot-dog/modules/message/ros/devel/.private/ros_interface/share/roseus/ros/ros_interface/msg/ImageKeyPoint.l, /home/meizan/workspace/athena-robot-dog/modules/message/ros/devel/share/roseus/ros/ros_interface/msg/ImageKeyPoint.l)
Linked: (/home/meizan/workspace/athena-robot-dog/modules/message/ros/devel/.private/ros_interface/share/roseus/ros/ros_interface/msg/Odometry.l, /home/meizan/workspace/athena-robot-dog/modules/message/ros/devel/share/roseus/ros/ros_interface/msg/Odometry.l)
Linked: (/home/meizan/workspace/athena-robot-dog/modules/message/ros/devel/.private/ros_interface/share/roseus/ros/ros_interface/msg/HMIDiagnosticStatus.l, /home/meizan/workspace/athena-robot-dog/modules/message/ros/devel/share/roseus/ros/ros_interface/msg/HMIDiagnosticStatus.l)
Linked: (/home/meizan/workspace/athena-robot-dog/modules/message/ros/devel/.private/ros_interface/share/roseus/ros/ros_interface/msg/BBox2D.l, /home/meizan/workspace/athena-robot-dog/modules/message/ros/devel/share/roseus/ros/ros_interface/msg/BBox2D.l)
Linked: (/home/meizan/workspace/athena-robot-dog/modules/message/ros/devel/.private/ros_interface/share/roseus/ros/ros_interface/msg/EStop.l, /home/meizan/workspace/athena-robot-dog/modules/message/ros/devel/share/roseus/ros/ros_interface/msg/EStop.l)
Linked: (/home/meizan/workspace/athena-robot-dog/modules/message/ros/devel/.private/ros_interface/share/roseus/ros/ros_interface/msg/Events.l, /home/meizan/workspace/athena-robot-dog/modules/message/ros/devel/share/roseus/ros/ros_interface/msg/Events.l)
Linked: (/home/meizan/workspace/athena-robot-dog/modules/message/ros/devel/.private/ros_interface/share/roseus/ros/ros_interface/msg/LaneLine.l, /home/meizan/workspace/athena-robot-dog/modules/message/ros/devel/share/roseus/ros/ros_interface/msg/LaneLine.l)
Linked: (/home/meizan/workspace/athena-robot-dog/modules/message/ros/devel/.private/ros_interface/share/roseus/ros/ros_interface/msg/RadarStateError.l, /home/meizan/workspace/athena-robot-dog/modules/message/ros/devel/share/roseus/ros/ros_interface/msg/RadarStateError.l)
Linked: (/home/meizan/workspace/athena-robot-dog/modules/message/ros/devel/.private/ros_interface/share/roseus/ros/ros_interface/msg/Event.l, /home/meizan/workspace/athena-robot-dog/modules/message/ros/devel/share/roseus/ros/ros_interface/msg/Event.l)
Linked: (/home/meizan/workspace/athena-robot-dog/modules/message/ros/devel/.private/ros_interface/share/roseus/ros/ros_interface/msg/PointXYZIRT.l, /home/meizan/workspace/athena-robot-dog/modules/message/ros/devel/share/roseus/ros/ros_interface/msg/PointXYZIRT.l)
Linked: (/home/meizan/workspace/athena-robot-dog/modules/message/ros/devel/.private/ros_interface/share/roseus/ros/ros_interface/msg/HMIParkingInfoList.l, /home/meizan/workspace/athena-robot-dog/modules/message/ros/devel/share/roseus/ros/ros_interface/msg/HMIParkingInfoList.l)
Linked: (/home/meizan/workspace/athena-robot-dog/modules/message/ros/devel/.private/ros_interface/share/roseus/ros/ros_interface/msg/Status.l, /home/meizan/workspace/athena-robot-dog/modules/message/ros/devel/share/roseus/ros/ros_interface/msg/Status.l)
Linked: (/home/meizan/workspace/athena-robot-dog/modules/message/ros/devel/.private/ros_interface/share/roseus/ros/ros_interface/msg/SotifMonitorResult.l, /home/meizan/workspace/athena-robot-dog/modules/message/ros/devel/share/roseus/ros/ros_interface/msg/SotifMonitorResult.l)
Linked: (/home/meizan/workspace/athena-robot-dog/modules/message/ros/devel/.private/ros_interface/share/roseus/ros/ros_interface/msg/Message.l, /home/meizan/workspace/athena-robot-dog/modules/message/ros/devel/share/roseus/ros/ros_interface/msg/Message.l)
Linked: (/home/meizan/workspace/athena-robot-dog/modules/message/ros/devel/.private/ros_interface/share/roseus/ros/ros_interface/msg/FrenetFramePoint.l, /home/meizan/workspace/athena-robot-dog/modules/message/ros/devel/share/roseus/ros/ros_interface/msg/FrenetFramePoint.l)
Linked: (/home/meizan/workspace/athena-robot-dog/modules/message/ros/devel/.private/ros_interface/share/roseus/ros/ros_interface/msg/VehicleSignal.l, /home/meizan/workspace/athena-robot-dog/modules/message/ros/devel/share/roseus/ros/ros_interface/msg/VehicleSignal.l)
Linked: (/home/meizan/workspace/athena-robot-dog/modules/message/ros/devel/.private/ros_interface/share/roseus/ros/ros_interface/msg/LaneletInfo.l, /home/meizan/workspace/athena-robot-dog/modules/message/ros/devel/share/roseus/ros/ros_interface/msg/LaneletInfo.l)
Linked: (/home/meizan/workspace/athena-robot-dog/modules/message/ros/devel/.private/ros_interface/share/roseus/ros/ros_interface/msg/HMIObstacleList.l, /home/meizan/workspace/athena-robot-dog/modules/message/ros/devel/share/roseus/ros/ros_interface/msg/HMIObstacleList.l)
Linked: (/home/meizan/workspace/athena-robot-dog/modules/message/ros/devel/.private/ros_interface/share/roseus/ros/ros_interface/msg/Image.l, /home/meizan/workspace/athena-robot-dog/modules/message/ros/devel/share/roseus/ros/ros_interface/msg/Image.l)
Linked: (/home/meizan/workspace/athena-robot-dog/modules/message/ros/devel/.private/ros_interface/share/roseus/ros/ros_interface/msg/ObuCmd.l, /home/meizan/workspace/athena-robot-dog/modules/message/ros/devel/share/roseus/ros/ros_interface/msg/ObuCmd.l)
Linked: (/home/meizan/workspace/athena-robot-dog/modules/message/ros/devel/.private/ros_interface/share/roseus/ros/ros_interface/msg/HMITrajectoryPoint.l, /home/meizan/workspace/athena-robot-dog/modules/message/ros/devel/share/roseus/ros/ros_interface/msg/HMITrajectoryPoint.l)
Linked: (/home/meizan/workspace/athena-robot-dog/modules/message/ros/devel/.private/ros_interface/share/roseus/ros/ros_interface/msg/LimitSpeedInfo.l, /home/meizan/workspace/athena-robot-dog/modules/message/ros/devel/share/roseus/ros/ros_interface/msg/LimitSpeedInfo.l)
Linked: (/home/meizan/workspace/athena-robot-dog/modules/message/ros/devel/.private/ros_interface/share/roseus/ros/ros_interface/msg/PointBasic.l, /home/meizan/workspace/athena-robot-dog/modules/message/ros/devel/share/roseus/ros/ros_interface/msg/PointBasic.l)
Linked: (/home/meizan/workspace/athena-robot-dog/modules/message/ros/devel/.private/ros_interface/share/roseus/ros/ros_interface/msg/PerceptionObstacle.l, /home/meizan/workspace/athena-robot-dog/modules/message/ros/devel/share/roseus/ros/ros_interface/msg/PerceptionObstacle.l)
Linked: (/home/meizan/workspace/athena-robot-dog/modules/message/ros/devel/.private/ros_interface/share/roseus/ros/ros_interface/msg/SLBoundary.l, /home/meizan/workspace/athena-robot-dog/modules/message/ros/devel/share/roseus/ros/ros_interface/msg/SLBoundary.l)
Linked: (/home/meizan/workspace/athena-robot-dog/modules/message/ros/devel/.private/ros_interface/share/roseus/ros/ros_interface/msg/Region.l, /home/meizan/workspace/athena-robot-dog/modules/message/ros/devel/share/roseus/ros/ros_interface/msg/Region.l)
Linked: (/home/meizan/workspace/athena-robot-dog/modules/message/ros/devel/.private/ros_interface/share/roseus/ros/ros_interface/msg/Grid.l, /home/meizan/workspace/athena-robot-dog/modules/message/ros/devel/share/roseus/ros/ros_interface/msg/Grid.l)
Linked: (/home/meizan/workspace/athena-robot-dog/modules/message/ros/devel/.private/ros_interface/share/roseus/ros/ros_interface/msg/UssObstacle.l, /home/meizan/workspace/athena-robot-dog/modules/message/ros/devel/share/roseus/ros/ros_interface/msg/UssObstacle.l)
Linked: (/home/meizan/workspace/athena-robot-dog/modules/message/ros/devel/.private/ros_interface/share/roseus/ros/ros_interface/msg/EndPoints.l, /home/meizan/workspace/athena-robot-dog/modules/message/ros/devel/share/roseus/ros/ros_interface/msg/EndPoints.l)
Linked: (/home/meizan/workspace/athena-robot-dog/modules/message/ros/devel/.private/ros_interface/share/roseus/ros/ros_interface/msg/HMIParkingStateDisplay.l, /home/meizan/workspace/athena-robot-dog/modules/message/ros/devel/share/roseus/ros/ros_interface/msg/HMIParkingStateDisplay.l)
Linked: (/home/meizan/workspace/athena-robot-dog/modules/message/ros/devel/.private/ros_interface/share/roseus/ros/ros_interface/msg/TrajectoryLimitCommand.l, /home/meizan/workspace/athena-robot-dog/modules/message/ros/devel/share/roseus/ros/ros_interface/msg/TrajectoryLimitCommand.l)
Linked: (/home/meizan/workspace/athena-robot-dog/modules/message/ros/devel/.private/ros_interface/share/roseus/ros/ros_interface/msg/ModuleStatus.l, /home/meizan/workspace/athena-robot-dog/modules/message/ros/devel/share/roseus/ros/ros_interface/msg/ModuleStatus.l)
Linked: (/home/meizan/workspace/athena-robot-dog/modules/message/ros/devel/.private/ros_interface/share/roseus/ros/ros_interface/msg/Chassis.l, /home/meizan/workspace/athena-robot-dog/modules/message/ros/devel/share/roseus/ros/ros_interface/msg/Chassis.l)
Linked: (/home/meizan/workspace/athena-robot-dog/modules/message/ros/devel/.private/ros_interface/share/roseus/ros/ros_interface/msg/CameraParkingInfoList.l, /home/meizan/workspace/athena-robot-dog/modules/message/ros/devel/share/roseus/ros/ros_interface/msg/CameraParkingInfoList.l)
Linked: (/home/meizan/workspace/athena-robot-dog/modules/message/ros/devel/.private/ros_interface/share/ros_interface/cmake/ros_interfaceConfig.cmake, /home/meizan/workspace/athena-robot-dog/modules/message/ros/devel/share/ros_interface/cmake/ros_interfaceConfig.cmake)
Linked: (/home/meizan/workspace/athena-robot-dog/modules/message/ros/devel/.private/ros_interface/share/ros_interface/cmake/ros_interface-msg-paths.cmake, /home/meizan/workspace/athena-robot-dog/modules/message/ros/devel/share/ros_interface/cmake/ros_interface-msg-paths.cmake)
Linked: (/home/meizan/workspace/athena-robot-dog/modules/message/ros/devel/.private/ros_interface/share/ros_interface/cmake/ros_interface-msg-extras.cmake, /home/meizan/workspace/athena-robot-dog/modules/message/ros/devel/share/ros_interface/cmake/ros_interface-msg-extras.cmake)
Linked: (/home/meizan/workspace/athena-robot-dog/modules/message/ros/devel/.private/ros_interface/share/ros_interface/cmake/ros_interfaceConfig-version.cmake, /home/meizan/workspace/athena-robot-dog/modules/message/ros/devel/share/ros_interface/cmake/ros_interfaceConfig-version.cmake)
Linked: (/home/meizan/workspace/athena-robot-dog/modules/message/ros/devel/.private/ros_interface/share/common-lisp/ros/ros_interface/msg/HMIParkingStateDisplay.lisp, /home/meizan/workspace/athena-robot-dog/modules/message/ros/devel/share/common-lisp/ros/ros_interface/msg/HMIParkingStateDisplay.lisp)
Linked: (/home/meizan/workspace/athena-robot-dog/modules/message/ros/devel/.private/ros_interface/share/common-lisp/ros/ros_interface/msg/CameraParkingInfo.lisp, /home/meizan/workspace/athena-robot-dog/modules/message/ros/devel/share/common-lisp/ros/ros_interface/msg/CameraParkingInfo.lisp)
Linked: (/home/meizan/workspace/athena-robot-dog/modules/message/ros/devel/.private/ros_interface/share/common-lisp/ros/ros_interface/msg/RoadMark.lisp, /home/meizan/workspace/athena-robot-dog/modules/message/ros/devel/share/common-lisp/ros/ros_interface/msg/RoadMark.lisp)
Linked: (/home/meizan/workspace/athena-robot-dog/modules/message/ros/devel/.private/ros_interface/share/common-lisp/ros/ros_interface/msg/_package_RoadMark.lisp, /home/meizan/workspace/athena-robot-dog/modules/message/ros/devel/share/common-lisp/ros/ros_interface/msg/_package_RoadMark.lisp)
Linked: (/home/meizan/workspace/athena-robot-dog/modules/message/ros/devel/.private/ros_interface/share/common-lisp/ros/ros_interface/msg/_package_Stories.lisp, /home/meizan/workspace/athena-robot-dog/modules/message/ros/devel/share/common-lisp/ros/ros_interface/msg/_package_Stories.lisp)
Linked: (/home/meizan/workspace/athena-robot-dog/modules/message/ros/devel/.private/ros_interface/share/common-lisp/ros/ros_interface/msg/_package_WarningCommand.lisp, /home/meizan/workspace/athena-robot-dog/modules/message/ros/devel/share/common-lisp/ros/ros_interface/msg/_package_WarningCommand.lisp)
Linked: (/home/meizan/workspace/athena-robot-dog/modules/message/ros/devel/.private/ros_interface/share/common-lisp/ros/ros_interface/msg/TrajectoryArray.lisp, /home/meizan/workspace/athena-robot-dog/modules/message/ros/devel/share/common-lisp/ros/ros_interface/msg/TrajectoryArray.lisp)
Linked: (/home/meizan/workspace/athena-robot-dog/modules/message/ros/devel/.private/ros_interface/share/common-lisp/ros/ros_interface/msg/_package_PointXYZIRT.lisp, /home/meizan/workspace/athena-robot-dog/modules/message/ros/devel/share/common-lisp/ros/ros_interface/msg/_package_PointXYZIRT.lisp)
Linked: (/home/meizan/workspace/athena-robot-dog/modules/message/ros/devel/.private/ros_interface/share/common-lisp/ros/ros_interface/msg/_package_ControlAnalysis.lisp, /home/meizan/workspace/athena-robot-dog/modules/message/ros/devel/share/common-lisp/ros/ros_interface/msg/_package_ControlAnalysis.lisp)
Linked: (/home/meizan/workspace/athena-robot-dog/modules/message/ros/devel/.private/ros_interface/share/common-lisp/ros/ros_interface/msg/_package_GlobalRouteMsg.lisp, /home/meizan/workspace/athena-robot-dog/modules/message/ros/devel/share/common-lisp/ros/ros_interface/msg/_package_GlobalRouteMsg.lisp)
Linked: (/home/meizan/workspace/athena-robot-dog/modules/message/ros/devel/.private/ros_interface/share/common-lisp/ros/ros_interface/msg/_package_SLPoint.lisp, /home/meizan/workspace/athena-robot-dog/modules/message/ros/devel/share/common-lisp/ros/ros_interface/msg/_package_SLPoint.lisp)
Linked: (/home/meizan/workspace/athena-robot-dog/modules/message/ros/devel/.private/ros_interface/share/common-lisp/ros/ros_interface/msg/_package_GuideRoad.lisp, /home/meizan/workspace/athena-robot-dog/modules/message/ros/devel/share/common-lisp/ros/ros_interface/msg/_package_GuideRoad.lisp)
Linked: (/home/meizan/workspace/athena-robot-dog/modules/message/ros/devel/.private/ros_interface/share/common-lisp/ros/ros_interface/msg/_package_ModuleStatus.lisp, /home/meizan/workspace/athena-robot-dog/modules/message/ros/devel/share/common-lisp/ros/ros_interface/msg/_package_ModuleStatus.lisp)
Linked: (/home/meizan/workspace/athena-robot-dog/modules/message/ros/devel/.private/ros_interface/share/common-lisp/ros/ros_interface/msg/DiagnosticArray.lisp, /home/meizan/workspace/athena-robot-dog/modules/message/ros/devel/share/common-lisp/ros/ros_interface/msg/DiagnosticArray.lisp)
Linked: (/home/meizan/workspace/athena-robot-dog/modules/message/ros/devel/.private/ros_interface/share/common-lisp/ros/ros_interface/msg/_package_Faults.lisp, /home/meizan/workspace/athena-robot-dog/modules/message/ros/devel/share/common-lisp/ros/ros_interface/msg/_package_Faults.lisp)
Linked: (/home/meizan/workspace/athena-robot-dog/modules/message/ros/devel/.private/ros_interface/share/common-lisp/ros/ros_interface/msg/PointENU.lisp, /home/meizan/workspace/athena-robot-dog/modules/message/ros/devel/share/common-lisp/ros/ros_interface/msg/PointENU.lisp)
Linked: (/home/meizan/workspace/athena-robot-dog/modules/message/ros/devel/.private/ros_interface/share/common-lisp/ros/ros_interface/msg/_package_GaussianInfo.lisp, /home/meizan/workspace/athena-robot-dog/modules/message/ros/devel/share/common-lisp/ros/ros_interface/msg/_package_GaussianInfo.lisp)
Linked: (/home/meizan/workspace/athena-robot-dog/modules/message/ros/devel/.private/ros_interface/share/common-lisp/ros/ros_interface/msg/Fault.lisp, /home/meizan/workspace/athena-robot-dog/modules/message/ros/devel/share/common-lisp/ros/ros_interface/msg/Fault.lisp)
Linked: (/home/meizan/workspace/athena-robot-dog/modules/message/ros/devel/.private/ros_interface/share/common-lisp/ros/ros_interface/msg/_package_TrajectoryPoint.lisp, /home/meizan/workspace/athena-robot-dog/modules/message/ros/devel/share/common-lisp/ros/ros_interface/msg/_package_TrajectoryPoint.lisp)
Linked: (/home/meizan/workspace/athena-robot-dog/modules/message/ros/devel/.private/ros_interface/share/common-lisp/ros/ros_interface/msg/_package_EStop.lisp, /home/meizan/workspace/athena-robot-dog/modules/message/ros/devel/share/common-lisp/ros/ros_interface/msg/_package_EStop.lisp)
Linked: (/home/meizan/workspace/athena-robot-dog/modules/message/ros/devel/.private/ros_interface/share/common-lisp/ros/ros_interface/msg/ParkingInfoList.lisp, /home/meizan/workspace/athena-robot-dog/modules/message/ros/devel/share/common-lisp/ros/ros_interface/msg/ParkingInfoList.lisp)
Linked: (/home/meizan/workspace/athena-robot-dog/modules/message/ros/devel/.private/ros_interface/share/common-lisp/ros/ros_interface/msg/_package_AlarmMessage.lisp, /home/meizan/workspace/athena-robot-dog/modules/message/ros/devel/share/common-lisp/ros/ros_interface/msg/_package_AlarmMessage.lisp)
Linked: (/home/meizan/workspace/athena-robot-dog/modules/message/ros/devel/.private/ros_interface/share/common-lisp/ros/ros_interface/msg/Polygon3D.lisp, /home/meizan/workspace/athena-robot-dog/modules/message/ros/devel/share/common-lisp/ros/ros_interface/msg/Polygon3D.lisp)
Linked: (/home/meizan/workspace/athena-robot-dog/modules/message/ros/devel/.private/ros_interface/share/common-lisp/ros/ros_interface/msg/ObstacleIntent.lisp, /home/meizan/workspace/athena-robot-dog/modules/message/ros/devel/share/common-lisp/ros/ros_interface/msg/ObstacleIntent.lisp)
Linked: (/home/meizan/workspace/athena-robot-dog/modules/message/ros/devel/.private/ros_interface/share/common-lisp/ros/ros_interface/msg/Matrix3D.lisp, /home/meizan/workspace/athena-robot-dog/modules/message/ros/devel/share/common-lisp/ros/ros_interface/msg/Matrix3D.lisp)
Linked: (/home/meizan/workspace/athena-robot-dog/modules/message/ros/devel/.private/ros_interface/share/common-lisp/ros/ros_interface/msg/Point2dList.lisp, /home/meizan/workspace/athena-robot-dog/modules/message/ros/devel/share/common-lisp/ros/ros_interface/msg/Point2dList.lisp)
Linked: (/home/meizan/workspace/athena-robot-dog/modules/message/ros/devel/.private/ros_interface/share/common-lisp/ros/ros_interface/msg/Status.lisp, /home/meizan/workspace/athena-robot-dog/modules/message/ros/devel/share/common-lisp/ros/ros_interface/msg/Status.lisp)
Linked: (/home/meizan/workspace/athena-robot-dog/modules/message/ros/devel/.private/ros_interface/share/common-lisp/ros/ros_interface/msg/_package_HMITrajectory.lisp, /home/meizan/workspace/athena-robot-dog/modules/message/ros/devel/share/common-lisp/ros/ros_interface/msg/_package_HMITrajectory.lisp)
Linked: (/home/meizan/workspace/athena-robot-dog/modules/message/ros/devel/.private/ros_interface/share/common-lisp/ros/ros_interface/msg/_package_CameraParkingInfo.lisp, /home/meizan/workspace/athena-robot-dog/modules/message/ros/devel/share/common-lisp/ros/ros_interface/msg/_package_CameraParkingInfo.lisp)
Linked: (/home/meizan/workspace/athena-robot-dog/modules/message/ros/devel/.private/ros_interface/share/common-lisp/ros/ros_interface/msg/_package_TrafficLightDebug.lisp, /home/meizan/workspace/athena-robot-dog/modules/message/ros/devel/share/common-lisp/ros/ros_interface/msg/_package_TrafficLightDebug.lisp)
Linked: (/home/meizan/workspace/athena-robot-dog/modules/message/ros/devel/.private/ros_interface/share/common-lisp/ros/ros_interface/msg/_package_PlanningParkingDebug.lisp, /home/meizan/workspace/athena-robot-dog/modules/message/ros/devel/share/common-lisp/ros/ros_interface/msg/_package_PlanningParkingDebug.lisp)
Linked: (/home/meizan/workspace/athena-robot-dog/modules/message/ros/devel/.private/ros_interface/share/common-lisp/ros/ros_interface/msg/TrajectoryInPrediction.lisp, /home/meizan/workspace/athena-robot-dog/modules/message/ros/devel/share/common-lisp/ros/ros_interface/msg/TrajectoryInPrediction.lisp)
Linked: (/home/meizan/workspace/athena-robot-dog/modules/message/ros/devel/.private/ros_interface/share/common-lisp/ros/ros_interface/msg/_package_SotifMonitorResult.lisp, /home/meizan/workspace/athena-robot-dog/modules/message/ros/devel/share/common-lisp/ros/ros_interface/msg/_package_SotifMonitorResult.lisp)
Linked: (/home/meizan/workspace/athena-robot-dog/modules/message/ros/devel/.private/ros_interface/share/common-lisp/ros/ros_interface/msg/_package_UssParkingInfo.lisp, /home/meizan/workspace/athena-robot-dog/modules/message/ros/devel/share/common-lisp/ros/ros_interface/msg/_package_UssParkingInfo.lisp)
Linked: (/home/meizan/workspace/athena-robot-dog/modules/message/ros/devel/.private/ros_interface/share/common-lisp/ros/ros_interface/msg/_package_KeyValues.lisp, /home/meizan/workspace/athena-robot-dog/modules/message/ros/devel/share/common-lisp/ros/ros_interface/msg/_package_KeyValues.lisp)
Linked: (/home/meizan/workspace/athena-robot-dog/modules/message/ros/devel/.private/ros_interface/share/common-lisp/ros/ros_interface/msg/_package_ObuCmdMsg.lisp, /home/meizan/workspace/athena-robot-dog/modules/message/ros/devel/share/common-lisp/ros/ros_interface/msg/_package_ObuCmdMsg.lisp)
Linked: (/home/meizan/workspace/athena-robot-dog/modules/message/ros/devel/.private/ros_interface/share/common-lisp/ros/ros_interface/msg/Chassis.lisp, /home/meizan/workspace/athena-robot-dog/modules/message/ros/devel/share/common-lisp/ros/ros_interface/msg/Chassis.lisp)
Linked: (/home/meizan/workspace/athena-robot-dog/modules/message/ros/devel/.private/ros_interface/share/common-lisp/ros/ros_interface/msg/_package_Point3D.lisp, /home/meizan/workspace/athena-robot-dog/modules/message/ros/devel/share/common-lisp/ros/ros_interface/msg/_package_Point3D.lisp)
Linked: (/home/meizan/workspace/athena-robot-dog/modules/message/ros/devel/.private/ros_interface/share/common-lisp/ros/ros_interface/msg/_package_ParkingOutInfo.lisp, /home/meizan/workspace/athena-robot-dog/modules/message/ros/devel/share/common-lisp/ros/ros_interface/msg/_package_ParkingOutInfo.lisp)
Linked: (/home/meizan/workspace/athena-robot-dog/modules/message/ros/devel/.private/ros_interface/share/common-lisp/ros/ros_interface/msg/Header.lisp, /home/meizan/workspace/athena-robot-dog/modules/message/ros/devel/share/common-lisp/ros/ros_interface/msg/Header.lisp)
Linked: (/home/meizan/workspace/athena-robot-dog/modules/message/ros/devel/.private/ros_interface/share/common-lisp/ros/ros_interface/msg/_package_VehicleState.lisp, /home/meizan/workspace/athena-robot-dog/modules/message/ros/devel/share/common-lisp/ros/ros_interface/msg/_package_VehicleState.lisp)
Linked: (/home/meizan/workspace/athena-robot-dog/modules/message/ros/devel/.private/ros_interface/share/common-lisp/ros/ros_interface/msg/_package_ParkingStateDisplay.lisp, /home/meizan/workspace/athena-robot-dog/modules/message/ros/devel/share/common-lisp/ros/ros_interface/msg/_package_ParkingStateDisplay.lisp)
Linked: (/home/meizan/workspace/athena-robot-dog/modules/message/ros/devel/.private/ros_interface/share/common-lisp/ros/ros_interface/msg/Event.lisp, /home/meizan/workspace/athena-robot-dog/modules/message/ros/devel/share/common-lisp/ros/ros_interface/msg/Event.lisp)
Linked: (/home/meizan/workspace/athena-robot-dog/modules/message/ros/devel/.private/ros_interface/share/common-lisp/ros/ros_interface/msg/LaneLineCubicCurve.lisp, /home/meizan/workspace/athena-robot-dog/modules/message/ros/devel/share/common-lisp/ros/ros_interface/msg/LaneLineCubicCurve.lisp)
Linked: (/home/meizan/workspace/athena-robot-dog/modules/message/ros/devel/.private/ros_interface/share/common-lisp/ros/ros_interface/msg/_package_LaneLine.lisp, /home/meizan/workspace/athena-robot-dog/modules/message/ros/devel/share/common-lisp/ros/ros_interface/msg/_package_LaneLine.lisp)
Linked: (/home/meizan/workspace/athena-robot-dog/modules/message/ros/devel/.private/ros_interface/share/common-lisp/ros/ros_interface/msg/PlanningParkingDebug.lisp, /home/meizan/workspace/athena-robot-dog/modules/message/ros/devel/share/common-lisp/ros/ros_interface/msg/PlanningParkingDebug.lisp)
Linked: (/home/meizan/workspace/athena-robot-dog/modules/message/ros/devel/.private/ros_interface/share/common-lisp/ros/ros_interface/msg/_package_HMIParkingInfo.lisp, /home/meizan/workspace/athena-robot-dog/modules/message/ros/devel/share/common-lisp/ros/ros_interface/msg/_package_HMIParkingInfo.lisp)
Linked: (/home/meizan/workspace/athena-robot-dog/modules/message/ros/devel/.private/ros_interface/share/common-lisp/ros/ros_interface/msg/Odometry.lisp, /home/meizan/workspace/athena-robot-dog/modules/message/ros/devel/share/common-lisp/ros/ros_interface/msg/Odometry.lisp)
Linked: (/home/meizan/workspace/athena-robot-dog/modules/message/ros/devel/.private/ros_interface/share/common-lisp/ros/ros_interface/msg/_package_Imu.lisp, /home/meizan/workspace/athena-robot-dog/modules/message/ros/devel/share/common-lisp/ros/ros_interface/msg/_package_Imu.lisp)
Linked: (/home/meizan/workspace/athena-robot-dog/modules/message/ros/devel/.private/ros_interface/share/common-lisp/ros/ros_interface/msg/HMIVehicleMsg.lisp, /home/meizan/workspace/athena-robot-dog/modules/message/ros/devel/share/common-lisp/ros/ros_interface/msg/HMIVehicleMsg.lisp)
Linked: (/home/meizan/workspace/athena-robot-dog/modules/message/ros/devel/.private/ros_interface/share/common-lisp/ros/ros_interface/msg/WLConstraintInfoList.lisp, /home/meizan/workspace/athena-robot-dog/modules/message/ros/devel/share/common-lisp/ros/ros_interface/msg/WLConstraintInfoList.lisp)
Linked: (/home/meizan/workspace/athena-robot-dog/modules/message/ros/devel/.private/ros_interface/share/common-lisp/ros/ros_interface/msg/_package_Matrix3D.lisp, /home/meizan/workspace/athena-robot-dog/modules/message/ros/devel/share/common-lisp/ros/ros_interface/msg/_package_Matrix3D.lisp)
Linked: (/home/meizan/workspace/athena-robot-dog/modules/message/ros/devel/.private/ros_interface/share/common-lisp/ros/ros_interface/msg/PredictionObstacles.lisp, /home/meizan/workspace/athena-robot-dog/modules/message/ros/devel/share/common-lisp/ros/ros_interface/msg/PredictionObstacles.lisp)
Linked: (/home/meizan/workspace/athena-robot-dog/modules/message/ros/devel/.private/ros_interface/share/common-lisp/ros/ros_interface/msg/_package_Grid.lisp, /home/meizan/workspace/athena-robot-dog/modules/message/ros/devel/share/common-lisp/ros/ros_interface/msg/_package_Grid.lisp)
Linked: (/home/meizan/workspace/athena-robot-dog/modules/message/ros/devel/.private/ros_interface/share/common-lisp/ros/ros_interface/msg/VehicleConfig.lisp, /home/meizan/workspace/athena-robot-dog/modules/message/ros/devel/share/common-lisp/ros/ros_interface/msg/VehicleConfig.lisp)
Linked: (/home/meizan/workspace/athena-robot-dog/modules/message/ros/devel/.private/ros_interface/share/common-lisp/ros/ros_interface/msg/_package_PointENU.lisp, /home/meizan/workspace/athena-robot-dog/modules/message/ros/devel/share/common-lisp/ros/ros_interface/msg/_package_PointENU.lisp)
Linked: (/home/meizan/workspace/athena-robot-dog/modules/message/ros/devel/.private/ros_interface/share/common-lisp/ros/ros_interface/msg/EndPoints.lisp, /home/meizan/workspace/athena-robot-dog/modules/message/ros/devel/share/common-lisp/ros/ros_interface/msg/EndPoints.lisp)
Linked: (/home/meizan/workspace/athena-robot-dog/modules/message/ros/devel/.private/ros_interface/share/common-lisp/ros/ros_interface/msg/SLPoint.lisp, /home/meizan/workspace/athena-robot-dog/modules/message/ros/devel/share/common-lisp/ros/ros_interface/msg/SLPoint.lisp)
Linked: (/home/meizan/workspace/athena-robot-dog/modules/message/ros/devel/.private/ros_interface/share/common-lisp/ros/ros_interface/msg/Grid.lisp, /home/meizan/workspace/athena-robot-dog/modules/message/ros/devel/share/common-lisp/ros/ros_interface/msg/Grid.lisp)
Linked: (/home/meizan/workspace/athena-robot-dog/modules/message/ros/devel/.private/ros_interface/share/common-lisp/ros/ros_interface/msg/LaneList.lisp, /home/meizan/workspace/athena-robot-dog/modules/message/ros/devel/share/common-lisp/ros/ros_interface/msg/LaneList.lisp)
Linked: (/home/meizan/workspace/athena-robot-dog/modules/message/ros/devel/.private/ros_interface/share/common-lisp/ros/ros_interface/msg/_package_Obstacle.lisp, /home/meizan/workspace/athena-robot-dog/modules/message/ros/devel/share/common-lisp/ros/ros_interface/msg/_package_Obstacle.lisp)
Linked: (/home/meizan/workspace/athena-robot-dog/modules/message/ros/devel/.private/ros_interface/share/common-lisp/ros/ros_interface/msg/_package_DiagnosticStatus.lisp, /home/meizan/workspace/athena-robot-dog/modules/message/ros/devel/share/common-lisp/ros/ros_interface/msg/_package_DiagnosticStatus.lisp)
Linked: (/home/meizan/workspace/athena-robot-dog/modules/message/ros/devel/.private/ros_interface/share/common-lisp/ros/ros_interface/msg/ObstacleList.lisp, /home/meizan/workspace/athena-robot-dog/modules/message/ros/devel/share/common-lisp/ros/ros_interface/msg/ObstacleList.lisp)
Linked: (/home/meizan/workspace/athena-robot-dog/modules/message/ros/devel/.private/ros_interface/share/common-lisp/ros/ros_interface/msg/_package_ParkingStopper.lisp, /home/meizan/workspace/athena-robot-dog/modules/message/ros/devel/share/common-lisp/ros/ros_interface/msg/_package_ParkingStopper.lisp)
Linked: (/home/meizan/workspace/athena-robot-dog/modules/message/ros/devel/.private/ros_interface/share/common-lisp/ros/ros_interface/msg/_package_ParkingRoi.lisp, /home/meizan/workspace/athena-robot-dog/modules/message/ros/devel/share/common-lisp/ros/ros_interface/msg/_package_ParkingRoi.lisp)
Linked: (/home/meizan/workspace/athena-robot-dog/modules/message/ros/devel/.private/ros_interface/share/common-lisp/ros/ros_interface/msg/_package_ControlCommand.lisp, /home/meizan/workspace/athena-robot-dog/modules/message/ros/devel/share/common-lisp/ros/ros_interface/msg/_package_ControlCommand.lisp)
Linked: (/home/meizan/workspace/athena-robot-dog/modules/message/ros/devel/.private/ros_interface/share/common-lisp/ros/ros_interface/msg/RouteFusionInfo.lisp, /home/meizan/workspace/athena-robot-dog/modules/message/ros/devel/share/common-lisp/ros/ros_interface/msg/RouteFusionInfo.lisp)
Linked: (/home/meizan/workspace/athena-robot-dog/modules/message/ros/devel/.private/ros_interface/share/common-lisp/ros/ros_interface/msg/_package_HolisticPathPrediction.lisp, /home/meizan/workspace/athena-robot-dog/modules/message/ros/devel/share/common-lisp/ros/ros_interface/msg/_package_HolisticPathPrediction.lisp)
Linked: (/home/meizan/workspace/athena-robot-dog/modules/message/ros/devel/.private/ros_interface/share/common-lisp/ros/ros_interface/msg/_package_Image.lisp, /home/meizan/workspace/athena-robot-dog/modules/message/ros/devel/share/common-lisp/ros/ros_interface/msg/_package_Image.lisp)
Linked: (/home/meizan/workspace/athena-robot-dog/modules/message/ros/devel/.private/ros_interface/share/common-lisp/ros/ros_interface/msg/_package_Pose.lisp, /home/meizan/workspace/athena-robot-dog/modules/message/ros/devel/share/common-lisp/ros/ros_interface/msg/_package_Pose.lisp)
Linked: (/home/meizan/workspace/athena-robot-dog/modules/message/ros/devel/.private/ros_interface/share/common-lisp/ros/ros_interface/msg/_package_ObstacleInteractiveTag.lisp, /home/meizan/workspace/athena-robot-dog/modules/message/ros/devel/share/common-lisp/ros/ros_interface/msg/_package_ObstacleInteractiveTag.lisp)
Linked: (/home/meizan/workspace/athena-robot-dog/modules/message/ros/devel/.private/ros_interface/share/common-lisp/ros/ros_interface/msg/_package_RadarState.lisp, /home/meizan/workspace/athena-robot-dog/modules/message/ros/devel/share/common-lisp/ros/ros_interface/msg/_package_RadarState.lisp)
Linked: (/home/meizan/workspace/athena-robot-dog/modules/message/ros/devel/.private/ros_interface/share/common-lisp/ros/ros_interface/msg/_package_Time.lisp, /home/meizan/workspace/athena-robot-dog/modules/message/ros/devel/share/common-lisp/ros/ros_interface/msg/_package_Time.lisp)
Linked: (/home/meizan/workspace/athena-robot-dog/modules/message/ros/devel/.private/ros_interface/share/common-lisp/ros/ros_interface/msg/TrajectoryPoint.lisp, /home/meizan/workspace/athena-robot-dog/modules/message/ros/devel/share/common-lisp/ros/ros_interface/msg/TrajectoryPoint.lisp)
Linked: (/home/meizan/workspace/athena-robot-dog/modules/message/ros/devel/.private/ros_interface/share/common-lisp/ros/ros_interface/msg/_package_PathPoint.lisp, /home/meizan/workspace/athena-robot-dog/modules/message/ros/devel/share/common-lisp/ros/ros_interface/msg/_package_PathPoint.lisp)
Linked: (/home/meizan/workspace/athena-robot-dog/modules/message/ros/devel/.private/ros_interface/share/common-lisp/ros/ros_interface/msg/_package_Path.lisp, /home/meizan/workspace/athena-robot-dog/modules/message/ros/devel/share/common-lisp/ros/ros_interface/msg/_package_Path.lisp)
Linked: (/home/meizan/workspace/athena-robot-dog/modules/message/ros/devel/.private/ros_interface/share/common-lisp/ros/ros_interface/msg/ImageKeyPoint.lisp, /home/meizan/workspace/athena-robot-dog/modules/message/ros/devel/share/common-lisp/ros/ros_interface/msg/ImageKeyPoint.lisp)
Linked: (/home/meizan/workspace/athena-robot-dog/modules/message/ros/devel/.private/ros_interface/share/common-lisp/ros/ros_interface/msg/_package_Event.lisp, /home/meizan/workspace/athena-robot-dog/modules/message/ros/devel/share/common-lisp/ros/ros_interface/msg/_package_Event.lisp)
Linked: (/home/meizan/workspace/athena-robot-dog/modules/message/ros/devel/.private/ros_interface/share/common-lisp/ros/ros_interface/msg/PointBasic.lisp, /home/meizan/workspace/athena-robot-dog/modules/message/ros/devel/share/common-lisp/ros/ros_interface/msg/PointBasic.lisp)
Linked: (/home/meizan/workspace/athena-robot-dog/modules/message/ros/devel/.private/ros_interface/share/common-lisp/ros/ros_interface/msg/_package_CurvatureInfo.lisp, /home/meizan/workspace/athena-robot-dog/modules/message/ros/devel/share/common-lisp/ros/ros_interface/msg/_package_CurvatureInfo.lisp)
Linked: (/home/meizan/workspace/athena-robot-dog/modules/message/ros/devel/.private/ros_interface/share/common-lisp/ros/ros_interface/msg/_package_HMIVehicleMsg.lisp, /home/meizan/workspace/athena-robot-dog/modules/message/ros/devel/share/common-lisp/ros/ros_interface/msg/_package_HMIVehicleMsg.lisp)
Linked: (/home/meizan/workspace/athena-robot-dog/modules/message/ros/devel/.private/ros_interface/share/common-lisp/ros/ros_interface/msg/PadMessage.lisp, /home/meizan/workspace/athena-robot-dog/modules/message/ros/devel/share/common-lisp/ros/ros_interface/msg/PadMessage.lisp)
Linked: (/home/meizan/workspace/athena-robot-dog/modules/message/ros/devel/.private/ros_interface/share/common-lisp/ros/ros_interface/msg/TrajectoryLimitCommand.lisp, /home/meizan/workspace/athena-robot-dog/modules/message/ros/devel/share/common-lisp/ros/ros_interface/msg/TrajectoryLimitCommand.lisp)
Linked: (/home/meizan/workspace/athena-robot-dog/modules/message/ros/devel/.private/ros_interface/share/common-lisp/ros/ros_interface/msg/ParkingStopper.lisp, /home/meizan/workspace/athena-robot-dog/modules/message/ros/devel/share/common-lisp/ros/ros_interface/msg/ParkingStopper.lisp)
Linked: (/home/meizan/workspace/athena-robot-dog/modules/message/ros/devel/.private/ros_interface/share/common-lisp/ros/ros_interface/msg/PlanningCmd.lisp, /home/meizan/workspace/athena-robot-dog/modules/message/ros/devel/share/common-lisp/ros/ros_interface/msg/PlanningCmd.lisp)
Linked: (/home/meizan/workspace/athena-robot-dog/modules/message/ros/devel/.private/ros_interface/share/common-lisp/ros/ros_interface/msg/GlobalRouteMsg.lisp, /home/meizan/workspace/athena-robot-dog/modules/message/ros/devel/share/common-lisp/ros/ros_interface/msg/GlobalRouteMsg.lisp)
Linked: (/home/meizan/workspace/athena-robot-dog/modules/message/ros/devel/.private/ros_interface/share/common-lisp/ros/ros_interface/msg/FrenetFramePoint.lisp, /home/meizan/workspace/athena-robot-dog/modules/message/ros/devel/share/common-lisp/ros/ros_interface/msg/FrenetFramePoint.lisp)
Linked: (/home/meizan/workspace/athena-robot-dog/modules/message/ros/devel/.private/ros_interface/share/common-lisp/ros/ros_interface/msg/UssObstacle.lisp, /home/meizan/workspace/athena-robot-dog/modules/message/ros/devel/share/common-lisp/ros/ros_interface/msg/UssObstacle.lisp)
Linked: (/home/meizan/workspace/athena-robot-dog/modules/message/ros/devel/.private/ros_interface/share/common-lisp/ros/ros_interface/msg/TrafficLightDebug.lisp, /home/meizan/workspace/athena-robot-dog/modules/message/ros/devel/share/common-lisp/ros/ros_interface/msg/TrafficLightDebug.lisp)
Linked: (/home/meizan/workspace/athena-robot-dog/modules/message/ros/devel/.private/ros_interface/share/common-lisp/ros/ros_interface/msg/_package_TrafficLight.lisp, /home/meizan/workspace/athena-robot-dog/modules/message/ros/devel/share/common-lisp/ros/ros_interface/msg/_package_TrafficLight.lisp)
Linked: (/home/meizan/workspace/athena-robot-dog/modules/message/ros/devel/.private/ros_interface/share/common-lisp/ros/ros_interface/msg/_package_Message.lisp, /home/meizan/workspace/athena-robot-dog/modules/message/ros/devel/share/common-lisp/ros/ros_interface/msg/_package_Message.lisp)
Linked: (/home/meizan/workspace/athena-robot-dog/modules/message/ros/devel/.private/ros_interface/share/common-lisp/ros/ros_interface/msg/_package_Ins.lisp, /home/meizan/workspace/athena-robot-dog/modules/message/ros/devel/share/common-lisp/ros/ros_interface/msg/_package_Ins.lisp)
Linked: (/home/meizan/workspace/athena-robot-dog/modules/message/ros/devel/.private/ros_interface/share/common-lisp/ros/ros_interface/msg/_package_CommCommand.lisp, /home/meizan/workspace/athena-robot-dog/modules/message/ros/devel/share/common-lisp/ros/ros_interface/msg/_package_CommCommand.lisp)
Linked: (/home/meizan/workspace/athena-robot-dog/modules/message/ros/devel/.private/ros_interface/share/common-lisp/ros/ros_interface/msg/Time.lisp, /home/meizan/workspace/athena-robot-dog/modules/message/ros/devel/share/common-lisp/ros/ros_interface/msg/Time.lisp)
Linked: (/home/meizan/workspace/athena-robot-dog/modules/message/ros/devel/.private/ros_interface/share/common-lisp/ros/ros_interface/msg/_package_SpeedPoint.lisp, /home/meizan/workspace/athena-robot-dog/modules/message/ros/devel/share/common-lisp/ros/ros_interface/msg/_package_SpeedPoint.lisp)
Linked: (/home/meizan/workspace/athena-robot-dog/modules/message/ros/devel/.private/ros_interface/share/common-lisp/ros/ros_interface/msg/HMIParkingInfo.lisp, /home/meizan/workspace/athena-robot-dog/modules/message/ros/devel/share/common-lisp/ros/ros_interface/msg/HMIParkingInfo.lisp)
Linked: (/home/meizan/workspace/athena-robot-dog/modules/message/ros/devel/.private/ros_interface/share/common-lisp/ros/ros_interface/msg/HMITrajectory.lisp, /home/meizan/workspace/athena-robot-dog/modules/message/ros/devel/share/common-lisp/ros/ros_interface/msg/HMITrajectory.lisp)
Linked: (/home/meizan/workspace/athena-robot-dog/modules/message/ros/devel/.private/ros_interface/share/common-lisp/ros/ros_interface/msg/_package_BBox2D.lisp, /home/meizan/workspace/athena-robot-dog/modules/message/ros/devel/share/common-lisp/ros/ros_interface/msg/_package_BBox2D.lisp)
Linked: (/home/meizan/workspace/athena-robot-dog/modules/message/ros/devel/.private/ros_interface/share/common-lisp/ros/ros_interface/msg/_package_HMIObstacle.lisp, /home/meizan/workspace/athena-robot-dog/modules/message/ros/devel/share/common-lisp/ros/ros_interface/msg/_package_HMIObstacle.lisp)
Linked: (/home/meizan/workspace/athena-robot-dog/modules/message/ros/devel/.private/ros_interface/share/common-lisp/ros/ros_interface/msg/BBox2D.lisp, /home/meizan/workspace/athena-robot-dog/modules/message/ros/devel/share/common-lisp/ros/ros_interface/msg/BBox2D.lisp)
Linked: (/home/meizan/workspace/athena-robot-dog/modules/message/ros/devel/.private/ros_interface/share/common-lisp/ros/ros_interface/msg/CameraParkingStopper.lisp, /home/meizan/workspace/athena-robot-dog/modules/message/ros/devel/share/common-lisp/ros/ros_interface/msg/CameraParkingStopper.lisp)
Linked: (/home/meizan/workspace/athena-robot-dog/modules/message/ros/devel/.private/ros_interface/share/common-lisp/ros/ros_interface/msg/Polygon2D.lisp, /home/meizan/workspace/athena-robot-dog/modules/message/ros/devel/share/common-lisp/ros/ros_interface/msg/Polygon2D.lisp)
Linked: (/home/meizan/workspace/athena-robot-dog/modules/message/ros/devel/.private/ros_interface/share/common-lisp/ros/ros_interface/msg/Twist.lisp, /home/meizan/workspace/athena-robot-dog/modules/message/ros/devel/share/common-lisp/ros/ros_interface/msg/Twist.lisp)
Linked: (/home/meizan/workspace/athena-robot-dog/modules/message/ros/devel/.private/ros_interface/share/common-lisp/ros/ros_interface/msg/_package_UssObstacle.lisp, /home/meizan/workspace/athena-robot-dog/modules/message/ros/devel/share/common-lisp/ros/ros_interface/msg/_package_UssObstacle.lisp)
Linked: (/home/meizan/workspace/athena-robot-dog/modules/message/ros/devel/.private/ros_interface/share/common-lisp/ros/ros_interface/msg/_package_LaneInfo.lisp, /home/meizan/workspace/athena-robot-dog/modules/message/ros/devel/share/common-lisp/ros/ros_interface/msg/_package_LaneInfo.lisp)
Linked: (/home/meizan/workspace/athena-robot-dog/modules/message/ros/devel/.private/ros_interface/share/common-lisp/ros/ros_interface/msg/_package_Polygon2D.lisp, /home/meizan/workspace/athena-robot-dog/modules/message/ros/devel/share/common-lisp/ros/ros_interface/msg/_package_Polygon2D.lisp)
Linked: (/home/meizan/workspace/athena-robot-dog/modules/message/ros/devel/.private/ros_interface/share/common-lisp/ros/ros_interface/msg/HMIObstacle.lisp, /home/meizan/workspace/athena-robot-dog/modules/message/ros/devel/share/common-lisp/ros/ros_interface/msg/HMIObstacle.lisp)
Linked: (/home/meizan/workspace/athena-robot-dog/modules/message/ros/devel/.private/ros_interface/share/common-lisp/ros/ros_interface/msg/PlanningAnalysis.lisp, /home/meizan/workspace/athena-robot-dog/modules/message/ros/devel/share/common-lisp/ros/ros_interface/msg/PlanningAnalysis.lisp)
Linked: (/home/meizan/workspace/athena-robot-dog/modules/message/ros/devel/.private/ros_interface/share/common-lisp/ros/ros_interface/msg/JunctionInfo.lisp, /home/meizan/workspace/athena-robot-dog/modules/message/ros/devel/share/common-lisp/ros/ros_interface/msg/JunctionInfo.lisp)
Linked: (/home/meizan/workspace/athena-robot-dog/modules/message/ros/devel/.private/ros_interface/share/common-lisp/ros/ros_interface/msg/_package_Odometry.lisp, /home/meizan/workspace/athena-robot-dog/modules/message/ros/devel/share/common-lisp/ros/ros_interface/msg/_package_Odometry.lisp)
Linked: (/home/meizan/workspace/athena-robot-dog/modules/message/ros/devel/.private/ros_interface/share/common-lisp/ros/ros_interface/msg/_package_Events.lisp, /home/meizan/workspace/athena-robot-dog/modules/message/ros/devel/share/common-lisp/ros/ros_interface/msg/_package_Events.lisp)
Linked: (/home/meizan/workspace/athena-robot-dog/modules/message/ros/devel/.private/ros_interface/share/common-lisp/ros/ros_interface/msg/UltrasonicObstacle.lisp, /home/meizan/workspace/athena-robot-dog/modules/message/ros/devel/share/common-lisp/ros/ros_interface/msg/UltrasonicObstacle.lisp)
Linked: (/home/meizan/workspace/athena-robot-dog/modules/message/ros/devel/.private/ros_interface/share/common-lisp/ros/ros_interface/msg/HMIDiagnosticArray.lisp, /home/meizan/workspace/athena-robot-dog/modules/message/ros/devel/share/common-lisp/ros/ros_interface/msg/HMIDiagnosticArray.lisp)
Linked: (/home/meizan/workspace/athena-robot-dog/modules/message/ros/devel/.private/ros_interface/share/common-lisp/ros/ros_interface/msg/HolisticPathPrediction.lisp, /home/meizan/workspace/athena-robot-dog/modules/message/ros/devel/share/common-lisp/ros/ros_interface/msg/HolisticPathPrediction.lisp)
Linked: (/home/meizan/workspace/athena-robot-dog/modules/message/ros/devel/.private/ros_interface/share/common-lisp/ros/ros_interface/msg/ControlCommand.lisp, /home/meizan/workspace/athena-robot-dog/modules/message/ros/devel/share/common-lisp/ros/ros_interface/msg/ControlCommand.lisp)
Linked: (/home/meizan/workspace/athena-robot-dog/modules/message/ros/devel/.private/ros_interface/share/common-lisp/ros/ros_interface/msg/_package_RSSInfo.lisp, /home/meizan/workspace/athena-robot-dog/modules/message/ros/devel/share/common-lisp/ros/ros_interface/msg/_package_RSSInfo.lisp)
Linked: (/home/meizan/workspace/athena-robot-dog/modules/message/ros/devel/.private/ros_interface/share/common-lisp/ros/ros_interface/msg/DrivableRegion.lisp, /home/meizan/workspace/athena-robot-dog/modules/message/ros/devel/share/common-lisp/ros/ros_interface/msg/DrivableRegion.lisp)
Linked: (/home/meizan/workspace/athena-robot-dog/modules/message/ros/devel/.private/ros_interface/share/common-lisp/ros/ros_interface/msg/_package_RoadMarkList.lisp, /home/meizan/workspace/athena-robot-dog/modules/message/ros/devel/share/common-lisp/ros/ros_interface/msg/_package_RoadMarkList.lisp)
Linked: (/home/meizan/workspace/athena-robot-dog/modules/message/ros/devel/.private/ros_interface/share/common-lisp/ros/ros_interface/msg/_package_VehicleMotion.lisp, /home/meizan/workspace/athena-robot-dog/modules/message/ros/devel/share/common-lisp/ros/ros_interface/msg/_package_VehicleMotion.lisp)
Linked: (/home/meizan/workspace/athena-robot-dog/modules/message/ros/devel/.private/ros_interface/share/common-lisp/ros/ros_interface/msg/ObstacleInteractiveTag.lisp, /home/meizan/workspace/athena-robot-dog/modules/message/ros/devel/share/common-lisp/ros/ros_interface/msg/ObstacleInteractiveTag.lisp)
Linked: (/home/meizan/workspace/athena-robot-dog/modules/message/ros/devel/.private/ros_interface/share/common-lisp/ros/ros_interface/msg/RadarObstacle.lisp, /home/meizan/workspace/athena-robot-dog/modules/message/ros/devel/share/common-lisp/ros/ros_interface/msg/RadarObstacle.lisp)
Linked: (/home/meizan/workspace/athena-robot-dog/modules/message/ros/devel/.private/ros_interface/share/common-lisp/ros/ros_interface/msg/Point3D.lisp, /home/meizan/workspace/athena-robot-dog/modules/message/ros/devel/share/common-lisp/ros/ros_interface/msg/Point3D.lisp)
Linked: (/home/meizan/workspace/athena-robot-dog/modules/message/ros/devel/.private/ros_interface/share/common-lisp/ros/ros_interface/msg/StopPoint.lisp, /home/meizan/workspace/athena-robot-dog/modules/message/ros/devel/share/common-lisp/ros/ros_interface/msg/StopPoint.lisp)
Linked: (/home/meizan/workspace/athena-robot-dog/modules/message/ros/devel/.private/ros_interface/share/common-lisp/ros/ros_interface/msg/Ultrasonic.lisp, /home/meizan/workspace/athena-robot-dog/modules/message/ros/devel/share/common-lisp/ros/ros_interface/msg/Ultrasonic.lisp)
Linked: (/home/meizan/workspace/athena-robot-dog/modules/message/ros/devel/.private/ros_interface/share/common-lisp/ros/ros_interface/msg/_package_Twist.lisp, /home/meizan/workspace/athena-robot-dog/modules/message/ros/devel/share/common-lisp/ros/ros_interface/msg/_package_Twist.lisp)
Linked: (/home/meizan/workspace/athena-robot-dog/modules/message/ros/devel/.private/ros_interface/share/common-lisp/ros/ros_interface/msg/TrafficLightMsg.lisp, /home/meizan/workspace/athena-robot-dog/modules/message/ros/devel/share/common-lisp/ros/ros_interface/msg/TrafficLightMsg.lisp)
Linked: (/home/meizan/workspace/athena-robot-dog/modules/message/ros/devel/.private/ros_interface/share/common-lisp/ros/ros_interface/msg/ModuleStatus.lisp, /home/meizan/workspace/athena-robot-dog/modules/message/ros/devel/share/common-lisp/ros/ros_interface/msg/ModuleStatus.lisp)
Linked: (/home/meizan/workspace/athena-robot-dog/modules/message/ros/devel/.private/ros_interface/share/common-lisp/ros/ros_interface/msg/_package_JunctionInfo.lisp, /home/meizan/workspace/athena-robot-dog/modules/message/ros/devel/share/common-lisp/ros/ros_interface/msg/_package_JunctionInfo.lisp)
Linked: (/home/meizan/workspace/athena-robot-dog/modules/message/ros/devel/.private/ros_interface/share/common-lisp/ros/ros_interface/msg/_package_ImageKeyPoint.lisp, /home/meizan/workspace/athena-robot-dog/modules/message/ros/devel/share/common-lisp/ros/ros_interface/msg/_package_ImageKeyPoint.lisp)
Linked: (/home/meizan/workspace/athena-robot-dog/modules/message/ros/devel/.private/ros_interface/share/common-lisp/ros/ros_interface/msg/PredictionObstacle.lisp, /home/meizan/workspace/athena-robot-dog/modules/message/ros/devel/share/common-lisp/ros/ros_interface/msg/PredictionObstacle.lisp)
Linked: (/home/meizan/workspace/athena-robot-dog/modules/message/ros/devel/.private/ros_interface/share/common-lisp/ros/ros_interface/msg/_package_TrajectoryPointInPrediction.lisp, /home/meizan/workspace/athena-robot-dog/modules/message/ros/devel/share/common-lisp/ros/ros_interface/msg/_package_TrajectoryPointInPrediction.lisp)
Linked: (/home/meizan/workspace/athena-robot-dog/modules/message/ros/devel/.private/ros_interface/share/common-lisp/ros/ros_interface/msg/_package_HMIParkingInfoList.lisp, /home/meizan/workspace/athena-robot-dog/modules/message/ros/devel/share/common-lisp/ros/ros_interface/msg/_package_HMIParkingInfoList.lisp)
Linked: (/home/meizan/workspace/athena-robot-dog/modules/message/ros/devel/.private/ros_interface/share/common-lisp/ros/ros_interface/msg/TrafficLightBox.lisp, /home/meizan/workspace/athena-robot-dog/modules/message/ros/devel/share/common-lisp/ros/ros_interface/msg/TrafficLightBox.lisp)
Linked: (/home/meizan/workspace/athena-robot-dog/modules/message/ros/devel/.private/ros_interface/share/common-lisp/ros/ros_interface/msg/ParkingStateDisplay.lisp, /home/meizan/workspace/athena-robot-dog/modules/message/ros/devel/share/common-lisp/ros/ros_interface/msg/ParkingStateDisplay.lisp)
Linked: (/home/meizan/workspace/athena-robot-dog/modules/message/ros/devel/.private/ros_interface/share/common-lisp/ros/ros_interface/msg/LaneInfo.lisp, /home/meizan/workspace/athena-robot-dog/modules/message/ros/devel/share/common-lisp/ros/ros_interface/msg/LaneInfo.lisp)
Linked: (/home/meizan/workspace/athena-robot-dog/modules/message/ros/devel/.private/ros_interface/share/common-lisp/ros/ros_interface/msg/_package_TrajectoryInPrediction.lisp, /home/meizan/workspace/athena-robot-dog/modules/message/ros/devel/share/common-lisp/ros/ros_interface/msg/_package_TrajectoryInPrediction.lisp)
Linked: (/home/meizan/workspace/athena-robot-dog/modules/message/ros/devel/.private/ros_interface/share/common-lisp/ros/ros_interface/msg/SensorCalibrator.lisp, /home/meizan/workspace/athena-robot-dog/modules/message/ros/devel/share/common-lisp/ros/ros_interface/msg/SensorCalibrator.lisp)
Linked: (/home/meizan/workspace/athena-robot-dog/modules/message/ros/devel/.private/ros_interface/share/common-lisp/ros/ros_interface/msg/HMIParkingInfoList.lisp, /home/meizan/workspace/athena-robot-dog/modules/message/ros/devel/share/common-lisp/ros/ros_interface/msg/HMIParkingInfoList.lisp)
Linked: (/home/meizan/workspace/athena-robot-dog/modules/message/ros/devel/.private/ros_interface/share/common-lisp/ros/ros_interface/msg/_package_ObstacleFeature.lisp, /home/meizan/workspace/athena-robot-dog/modules/message/ros/devel/share/common-lisp/ros/ros_interface/msg/_package_ObstacleFeature.lisp)
Linked: (/home/meizan/workspace/athena-robot-dog/modules/message/ros/devel/.private/ros_interface/share/common-lisp/ros/ros_interface/msg/RSSInfo.lisp, /home/meizan/workspace/athena-robot-dog/modules/message/ros/devel/share/common-lisp/ros/ros_interface/msg/RSSInfo.lisp)
Linked: (/home/meizan/workspace/athena-robot-dog/modules/message/ros/devel/.private/ros_interface/share/common-lisp/ros/ros_interface/msg/Ins.lisp, /home/meizan/workspace/athena-robot-dog/modules/message/ros/devel/share/common-lisp/ros/ros_interface/msg/Ins.lisp)
Linked: (/home/meizan/workspace/athena-robot-dog/modules/message/ros/devel/.private/ros_interface/share/common-lisp/ros/ros_interface/msg/_package_DiagnosticArray.lisp, /home/meizan/workspace/athena-robot-dog/modules/message/ros/devel/share/common-lisp/ros/ros_interface/msg/_package_DiagnosticArray.lisp)
Linked: (/home/meizan/workspace/athena-robot-dog/modules/message/ros/devel/.private/ros_interface/share/common-lisp/ros/ros_interface/msg/CommandRespond.lisp, /home/meizan/workspace/athena-robot-dog/modules/message/ros/devel/share/common-lisp/ros/ros_interface/msg/CommandRespond.lisp)
Linked: (/home/meizan/workspace/athena-robot-dog/modules/message/ros/devel/.private/ros_interface/share/common-lisp/ros/ros_interface/msg/_package_ImageRect.lisp, /home/meizan/workspace/athena-robot-dog/modules/message/ros/devel/share/common-lisp/ros/ros_interface/msg/_package_ImageRect.lisp)
Linked: (/home/meizan/workspace/athena-robot-dog/modules/message/ros/devel/.private/ros_interface/share/common-lisp/ros/ros_interface/msg/RadarState.lisp, /home/meizan/workspace/athena-robot-dog/modules/message/ros/devel/share/common-lisp/ros/ros_interface/msg/RadarState.lisp)
Linked: (/home/meizan/workspace/athena-robot-dog/modules/message/ros/devel/.private/ros_interface/share/common-lisp/ros/ros_interface/msg/_package_HMIDiagnosticStatus.lisp, /home/meizan/workspace/athena-robot-dog/modules/message/ros/devel/share/common-lisp/ros/ros_interface/msg/_package_HMIDiagnosticStatus.lisp)
Linked: (/home/meizan/workspace/athena-robot-dog/modules/message/ros/devel/.private/ros_interface/share/common-lisp/ros/ros_interface/msg/TrajectoryPointInPrediction.lisp, /home/meizan/workspace/athena-robot-dog/modules/message/ros/devel/share/common-lisp/ros/ros_interface/msg/TrajectoryPointInPrediction.lisp)
Linked: (/home/meizan/workspace/athena-robot-dog/modules/message/ros/devel/.private/ros_interface/share/common-lisp/ros/ros_interface/msg/_package_PlanningAnalysis.lisp, /home/meizan/workspace/athena-robot-dog/modules/message/ros/devel/share/common-lisp/ros/ros_interface/msg/_package_PlanningAnalysis.lisp)
Linked: (/home/meizan/workspace/athena-robot-dog/modules/message/ros/devel/.private/ros_interface/share/common-lisp/ros/ros_interface/msg/UssParkingInfo.lisp, /home/meizan/workspace/athena-robot-dog/modules/message/ros/devel/share/common-lisp/ros/ros_interface/msg/UssParkingInfo.lisp)
Linked: (/home/meizan/workspace/athena-robot-dog/modules/message/ros/devel/.private/ros_interface/share/common-lisp/ros/ros_interface/msg/WarningCommand.lisp, /home/meizan/workspace/athena-robot-dog/modules/message/ros/devel/share/common-lisp/ros/ros_interface/msg/WarningCommand.lisp)
Linked: (/home/meizan/workspace/athena-robot-dog/modules/message/ros/devel/.private/ros_interface/share/common-lisp/ros/ros_interface/msg/_package_ObstaclePriority.lisp, /home/meizan/workspace/athena-robot-dog/modules/message/ros/devel/share/common-lisp/ros/ros_interface/msg/_package_ObstaclePriority.lisp)
Linked: (/home/meizan/workspace/athena-robot-dog/modules/message/ros/devel/.private/ros_interface/share/common-lisp/ros/ros_interface/msg/_package_HMIObuCmdMsg.lisp, /home/meizan/workspace/athena-robot-dog/modules/message/ros/devel/share/common-lisp/ros/ros_interface/msg/_package_HMIObuCmdMsg.lisp)
Linked: (/home/meizan/workspace/athena-robot-dog/modules/message/ros/devel/.private/ros_interface/share/common-lisp/ros/ros_interface/msg/_package_FreeSpace.lisp, /home/meizan/workspace/athena-robot-dog/modules/message/ros/devel/share/common-lisp/ros/ros_interface/msg/_package_FreeSpace.lisp)
Linked: (/home/meizan/workspace/athena-robot-dog/modules/message/ros/devel/.private/ros_interface/share/common-lisp/ros/ros_interface/msg/_package_TrafficEvents.lisp, /home/meizan/workspace/athena-robot-dog/modules/message/ros/devel/share/common-lisp/ros/ros_interface/msg/_package_TrafficEvents.lisp)
Linked: (/home/meizan/workspace/athena-robot-dog/modules/message/ros/devel/.private/ros_interface/share/common-lisp/ros/ros_interface/msg/Quaternion.lisp, /home/meizan/workspace/athena-robot-dog/modules/message/ros/devel/share/common-lisp/ros/ros_interface/msg/Quaternion.lisp)
Linked: (/home/meizan/workspace/athena-robot-dog/modules/message/ros/devel/.private/ros_interface/share/common-lisp/ros/ros_interface/msg/_package_TimeConsume.lisp, /home/meizan/workspace/athena-robot-dog/modules/message/ros/devel/share/common-lisp/ros/ros_interface/msg/_package_TimeConsume.lisp)
Linked: (/home/meizan/workspace/athena-robot-dog/modules/message/ros/devel/.private/ros_interface/share/common-lisp/ros/ros_interface/msg/CurvatureInfo.lisp, /home/meizan/workspace/athena-robot-dog/modules/message/ros/devel/share/common-lisp/ros/ros_interface/msg/CurvatureInfo.lisp)
Linked: (/home/meizan/workspace/athena-robot-dog/modules/message/ros/devel/.private/ros_interface/share/common-lisp/ros/ros_interface/msg/ObuCmd.lisp, /home/meizan/workspace/athena-robot-dog/modules/message/ros/devel/share/common-lisp/ros/ros_interface/msg/ObuCmd.lisp)
Linked: (/home/meizan/workspace/athena-robot-dog/modules/message/ros/devel/.private/ros_interface/share/common-lisp/ros/ros_interface/msg/ros_interface-msg.asd, /home/meizan/workspace/athena-robot-dog/modules/message/ros/devel/share/common-lisp/ros/ros_interface/msg/ros_interface-msg.asd)
Linked: (/home/meizan/workspace/athena-robot-dog/modules/message/ros/devel/.private/ros_interface/share/common-lisp/ros/ros_interface/msg/ObstaclePriority.lisp, /home/meizan/workspace/athena-robot-dog/modules/message/ros/devel/share/common-lisp/ros/ros_interface/msg/ObstaclePriority.lisp)
Linked: (/home/meizan/workspace/athena-robot-dog/modules/message/ros/devel/.private/ros_interface/share/common-lisp/ros/ros_interface/msg/AlarmMessage.lisp, /home/meizan/workspace/athena-robot-dog/modules/message/ros/devel/share/common-lisp/ros/ros_interface/msg/AlarmMessage.lisp)
Linked: (/home/meizan/workspace/athena-robot-dog/modules/message/ros/devel/.private/ros_interface/share/common-lisp/ros/ros_interface/msg/Gnss.lisp, /home/meizan/workspace/athena-robot-dog/modules/message/ros/devel/share/common-lisp/ros/ros_interface/msg/Gnss.lisp)
Linked: (/home/meizan/workspace/athena-robot-dog/modules/message/ros/devel/.private/ros_interface/share/common-lisp/ros/ros_interface/msg/_package_LaneletInfo.lisp, /home/meizan/workspace/athena-robot-dog/modules/message/ros/devel/share/common-lisp/ros/ros_interface/msg/_package_LaneletInfo.lisp)
Linked: (/home/meizan/workspace/athena-robot-dog/modules/message/ros/devel/.private/ros_interface/share/common-lisp/ros/ros_interface/msg/_package_GuideInfo.lisp, /home/meizan/workspace/athena-robot-dog/modules/message/ros/devel/share/common-lisp/ros/ros_interface/msg/_package_GuideInfo.lisp)
Linked: (/home/meizan/workspace/athena-robot-dog/modules/message/ros/devel/.private/ros_interface/share/common-lisp/ros/ros_interface/msg/Imu.lisp, /home/meizan/workspace/athena-robot-dog/modules/message/ros/devel/share/common-lisp/ros/ros_interface/msg/Imu.lisp)
Linked: (/home/meizan/workspace/athena-robot-dog/modules/message/ros/devel/.private/ros_interface/share/common-lisp/ros/ros_interface/msg/_package.lisp, /home/meizan/workspace/athena-robot-dog/modules/message/ros/devel/share/common-lisp/ros/ros_interface/msg/_package.lisp)
Linked: (/home/meizan/workspace/athena-robot-dog/modules/message/ros/devel/.private/ros_interface/share/common-lisp/ros/ros_interface/msg/Command.lisp, /home/meizan/workspace/athena-robot-dog/modules/message/ros/devel/share/common-lisp/ros/ros_interface/msg/Command.lisp)
Linked: (/home/meizan/workspace/athena-robot-dog/modules/message/ros/devel/.private/ros_interface/share/common-lisp/ros/ros_interface/msg/_package_PadMessage.lisp, /home/meizan/workspace/athena-robot-dog/modules/message/ros/devel/share/common-lisp/ros/ros_interface/msg/_package_PadMessage.lisp)
Linked: (/home/meizan/workspace/athena-robot-dog/modules/message/ros/devel/.private/ros_interface/share/common-lisp/ros/ros_interface/msg/Stories.lisp, /home/meizan/workspace/athena-robot-dog/modules/message/ros/devel/share/common-lisp/ros/ros_interface/msg/Stories.lisp)
Linked: (/home/meizan/workspace/athena-robot-dog/modules/message/ros/devel/.private/ros_interface/share/common-lisp/ros/ros_interface/msg/HMIObuCmdMsg.lisp, /home/meizan/workspace/athena-robot-dog/modules/message/ros/devel/share/common-lisp/ros/ros_interface/msg/HMIObuCmdMsg.lisp)
Linked: (/home/meizan/workspace/athena-robot-dog/modules/message/ros/devel/.private/ros_interface/share/common-lisp/ros/ros_interface/msg/ObstacleFeature.lisp, /home/meizan/workspace/athena-robot-dog/modules/message/ros/devel/share/common-lisp/ros/ros_interface/msg/ObstacleFeature.lisp)
Linked: (/home/meizan/workspace/athena-robot-dog/modules/message/ros/devel/.private/ros_interface/share/common-lisp/ros/ros_interface/msg/_package_Location.lisp, /home/meizan/workspace/athena-robot-dog/modules/message/ros/devel/share/common-lisp/ros/ros_interface/msg/_package_Location.lisp)
Linked: (/home/meizan/workspace/athena-robot-dog/modules/message/ros/devel/.private/ros_interface/share/common-lisp/ros/ros_interface/msg/GaussianInfo.lisp, /home/meizan/workspace/athena-robot-dog/modules/message/ros/devel/share/common-lisp/ros/ros_interface/msg/GaussianInfo.lisp)
Linked: (/home/meizan/workspace/athena-robot-dog/modules/message/ros/devel/.private/ros_interface/share/common-lisp/ros/ros_interface/msg/PathPoint.lisp, /home/meizan/workspace/athena-robot-dog/modules/message/ros/devel/share/common-lisp/ros/ros_interface/msg/PathPoint.lisp)
Linked: (/home/meizan/workspace/athena-robot-dog/modules/message/ros/devel/.private/ros_interface/share/common-lisp/ros/ros_interface/msg/_package_HMIParkingStateDisplay.lisp, /home/meizan/workspace/athena-robot-dog/modules/message/ros/devel/share/common-lisp/ros/ros_interface/msg/_package_HMIParkingStateDisplay.lisp)
Linked: (/home/meizan/workspace/athena-robot-dog/modules/message/ros/devel/.private/ros_interface/share/common-lisp/ros/ros_interface/msg/_package_ObuCmd.lisp, /home/meizan/workspace/athena-robot-dog/modules/message/ros/devel/share/common-lisp/ros/ros_interface/msg/_package_ObuCmd.lisp)
Linked: (/home/meizan/workspace/athena-robot-dog/modules/message/ros/devel/.private/ros_interface/share/common-lisp/ros/ros_interface/msg/_package_Point2dList.lisp, /home/meizan/workspace/athena-robot-dog/modules/message/ros/devel/share/common-lisp/ros/ros_interface/msg/_package_Point2dList.lisp)
Linked: (/home/meizan/workspace/athena-robot-dog/modules/message/ros/devel/.private/ros_interface/share/common-lisp/ros/ros_interface/msg/_package_VehicleSignal.lisp, /home/meizan/workspace/athena-robot-dog/modules/message/ros/devel/share/common-lisp/ros/ros_interface/msg/_package_VehicleSignal.lisp)
Linked: (/home/meizan/workspace/athena-robot-dog/modules/message/ros/devel/.private/ros_interface/share/common-lisp/ros/ros_interface/msg/ParkingOutInfo.lisp, /home/meizan/workspace/athena-robot-dog/modules/message/ros/devel/share/common-lisp/ros/ros_interface/msg/ParkingOutInfo.lisp)
Linked: (/home/meizan/workspace/athena-robot-dog/modules/message/ros/devel/.private/ros_interface/share/common-lisp/ros/ros_interface/msg/_package_EndPoints.lisp, /home/meizan/workspace/athena-robot-dog/modules/message/ros/devel/share/common-lisp/ros/ros_interface/msg/_package_EndPoints.lisp)
Linked: (/home/meizan/workspace/athena-robot-dog/modules/message/ros/devel/.private/ros_interface/share/common-lisp/ros/ros_interface/msg/_package_PerceptionObstacle.lisp, /home/meizan/workspace/athena-robot-dog/modules/message/ros/devel/share/common-lisp/ros/ros_interface/msg/_package_PerceptionObstacle.lisp)
Linked: (/home/meizan/workspace/athena-robot-dog/modules/message/ros/devel/.private/ros_interface/share/common-lisp/ros/ros_interface/msg/Faults.lisp, /home/meizan/workspace/athena-robot-dog/modules/message/ros/devel/share/common-lisp/ros/ros_interface/msg/Faults.lisp)
Linked: (/home/meizan/workspace/athena-robot-dog/modules/message/ros/devel/.private/ros_interface/share/common-lisp/ros/ros_interface/msg/WLConstraintInfo.lisp, /home/meizan/workspace/athena-robot-dog/modules/message/ros/devel/share/common-lisp/ros/ros_interface/msg/WLConstraintInfo.lisp)
Linked: (/home/meizan/workspace/athena-robot-dog/modules/message/ros/devel/.private/ros_interface/share/common-lisp/ros/ros_interface/msg/UssParkingInfoList.lisp, /home/meizan/workspace/athena-robot-dog/modules/message/ros/devel/share/common-lisp/ros/ros_interface/msg/UssParkingInfoList.lisp)
Linked: (/home/meizan/workspace/athena-robot-dog/modules/message/ros/devel/.private/ros_interface/share/common-lisp/ros/ros_interface/msg/_package_Polygon3D.lisp, /home/meizan/workspace/athena-robot-dog/modules/message/ros/devel/share/common-lisp/ros/ros_interface/msg/_package_Polygon3D.lisp)
Linked: (/home/meizan/workspace/athena-robot-dog/modules/message/ros/devel/.private/ros_interface/share/common-lisp/ros/ros_interface/msg/_package_SLBoundary.lisp, /home/meizan/workspace/athena-robot-dog/modules/message/ros/devel/share/common-lisp/ros/ros_interface/msg/_package_SLBoundary.lisp)
Linked: (/home/meizan/workspace/athena-robot-dog/modules/message/ros/devel/.private/ros_interface/share/common-lisp/ros/ros_interface/msg/HMIDiagnosticStatus.lisp, /home/meizan/workspace/athena-robot-dog/modules/message/ros/devel/share/common-lisp/ros/ros_interface/msg/HMIDiagnosticStatus.lisp)
Linked: (/home/meizan/workspace/athena-robot-dog/modules/message/ros/devel/.private/ros_interface/share/common-lisp/ros/ros_interface/msg/FreeSpace.lisp, /home/meizan/workspace/athena-robot-dog/modules/message/ros/devel/share/common-lisp/ros/ros_interface/msg/FreeSpace.lisp)
Linked: (/home/meizan/workspace/athena-robot-dog/modules/message/ros/devel/.private/ros_interface/share/common-lisp/ros/ros_interface/msg/_package_PredictionTrajectoryPoint.lisp, /home/meizan/workspace/athena-robot-dog/modules/message/ros/devel/share/common-lisp/ros/ros_interface/msg/_package_PredictionTrajectoryPoint.lisp)
Linked: (/home/meizan/workspace/athena-robot-dog/modules/message/ros/devel/.private/ros_interface/share/common-lisp/ros/ros_interface/msg/KeyValues.lisp, /home/meizan/workspace/athena-robot-dog/modules/message/ros/devel/share/common-lisp/ros/ros_interface/msg/KeyValues.lisp)
Linked: (/home/meizan/workspace/athena-robot-dog/modules/message/ros/devel/.private/ros_interface/share/common-lisp/ros/ros_interface/msg/_package_KeyPoint.lisp, /home/meizan/workspace/athena-robot-dog/modules/message/ros/devel/share/common-lisp/ros/ros_interface/msg/_package_KeyPoint.lisp)
Linked: (/home/meizan/workspace/athena-robot-dog/modules/message/ros/devel/.private/ros_interface/share/common-lisp/ros/ros_interface/msg/_package_ADCTrajectory.lisp, /home/meizan/workspace/athena-robot-dog/modules/message/ros/devel/share/common-lisp/ros/ros_interface/msg/_package_ADCTrajectory.lisp)
Linked: (/home/meizan/workspace/athena-robot-dog/modules/message/ros/devel/.private/ros_interface/share/common-lisp/ros/ros_interface/msg/_package_HMITrajectoryPoint.lisp, /home/meizan/workspace/athena-robot-dog/modules/message/ros/devel/share/common-lisp/ros/ros_interface/msg/_package_HMITrajectoryPoint.lisp)
Linked: (/home/meizan/workspace/athena-robot-dog/modules/message/ros/devel/.private/ros_interface/share/common-lisp/ros/ros_interface/msg/_package_LanePoint.lisp, /home/meizan/workspace/athena-robot-dog/modules/message/ros/devel/share/common-lisp/ros/ros_interface/msg/_package_LanePoint.lisp)
Linked: (/home/meizan/workspace/athena-robot-dog/modules/message/ros/devel/.private/ros_interface/share/common-lisp/ros/ros_interface/msg/_package_RadarObstacle.lisp, /home/meizan/workspace/athena-robot-dog/modules/message/ros/devel/share/common-lisp/ros/ros_interface/msg/_package_RadarObstacle.lisp)
Linked: (/home/meizan/workspace/athena-robot-dog/modules/message/ros/devel/.private/ros_interface/share/common-lisp/ros/ros_interface/msg/_package_TrajectoryLimitCommand.lisp, /home/meizan/workspace/athena-robot-dog/modules/message/ros/devel/share/common-lisp/ros/ros_interface/msg/_package_TrajectoryLimitCommand.lisp)
Linked: (/home/meizan/workspace/athena-robot-dog/modules/message/ros/devel/.private/ros_interface/share/common-lisp/ros/ros_interface/msg/HMITrajectoryPoint.lisp, /home/meizan/workspace/athena-robot-dog/modules/message/ros/devel/share/common-lisp/ros/ros_interface/msg/HMITrajectoryPoint.lisp)
Linked: (/home/meizan/workspace/athena-robot-dog/modules/message/ros/devel/.private/ros_interface/share/common-lisp/ros/ros_interface/msg/SLBoundary.lisp, /home/meizan/workspace/athena-robot-dog/modules/message/ros/devel/share/common-lisp/ros/ros_interface/msg/SLBoundary.lisp)
Linked: (/home/meizan/workspace/athena-robot-dog/modules/message/ros/devel/.private/ros_interface/share/common-lisp/ros/ros_interface/msg/Obstacle.lisp, /home/meizan/workspace/athena-robot-dog/modules/message/ros/devel/share/common-lisp/ros/ros_interface/msg/Obstacle.lisp)
Linked: (/home/meizan/workspace/athena-robot-dog/modules/message/ros/devel/.private/ros_interface/share/common-lisp/ros/ros_interface/msg/CommCommand.lisp, /home/meizan/workspace/athena-robot-dog/modules/message/ros/devel/share/common-lisp/ros/ros_interface/msg/CommCommand.lisp)
Linked: (/home/meizan/workspace/athena-robot-dog/modules/message/ros/devel/.private/ros_interface/share/common-lisp/ros/ros_interface/msg/_package_Ultrasonic.lisp, /home/meizan/workspace/athena-robot-dog/modules/message/ros/devel/share/common-lisp/ros/ros_interface/msg/_package_Ultrasonic.lisp)
Linked: (/home/meizan/workspace/athena-robot-dog/modules/message/ros/devel/.private/ros_interface/share/common-lisp/ros/ros_interface/msg/TrafficEvents.lisp, /home/meizan/workspace/athena-robot-dog/modules/message/ros/devel/share/common-lisp/ros/ros_interface/msg/TrafficEvents.lisp)
Linked: (/home/meizan/workspace/athena-robot-dog/modules/message/ros/devel/.private/ros_interface/share/common-lisp/ros/ros_interface/msg/Image.lisp, /home/meizan/workspace/athena-robot-dog/modules/message/ros/devel/share/common-lisp/ros/ros_interface/msg/Image.lisp)
Linked: (/home/meizan/workspace/athena-robot-dog/modules/message/ros/devel/.private/ros_interface/share/common-lisp/ros/ros_interface/msg/Region.lisp, /home/meizan/workspace/athena-robot-dog/modules/message/ros/devel/share/common-lisp/ros/ros_interface/msg/Region.lisp)
Linked: (/home/meizan/workspace/athena-robot-dog/modules/message/ros/devel/.private/ros_interface/share/common-lisp/ros/ros_interface/msg/_package_WheelInfo.lisp, /home/meizan/workspace/athena-robot-dog/modules/message/ros/devel/share/common-lisp/ros/ros_interface/msg/_package_WheelInfo.lisp)
Linked: (/home/meizan/workspace/athena-robot-dog/modules/message/ros/devel/.private/ros_interface/share/common-lisp/ros/ros_interface/msg/_package_Status.lisp, /home/meizan/workspace/athena-robot-dog/modules/message/ros/devel/share/common-lisp/ros/ros_interface/msg/_package_Status.lisp)
Linked: (/home/meizan/workspace/athena-robot-dog/modules/message/ros/devel/.private/ros_interface/share/common-lisp/ros/ros_interface/msg/Message.lisp, /home/meizan/workspace/athena-robot-dog/modules/message/ros/devel/share/common-lisp/ros/ros_interface/msg/Message.lisp)
Linked: (/home/meizan/workspace/athena-robot-dog/modules/message/ros/devel/.private/ros_interface/share/common-lisp/ros/ros_interface/msg/ControlAnalysis.lisp, /home/meizan/workspace/athena-robot-dog/modules/message/ros/devel/share/common-lisp/ros/ros_interface/msg/ControlAnalysis.lisp)
Linked: (/home/meizan/workspace/athena-robot-dog/modules/message/ros/devel/.private/ros_interface/share/common-lisp/ros/ros_interface/msg/_package_TrafficLightMsg.lisp, /home/meizan/workspace/athena-robot-dog/modules/message/ros/devel/share/common-lisp/ros/ros_interface/msg/_package_TrafficLightMsg.lisp)
Linked: (/home/meizan/workspace/athena-robot-dog/modules/message/ros/devel/.private/ros_interface/share/common-lisp/ros/ros_interface/msg/CompressedImage.lisp, /home/meizan/workspace/athena-robot-dog/modules/message/ros/devel/share/common-lisp/ros/ros_interface/msg/CompressedImage.lisp)
Linked: (/home/meizan/workspace/athena-robot-dog/modules/message/ros/devel/.private/ros_interface/share/common-lisp/ros/ros_interface/msg/HMIObuCmd.lisp, /home/meizan/workspace/athena-robot-dog/modules/message/ros/devel/share/common-lisp/ros/ros_interface/msg/HMIObuCmd.lisp)
Linked: (/home/meizan/workspace/athena-robot-dog/modules/message/ros/devel/.private/ros_interface/share/common-lisp/ros/ros_interface/msg/_package_PointBasic.lisp, /home/meizan/workspace/athena-robot-dog/modules/message/ros/devel/share/common-lisp/ros/ros_interface/msg/_package_PointBasic.lisp)
Linked: (/home/meizan/workspace/athena-robot-dog/modules/message/ros/devel/.private/ros_interface/share/common-lisp/ros/ros_interface/msg/LaneLine.lisp, /home/meizan/workspace/athena-robot-dog/modules/message/ros/devel/share/common-lisp/ros/ros_interface/msg/LaneLine.lisp)
Linked: (/home/meizan/workspace/athena-robot-dog/modules/message/ros/devel/.private/ros_interface/share/common-lisp/ros/ros_interface/msg/_package_Pavementype.lisp, /home/meizan/workspace/athena-robot-dog/modules/message/ros/devel/share/common-lisp/ros/ros_interface/msg/_package_Pavementype.lisp)
Linked: (/home/meizan/workspace/athena-robot-dog/modules/message/ros/devel/.private/ros_interface/share/common-lisp/ros/ros_interface/msg/VehicleState.lisp, /home/meizan/workspace/athena-robot-dog/modules/message/ros/devel/share/common-lisp/ros/ros_interface/msg/VehicleState.lisp)
Linked: (/home/meizan/workspace/athena-robot-dog/modules/message/ros/devel/.private/ros_interface/share/common-lisp/ros/ros_interface/msg/_package_VehicleParam.lisp, /home/meizan/workspace/athena-robot-dog/modules/message/ros/devel/share/common-lisp/ros/ros_interface/msg/_package_VehicleParam.lisp)
Linked: (/home/meizan/workspace/athena-robot-dog/modules/message/ros/devel/.private/ros_interface/share/common-lisp/ros/ros_interface/msg/PredictionTrajectoryPoint.lisp, /home/meizan/workspace/athena-robot-dog/modules/message/ros/devel/share/common-lisp/ros/ros_interface/msg/PredictionTrajectoryPoint.lisp)
Linked: (/home/meizan/workspace/athena-robot-dog/modules/message/ros/devel/.private/ros_interface/share/common-lisp/ros/ros_interface/msg/SecurityDecision.lisp, /home/meizan/workspace/athena-robot-dog/modules/message/ros/devel/share/common-lisp/ros/ros_interface/msg/SecurityDecision.lisp)
Linked: (/home/meizan/workspace/athena-robot-dog/modules/message/ros/devel/.private/ros_interface/share/common-lisp/ros/ros_interface/msg/LimitSpeedInfo.lisp, /home/meizan/workspace/athena-robot-dog/modules/message/ros/devel/share/common-lisp/ros/ros_interface/msg/LimitSpeedInfo.lisp)
Linked: (/home/meizan/workspace/athena-robot-dog/modules/message/ros/devel/.private/ros_interface/share/common-lisp/ros/ros_interface/msg/RadarStateMode.lisp, /home/meizan/workspace/athena-robot-dog/modules/message/ros/devel/share/common-lisp/ros/ros_interface/msg/RadarStateMode.lisp)
Linked: (/home/meizan/workspace/athena-robot-dog/modules/message/ros/devel/.private/ros_interface/share/common-lisp/ros/ros_interface/msg/Uncertainty.lisp, /home/meizan/workspace/athena-robot-dog/modules/message/ros/devel/share/common-lisp/ros/ros_interface/msg/Uncertainty.lisp)
Linked: (/home/meizan/workspace/athena-robot-dog/modules/message/ros/devel/.private/ros_interface/share/common-lisp/ros/ros_interface/msg/_package_Gnss.lisp, /home/meizan/workspace/athena-robot-dog/modules/message/ros/devel/share/common-lisp/ros/ros_interface/msg/_package_Gnss.lisp)
Linked: (/home/meizan/workspace/athena-robot-dog/modules/message/ros/devel/.private/ros_interface/share/common-lisp/ros/ros_interface/msg/GuideInfo.lisp, /home/meizan/workspace/athena-robot-dog/modules/message/ros/devel/share/common-lisp/ros/ros_interface/msg/GuideInfo.lisp)
Linked: (/home/meizan/workspace/athena-robot-dog/modules/message/ros/devel/.private/ros_interface/share/common-lisp/ros/ros_interface/msg/LaneletInfo.lisp, /home/meizan/workspace/athena-robot-dog/modules/message/ros/devel/share/common-lisp/ros/ros_interface/msg/LaneletInfo.lisp)
Linked: (/home/meizan/workspace/athena-robot-dog/modules/message/ros/devel/.private/ros_interface/share/common-lisp/ros/ros_interface/msg/CameraParkingInfoList.lisp, /home/meizan/workspace/athena-robot-dog/modules/message/ros/devel/share/common-lisp/ros/ros_interface/msg/CameraParkingInfoList.lisp)
Linked: (/home/meizan/workspace/athena-robot-dog/modules/message/ros/devel/.private/ros_interface/share/common-lisp/ros/ros_interface/msg/_package_PlanningCmd.lisp, /home/meizan/workspace/athena-robot-dog/modules/message/ros/devel/share/common-lisp/ros/ros_interface/msg/_package_PlanningCmd.lisp)
Linked: (/home/meizan/workspace/athena-robot-dog/modules/message/ros/devel/.private/ros_interface/share/common-lisp/ros/ros_interface/msg/VehicleSignal.lisp, /home/meizan/workspace/athena-robot-dog/modules/message/ros/devel/share/common-lisp/ros/ros_interface/msg/VehicleSignal.lisp)
Linked: (/home/meizan/workspace/athena-robot-dog/modules/message/ros/devel/.private/ros_interface/share/common-lisp/ros/ros_interface/msg/Trajectory.lisp, /home/meizan/workspace/athena-robot-dog/modules/message/ros/devel/share/common-lisp/ros/ros_interface/msg/Trajectory.lisp)
Linked: (/home/meizan/workspace/athena-robot-dog/modules/message/ros/devel/.private/ros_interface/share/common-lisp/ros/ros_interface/msg/_package_ParkingInfoList.lisp, /home/meizan/workspace/athena-robot-dog/modules/message/ros/devel/share/common-lisp/ros/ros_interface/msg/_package_ParkingInfoList.lisp)
Linked: (/home/meizan/workspace/athena-robot-dog/modules/message/ros/devel/.private/ros_interface/share/common-lisp/ros/ros_interface/msg/RadarObstacleListMsg.lisp, /home/meizan/workspace/athena-robot-dog/modules/message/ros/devel/share/common-lisp/ros/ros_interface/msg/RadarObstacleListMsg.lisp)
Linked: (/home/meizan/workspace/athena-robot-dog/modules/message/ros/devel/.private/ros_interface/share/common-lisp/ros/ros_interface/msg/_package_UssParkingInfoList.lisp, /home/meizan/workspace/athena-robot-dog/modules/message/ros/devel/share/common-lisp/ros/ros_interface/msg/_package_UssParkingInfoList.lisp)
Linked: (/home/meizan/workspace/athena-robot-dog/modules/message/ros/devel/.private/ros_interface/share/common-lisp/ros/ros_interface/msg/TimeConsume.lisp, /home/meizan/workspace/athena-robot-dog/modules/message/ros/devel/share/common-lisp/ros/ros_interface/msg/TimeConsume.lisp)
Linked: (/home/meizan/workspace/athena-robot-dog/modules/message/ros/devel/.private/ros_interface/share/common-lisp/ros/ros_interface/msg/_package_PointLLH.lisp, /home/meizan/workspace/athena-robot-dog/modules/message/ros/devel/share/common-lisp/ros/ros_interface/msg/_package_PointLLH.lisp)
Linked: (/home/meizan/workspace/athena-robot-dog/modules/message/ros/devel/.private/ros_interface/share/common-lisp/ros/ros_interface/msg/_package_WLConstraintInfoList.lisp, /home/meizan/workspace/athena-robot-dog/modules/message/ros/devel/share/common-lisp/ros/ros_interface/msg/_package_WLConstraintInfoList.lisp)
Linked: (/home/meizan/workspace/athena-robot-dog/modules/message/ros/devel/.private/ros_interface/share/common-lisp/ros/ros_interface/msg/_package_HMIObstacleList.lisp, /home/meizan/workspace/athena-robot-dog/modules/message/ros/devel/share/common-lisp/ros/ros_interface/msg/_package_HMIObstacleList.lisp)
Linked: (/home/meizan/workspace/athena-robot-dog/modules/message/ros/devel/.private/ros_interface/share/common-lisp/ros/ros_interface/msg/_package_Trajectory.lisp, /home/meizan/workspace/athena-robot-dog/modules/message/ros/devel/share/common-lisp/ros/ros_interface/msg/_package_Trajectory.lisp)
Linked: (/home/meizan/workspace/athena-robot-dog/modules/message/ros/devel/.private/ros_interface/share/common-lisp/ros/ros_interface/msg/KeyPoint.lisp, /home/meizan/workspace/athena-robot-dog/modules/message/ros/devel/share/common-lisp/ros/ros_interface/msg/KeyPoint.lisp)
Linked: (/home/meizan/workspace/athena-robot-dog/modules/message/ros/devel/.private/ros_interface/share/common-lisp/ros/ros_interface/msg/Pavementype.lisp, /home/meizan/workspace/athena-robot-dog/modules/message/ros/devel/share/common-lisp/ros/ros_interface/msg/Pavementype.lisp)
Linked: (/home/meizan/workspace/athena-robot-dog/modules/message/ros/devel/.private/ros_interface/share/common-lisp/ros/ros_interface/msg/_package_HMIDiagnosticArray.lisp, /home/meizan/workspace/athena-robot-dog/modules/message/ros/devel/share/common-lisp/ros/ros_interface/msg/_package_HMIDiagnosticArray.lisp)
Linked: (/home/meizan/workspace/athena-robot-dog/modules/message/ros/devel/.private/ros_interface/share/common-lisp/ros/ros_interface/msg/_package_PredictionObstacles.lisp, /home/meizan/workspace/athena-robot-dog/modules/message/ros/devel/share/common-lisp/ros/ros_interface/msg/_package_PredictionObstacles.lisp)
Linked: (/home/meizan/workspace/athena-robot-dog/modules/message/ros/devel/.private/ros_interface/share/common-lisp/ros/ros_interface/msg/ObuCmdMsg.lisp, /home/meizan/workspace/athena-robot-dog/modules/message/ros/devel/share/common-lisp/ros/ros_interface/msg/ObuCmdMsg.lisp)
Linked: (/home/meizan/workspace/athena-robot-dog/modules/message/ros/devel/.private/ros_interface/share/common-lisp/ros/ros_interface/msg/_package_LaneList.lisp, /home/meizan/workspace/athena-robot-dog/modules/message/ros/devel/share/common-lisp/ros/ros_interface/msg/_package_LaneList.lisp)
Linked: (/home/meizan/workspace/athena-robot-dog/modules/message/ros/devel/.private/ros_interface/share/common-lisp/ros/ros_interface/msg/_package_CompressedImage.lisp, /home/meizan/workspace/athena-robot-dog/modules/message/ros/devel/share/common-lisp/ros/ros_interface/msg/_package_CompressedImage.lisp)
Linked: (/home/meizan/workspace/athena-robot-dog/modules/message/ros/devel/.private/ros_interface/share/common-lisp/ros/ros_interface/msg/_package_LimitSpeedInfo.lisp, /home/meizan/workspace/athena-robot-dog/modules/message/ros/devel/share/common-lisp/ros/ros_interface/msg/_package_LimitSpeedInfo.lisp)
Linked: (/home/meizan/workspace/athena-robot-dog/modules/message/ros/devel/.private/ros_interface/share/common-lisp/ros/ros_interface/msg/VehicleMotionPoint.lisp, /home/meizan/workspace/athena-robot-dog/modules/message/ros/devel/share/common-lisp/ros/ros_interface/msg/VehicleMotionPoint.lisp)
Linked: (/home/meizan/workspace/athena-robot-dog/modules/message/ros/devel/.private/ros_interface/share/common-lisp/ros/ros_interface/msg/DiagnosticStatus.lisp, /home/meizan/workspace/athena-robot-dog/modules/message/ros/devel/share/common-lisp/ros/ros_interface/msg/DiagnosticStatus.lisp)
Linked: (/home/meizan/workspace/athena-robot-dog/modules/message/ros/devel/.private/ros_interface/share/common-lisp/ros/ros_interface/msg/HMIObstacleList.lisp, /home/meizan/workspace/athena-robot-dog/modules/message/ros/devel/share/common-lisp/ros/ros_interface/msg/HMIObstacleList.lisp)
Linked: (/home/meizan/workspace/athena-robot-dog/modules/message/ros/devel/.private/ros_interface/share/common-lisp/ros/ros_interface/msg/_package_Fault.lisp, /home/meizan/workspace/athena-robot-dog/modules/message/ros/devel/share/common-lisp/ros/ros_interface/msg/_package_Fault.lisp)
Linked: (/home/meizan/workspace/athena-robot-dog/modules/message/ros/devel/.private/ros_interface/share/common-lisp/ros/ros_interface/msg/ParkingInfo.lisp, /home/meizan/workspace/athena-robot-dog/modules/message/ros/devel/share/common-lisp/ros/ros_interface/msg/ParkingInfo.lisp)
Linked: (/home/meizan/workspace/athena-robot-dog/modules/message/ros/devel/.private/ros_interface/share/common-lisp/ros/ros_interface/msg/PerceptionObstacle.lisp, /home/meizan/workspace/athena-robot-dog/modules/message/ros/devel/share/common-lisp/ros/ros_interface/msg/PerceptionObstacle.lisp)
Linked: (/home/meizan/workspace/athena-robot-dog/modules/message/ros/devel/.private/ros_interface/share/common-lisp/ros/ros_interface/msg/_package_ParkingInfo.lisp, /home/meizan/workspace/athena-robot-dog/modules/message/ros/devel/share/common-lisp/ros/ros_interface/msg/_package_ParkingInfo.lisp)
Linked: (/home/meizan/workspace/athena-robot-dog/modules/message/ros/devel/.private/ros_interface/share/common-lisp/ros/ros_interface/msg/_package_ObstacleIntent.lisp, /home/meizan/workspace/athena-robot-dog/modules/message/ros/devel/share/common-lisp/ros/ros_interface/msg/_package_ObstacleIntent.lisp)
Linked: (/home/meizan/workspace/athena-robot-dog/modules/message/ros/devel/.private/ros_interface/share/common-lisp/ros/ros_interface/msg/_package_ObstacleList.lisp, /home/meizan/workspace/athena-robot-dog/modules/message/ros/devel/share/common-lisp/ros/ros_interface/msg/_package_ObstacleList.lisp)
Linked: (/home/meizan/workspace/athena-robot-dog/modules/message/ros/devel/.private/ros_interface/share/common-lisp/ros/ros_interface/msg/_package_Log.lisp, /home/meizan/workspace/athena-robot-dog/modules/message/ros/devel/share/common-lisp/ros/ros_interface/msg/_package_Log.lisp)
Linked: (/home/meizan/workspace/athena-robot-dog/modules/message/ros/devel/.private/ros_interface/share/common-lisp/ros/ros_interface/msg/StopInfo.lisp, /home/meizan/workspace/athena-robot-dog/modules/message/ros/devel/share/common-lisp/ros/ros_interface/msg/StopInfo.lisp)
Linked: (/home/meizan/workspace/athena-robot-dog/modules/message/ros/devel/.private/ros_interface/share/common-lisp/ros/ros_interface/msg/_package_PredictionObstacle.lisp, /home/meizan/workspace/athena-robot-dog/modules/message/ros/devel/share/common-lisp/ros/ros_interface/msg/_package_PredictionObstacle.lisp)
Linked: (/home/meizan/workspace/athena-robot-dog/modules/message/ros/devel/.private/ros_interface/share/common-lisp/ros/ros_interface/msg/_package_SecurityDecision.lisp, /home/meizan/workspace/athena-robot-dog/modules/message/ros/devel/share/common-lisp/ros/ros_interface/msg/_package_SecurityDecision.lisp)
Linked: (/home/meizan/workspace/athena-robot-dog/modules/message/ros/devel/.private/ros_interface/share/common-lisp/ros/ros_interface/msg/GuideRoad.lisp, /home/meizan/workspace/athena-robot-dog/modules/message/ros/devel/share/common-lisp/ros/ros_interface/msg/GuideRoad.lisp)
Linked: (/home/meizan/workspace/athena-robot-dog/modules/message/ros/devel/.private/ros_interface/share/common-lisp/ros/ros_interface/msg/_package_RadarStateError.lisp, /home/meizan/workspace/athena-robot-dog/modules/message/ros/devel/share/common-lisp/ros/ros_interface/msg/_package_RadarStateError.lisp)
Linked: (/home/meizan/workspace/athena-robot-dog/modules/message/ros/devel/.private/ros_interface/share/common-lisp/ros/ros_interface/msg/RoadMarkList.lisp, /home/meizan/workspace/athena-robot-dog/modules/message/ros/devel/share/common-lisp/ros/ros_interface/msg/RoadMarkList.lisp)
Linked: (/home/meizan/workspace/athena-robot-dog/modules/message/ros/devel/.private/ros_interface/share/common-lisp/ros/ros_interface/msg/SotifMonitorResult.lisp, /home/meizan/workspace/athena-robot-dog/modules/message/ros/devel/share/common-lisp/ros/ros_interface/msg/SotifMonitorResult.lisp)
Linked: (/home/meizan/workspace/athena-robot-dog/modules/message/ros/devel/.private/ros_interface/share/common-lisp/ros/ros_interface/msg/ADCTrajectory.lisp, /home/meizan/workspace/athena-robot-dog/modules/message/ros/devel/share/common-lisp/ros/ros_interface/msg/ADCTrajectory.lisp)
Linked: (/home/meizan/workspace/athena-robot-dog/modules/message/ros/devel/.private/ros_interface/share/common-lisp/ros/ros_interface/msg/_package_Chassis.lisp, /home/meizan/workspace/athena-robot-dog/modules/message/ros/devel/share/common-lisp/ros/ros_interface/msg/_package_Chassis.lisp)
Linked: (/home/meizan/workspace/athena-robot-dog/modules/message/ros/devel/.private/ros_interface/share/common-lisp/ros/ros_interface/msg/_package_StopInfo.lisp, /home/meizan/workspace/athena-robot-dog/modules/message/ros/devel/share/common-lisp/ros/ros_interface/msg/_package_StopInfo.lisp)
Linked: (/home/meizan/workspace/athena-robot-dog/modules/message/ros/devel/.private/ros_interface/share/common-lisp/ros/ros_interface/msg/_package_CommandRespond.lisp, /home/meizan/workspace/athena-robot-dog/modules/message/ros/devel/share/common-lisp/ros/ros_interface/msg/_package_CommandRespond.lisp)
Linked: (/home/meizan/workspace/athena-robot-dog/modules/message/ros/devel/.private/ros_interface/share/common-lisp/ros/ros_interface/msg/PointLLH.lisp, /home/meizan/workspace/athena-robot-dog/modules/message/ros/devel/share/common-lisp/ros/ros_interface/msg/PointLLH.lisp)
Linked: (/home/meizan/workspace/athena-robot-dog/modules/message/ros/devel/.private/ros_interface/share/common-lisp/ros/ros_interface/msg/_package_RoutingResponse.lisp, /home/meizan/workspace/athena-robot-dog/modules/message/ros/devel/share/common-lisp/ros/ros_interface/msg/_package_RoutingResponse.lisp)
Linked: (/home/meizan/workspace/athena-robot-dog/modules/message/ros/devel/.private/ros_interface/share/common-lisp/ros/ros_interface/msg/VehicleMotion.lisp, /home/meizan/workspace/athena-robot-dog/modules/message/ros/devel/share/common-lisp/ros/ros_interface/msg/VehicleMotion.lisp)
Linked: (/home/meizan/workspace/athena-robot-dog/modules/message/ros/devel/.private/ros_interface/share/common-lisp/ros/ros_interface/msg/ImageRect.lisp, /home/meizan/workspace/athena-robot-dog/modules/message/ros/devel/share/common-lisp/ros/ros_interface/msg/ImageRect.lisp)
Linked: (/home/meizan/workspace/athena-robot-dog/modules/message/ros/devel/.private/ros_interface/share/common-lisp/ros/ros_interface/msg/_package_Quaternion.lisp, /home/meizan/workspace/athena-robot-dog/modules/message/ros/devel/share/common-lisp/ros/ros_interface/msg/_package_Quaternion.lisp)
Linked: (/home/meizan/workspace/athena-robot-dog/modules/message/ros/devel/.private/ros_interface/share/common-lisp/ros/ros_interface/msg/_package_Command.lisp, /home/meizan/workspace/athena-robot-dog/modules/message/ros/devel/share/common-lisp/ros/ros_interface/msg/_package_Command.lisp)
Linked: (/home/meizan/workspace/athena-robot-dog/modules/message/ros/devel/.private/ros_interface/share/common-lisp/ros/ros_interface/msg/Pose.lisp, /home/meizan/workspace/athena-robot-dog/modules/message/ros/devel/share/common-lisp/ros/ros_interface/msg/Pose.lisp)
Linked: (/home/meizan/workspace/athena-robot-dog/modules/message/ros/devel/.private/ros_interface/share/common-lisp/ros/ros_interface/msg/_package_LaneLineCubicCurve.lisp, /home/meizan/workspace/athena-robot-dog/modules/message/ros/devel/share/common-lisp/ros/ros_interface/msg/_package_LaneLineCubicCurve.lisp)
Linked: (/home/meizan/workspace/athena-robot-dog/modules/message/ros/devel/.private/ros_interface/share/common-lisp/ros/ros_interface/msg/_package_HMIObuCmd.lisp, /home/meizan/workspace/athena-robot-dog/modules/message/ros/devel/share/common-lisp/ros/ros_interface/msg/_package_HMIObuCmd.lisp)
Linked: (/home/meizan/workspace/athena-robot-dog/modules/message/ros/devel/.private/ros_interface/share/common-lisp/ros/ros_interface/msg/RoutingRequest.lisp, /home/meizan/workspace/athena-robot-dog/modules/message/ros/devel/share/common-lisp/ros/ros_interface/msg/RoutingRequest.lisp)
Linked: (/home/meizan/workspace/athena-robot-dog/modules/message/ros/devel/.private/ros_interface/share/common-lisp/ros/ros_interface/msg/VehicleParam.lisp, /home/meizan/workspace/athena-robot-dog/modules/message/ros/devel/share/common-lisp/ros/ros_interface/msg/VehicleParam.lisp)
Linked: (/home/meizan/workspace/athena-robot-dog/modules/message/ros/devel/.private/ros_interface/share/common-lisp/ros/ros_interface/msg/TrafficLight.lisp, /home/meizan/workspace/athena-robot-dog/modules/message/ros/devel/share/common-lisp/ros/ros_interface/msg/TrafficLight.lisp)
Linked: (/home/meizan/workspace/athena-robot-dog/modules/message/ros/devel/.private/ros_interface/share/common-lisp/ros/ros_interface/msg/Events.lisp, /home/meizan/workspace/athena-robot-dog/modules/message/ros/devel/share/common-lisp/ros/ros_interface/msg/Events.lisp)
Linked: (/home/meizan/workspace/athena-robot-dog/modules/message/ros/devel/.private/ros_interface/share/common-lisp/ros/ros_interface/msg/_package_VehicleMotionPoint.lisp, /home/meizan/workspace/athena-robot-dog/modules/message/ros/devel/share/common-lisp/ros/ros_interface/msg/_package_VehicleMotionPoint.lisp)
Linked: (/home/meizan/workspace/athena-robot-dog/modules/message/ros/devel/.private/ros_interface/share/common-lisp/ros/ros_interface/msg/RoutingResponse.lisp, /home/meizan/workspace/athena-robot-dog/modules/message/ros/devel/share/common-lisp/ros/ros_interface/msg/RoutingResponse.lisp)
Linked: (/home/meizan/workspace/athena-robot-dog/modules/message/ros/devel/.private/ros_interface/share/common-lisp/ros/ros_interface/msg/RadarStateError.lisp, /home/meizan/workspace/athena-robot-dog/modules/message/ros/devel/share/common-lisp/ros/ros_interface/msg/RadarStateError.lisp)
Linked: (/home/meizan/workspace/athena-robot-dog/modules/message/ros/devel/.private/ros_interface/share/common-lisp/ros/ros_interface/msg/_package_Point2D.lisp, /home/meizan/workspace/athena-robot-dog/modules/message/ros/devel/share/common-lisp/ros/ros_interface/msg/_package_Point2D.lisp)
Linked: (/home/meizan/workspace/athena-robot-dog/modules/message/ros/devel/.private/ros_interface/share/common-lisp/ros/ros_interface/msg/LanePoint.lisp, /home/meizan/workspace/athena-robot-dog/modules/message/ros/devel/share/common-lisp/ros/ros_interface/msg/LanePoint.lisp)
Linked: (/home/meizan/workspace/athena-robot-dog/modules/message/ros/devel/.private/ros_interface/share/common-lisp/ros/ros_interface/msg/UssObstacleList.lisp, /home/meizan/workspace/athena-robot-dog/modules/message/ros/devel/share/common-lisp/ros/ros_interface/msg/UssObstacleList.lisp)
Linked: (/home/meizan/workspace/athena-robot-dog/modules/message/ros/devel/.private/ros_interface/share/common-lisp/ros/ros_interface/msg/_package_WLConstraintInfo.lisp, /home/meizan/workspace/athena-robot-dog/modules/message/ros/devel/share/common-lisp/ros/ros_interface/msg/_package_WLConstraintInfo.lisp)
Linked: (/home/meizan/workspace/athena-robot-dog/modules/message/ros/devel/.private/ros_interface/share/common-lisp/ros/ros_interface/msg/_package_SensorCalibrator.lisp, /home/meizan/workspace/athena-robot-dog/modules/message/ros/devel/share/common-lisp/ros/ros_interface/msg/_package_SensorCalibrator.lisp)
Linked: (/home/meizan/workspace/athena-robot-dog/modules/message/ros/devel/.private/ros_interface/share/common-lisp/ros/ros_interface/msg/_package_UltrasonicObstacle.lisp, /home/meizan/workspace/athena-robot-dog/modules/message/ros/devel/share/common-lisp/ros/ros_interface/msg/_package_UltrasonicObstacle.lisp)
Linked: (/home/meizan/workspace/athena-robot-dog/modules/message/ros/devel/.private/ros_interface/share/common-lisp/ros/ros_interface/msg/_package_FrenetFramePoint.lisp, /home/meizan/workspace/athena-robot-dog/modules/message/ros/devel/share/common-lisp/ros/ros_interface/msg/_package_FrenetFramePoint.lisp)
Linked: (/home/meizan/workspace/athena-robot-dog/modules/message/ros/devel/.private/ros_interface/share/common-lisp/ros/ros_interface/msg/_package_Uncertainty.lisp, /home/meizan/workspace/athena-robot-dog/modules/message/ros/devel/share/common-lisp/ros/ros_interface/msg/_package_Uncertainty.lisp)
Linked: (/home/meizan/workspace/athena-robot-dog/modules/message/ros/devel/.private/ros_interface/share/common-lisp/ros/ros_interface/msg/EStop.lisp, /home/meizan/workspace/athena-robot-dog/modules/message/ros/devel/share/common-lisp/ros/ros_interface/msg/EStop.lisp)
Linked: (/home/meizan/workspace/athena-robot-dog/modules/message/ros/devel/.private/ros_interface/share/common-lisp/ros/ros_interface/msg/_package_StopPoint.lisp, /home/meizan/workspace/athena-robot-dog/modules/message/ros/devel/share/common-lisp/ros/ros_interface/msg/_package_StopPoint.lisp)
Linked: (/home/meizan/workspace/athena-robot-dog/modules/message/ros/devel/.private/ros_interface/share/common-lisp/ros/ros_interface/msg/Point2D.lisp, /home/meizan/workspace/athena-robot-dog/modules/message/ros/devel/share/common-lisp/ros/ros_interface/msg/Point2D.lisp)
Linked: (/home/meizan/workspace/athena-robot-dog/modules/message/ros/devel/.private/ros_interface/share/common-lisp/ros/ros_interface/msg/_package_RadarStateMode.lisp, /home/meizan/workspace/athena-robot-dog/modules/message/ros/devel/share/common-lisp/ros/ros_interface/msg/_package_RadarStateMode.lisp)
Linked: (/home/meizan/workspace/athena-robot-dog/modules/message/ros/devel/.private/ros_interface/share/common-lisp/ros/ros_interface/msg/_package_CameraParkingInfoList.lisp, /home/meizan/workspace/athena-robot-dog/modules/message/ros/devel/share/common-lisp/ros/ros_interface/msg/_package_CameraParkingInfoList.lisp)
Linked: (/home/meizan/workspace/athena-robot-dog/modules/message/ros/devel/.private/ros_interface/share/common-lisp/ros/ros_interface/msg/_package_RoutingRequest.lisp, /home/meizan/workspace/athena-robot-dog/modules/message/ros/devel/share/common-lisp/ros/ros_interface/msg/_package_RoutingRequest.lisp)
Linked: (/home/meizan/workspace/athena-robot-dog/modules/message/ros/devel/.private/ros_interface/share/common-lisp/ros/ros_interface/msg/_package_TrajectoryArray.lisp, /home/meizan/workspace/athena-robot-dog/modules/message/ros/devel/share/common-lisp/ros/ros_interface/msg/_package_TrajectoryArray.lisp)
Linked: (/home/meizan/workspace/athena-robot-dog/modules/message/ros/devel/.private/ros_interface/share/common-lisp/ros/ros_interface/msg/ParkingRoi.lisp, /home/meizan/workspace/athena-robot-dog/modules/message/ros/devel/share/common-lisp/ros/ros_interface/msg/ParkingRoi.lisp)
Linked: (/home/meizan/workspace/athena-robot-dog/modules/message/ros/devel/.private/ros_interface/share/common-lisp/ros/ros_interface/msg/Location.lisp, /home/meizan/workspace/athena-robot-dog/modules/message/ros/devel/share/common-lisp/ros/ros_interface/msg/Location.lisp)
Linked: (/home/meizan/workspace/athena-robot-dog/modules/message/ros/devel/.private/ros_interface/share/common-lisp/ros/ros_interface/msg/PointXYZIRT.lisp, /home/meizan/workspace/athena-robot-dog/modules/message/ros/devel/share/common-lisp/ros/ros_interface/msg/PointXYZIRT.lisp)
Linked: (/home/meizan/workspace/athena-robot-dog/modules/message/ros/devel/.private/ros_interface/share/common-lisp/ros/ros_interface/msg/Log.lisp, /home/meizan/workspace/athena-robot-dog/modules/message/ros/devel/share/common-lisp/ros/ros_interface/msg/Log.lisp)
Linked: (/home/meizan/workspace/athena-robot-dog/modules/message/ros/devel/.private/ros_interface/share/common-lisp/ros/ros_interface/msg/_package_RadarObstacleListMsg.lisp, /home/meizan/workspace/athena-robot-dog/modules/message/ros/devel/share/common-lisp/ros/ros_interface/msg/_package_RadarObstacleListMsg.lisp)
Linked: (/home/meizan/workspace/athena-robot-dog/modules/message/ros/devel/.private/ros_interface/share/common-lisp/ros/ros_interface/msg/_package_DrivableRegion.lisp, /home/meizan/workspace/athena-robot-dog/modules/message/ros/devel/share/common-lisp/ros/ros_interface/msg/_package_DrivableRegion.lisp)
Linked: (/home/meizan/workspace/athena-robot-dog/modules/message/ros/devel/.private/ros_interface/share/common-lisp/ros/ros_interface/msg/_package_Region.lisp, /home/meizan/workspace/athena-robot-dog/modules/message/ros/devel/share/common-lisp/ros/ros_interface/msg/_package_Region.lisp)
Linked: (/home/meizan/workspace/athena-robot-dog/modules/message/ros/devel/.private/ros_interface/share/common-lisp/ros/ros_interface/msg/Path.lisp, /home/meizan/workspace/athena-robot-dog/modules/message/ros/devel/share/common-lisp/ros/ros_interface/msg/Path.lisp)
Linked: (/home/meizan/workspace/athena-robot-dog/modules/message/ros/devel/.private/ros_interface/share/common-lisp/ros/ros_interface/msg/_package_UssObstacleList.lisp, /home/meizan/workspace/athena-robot-dog/modules/message/ros/devel/share/common-lisp/ros/ros_interface/msg/_package_UssObstacleList.lisp)
Linked: (/home/meizan/workspace/athena-robot-dog/modules/message/ros/devel/.private/ros_interface/share/common-lisp/ros/ros_interface/msg/_package_Header.lisp, /home/meizan/workspace/athena-robot-dog/modules/message/ros/devel/share/common-lisp/ros/ros_interface/msg/_package_Header.lisp)
Linked: (/home/meizan/workspace/athena-robot-dog/modules/message/ros/devel/.private/ros_interface/share/common-lisp/ros/ros_interface/msg/PointCloud.lisp, /home/meizan/workspace/athena-robot-dog/modules/message/ros/devel/share/common-lisp/ros/ros_interface/msg/PointCloud.lisp)
Linked: (/home/meizan/workspace/athena-robot-dog/modules/message/ros/devel/.private/ros_interface/share/common-lisp/ros/ros_interface/msg/WheelInfo.lisp, /home/meizan/workspace/athena-robot-dog/modules/message/ros/devel/share/common-lisp/ros/ros_interface/msg/WheelInfo.lisp)
Linked: (/home/meizan/workspace/athena-robot-dog/modules/message/ros/devel/.private/ros_interface/share/common-lisp/ros/ros_interface/msg/_package_PointCloud.lisp, /home/meizan/workspace/athena-robot-dog/modules/message/ros/devel/share/common-lisp/ros/ros_interface/msg/_package_PointCloud.lisp)
Linked: (/home/meizan/workspace/athena-robot-dog/modules/message/ros/devel/.private/ros_interface/share/common-lisp/ros/ros_interface/msg/_package_VehicleConfig.lisp, /home/meizan/workspace/athena-robot-dog/modules/message/ros/devel/share/common-lisp/ros/ros_interface/msg/_package_VehicleConfig.lisp)
Linked: (/home/meizan/workspace/athena-robot-dog/modules/message/ros/devel/.private/ros_interface/share/common-lisp/ros/ros_interface/msg/_package_CameraParkingStopper.lisp, /home/meizan/workspace/athena-robot-dog/modules/message/ros/devel/share/common-lisp/ros/ros_interface/msg/_package_CameraParkingStopper.lisp)
Linked: (/home/meizan/workspace/athena-robot-dog/modules/message/ros/devel/.private/ros_interface/share/common-lisp/ros/ros_interface/msg/SpeedPoint.lisp, /home/meizan/workspace/athena-robot-dog/modules/message/ros/devel/share/common-lisp/ros/ros_interface/msg/SpeedPoint.lisp)
Linked: (/home/meizan/workspace/athena-robot-dog/modules/message/ros/devel/.private/ros_interface/share/common-lisp/ros/ros_interface/msg/_package_TrafficLightBox.lisp, /home/meizan/workspace/athena-robot-dog/modules/message/ros/devel/share/common-lisp/ros/ros_interface/msg/_package_TrafficLightBox.lisp)
Linked: (/home/meizan/workspace/athena-robot-dog/modules/message/ros/devel/.private/ros_interface/share/common-lisp/ros/ros_interface/msg/_package_RouteFusionInfo.lisp, /home/meizan/workspace/athena-robot-dog/modules/message/ros/devel/share/common-lisp/ros/ros_interface/msg/_package_RouteFusionInfo.lisp)
Linked: (/home/meizan/workspace/athena-robot-dog/modules/message/ros/devel/.private/ros_interface/share/gennodejs/ros/ros_interface/_index.js, /home/meizan/workspace/athena-robot-dog/modules/message/ros/devel/share/gennodejs/ros/ros_interface/_index.js)
Linked: (/home/meizan/workspace/athena-robot-dog/modules/message/ros/devel/.private/ros_interface/share/gennodejs/ros/ros_interface/msg/HMITrajectoryPoint.js, /home/meizan/workspace/athena-robot-dog/modules/message/ros/devel/share/gennodejs/ros/ros_interface/msg/HMITrajectoryPoint.js)
Linked: (/home/meizan/workspace/athena-robot-dog/modules/message/ros/devel/.private/ros_interface/share/gennodejs/ros/ros_interface/msg/ObuCmd.js, /home/meizan/workspace/athena-robot-dog/modules/message/ros/devel/share/gennodejs/ros/ros_interface/msg/ObuCmd.js)
Linked: (/home/meizan/workspace/athena-robot-dog/modules/message/ros/devel/.private/ros_interface/share/gennodejs/ros/ros_interface/msg/Fault.js, /home/meizan/workspace/athena-robot-dog/modules/message/ros/devel/share/gennodejs/ros/ros_interface/msg/Fault.js)
Linked: (/home/meizan/workspace/athena-robot-dog/modules/message/ros/devel/.private/ros_interface/share/gennodejs/ros/ros_interface/msg/Header.js, /home/meizan/workspace/athena-robot-dog/modules/message/ros/devel/share/gennodejs/ros/ros_interface/msg/Header.js)
Linked: (/home/meizan/workspace/athena-robot-dog/modules/message/ros/devel/.private/ros_interface/share/gennodejs/ros/ros_interface/msg/ParkingStopper.js, /home/meizan/workspace/athena-robot-dog/modules/message/ros/devel/share/gennodejs/ros/ros_interface/msg/ParkingStopper.js)
Linked: (/home/meizan/workspace/athena-robot-dog/modules/message/ros/devel/.private/ros_interface/share/gennodejs/ros/ros_interface/msg/TrafficLight.js, /home/meizan/workspace/athena-robot-dog/modules/message/ros/devel/share/gennodejs/ros/ros_interface/msg/TrafficLight.js)
Linked: (/home/meizan/workspace/athena-robot-dog/modules/message/ros/devel/.private/ros_interface/share/gennodejs/ros/ros_interface/msg/HMIDiagnosticArray.js, /home/meizan/workspace/athena-robot-dog/modules/message/ros/devel/share/gennodejs/ros/ros_interface/msg/HMIDiagnosticArray.js)
Linked: (/home/meizan/workspace/athena-robot-dog/modules/message/ros/devel/.private/ros_interface/share/gennodejs/ros/ros_interface/msg/PadMessage.js, /home/meizan/workspace/athena-robot-dog/modules/message/ros/devel/share/gennodejs/ros/ros_interface/msg/PadMessage.js)
Linked: (/home/meizan/workspace/athena-robot-dog/modules/message/ros/devel/.private/ros_interface/share/gennodejs/ros/ros_interface/msg/AlarmMessage.js, /home/meizan/workspace/athena-robot-dog/modules/message/ros/devel/share/gennodejs/ros/ros_interface/msg/AlarmMessage.js)
Linked: (/home/meizan/workspace/athena-robot-dog/modules/message/ros/devel/.private/ros_interface/share/gennodejs/ros/ros_interface/msg/TrafficLightMsg.js, /home/meizan/workspace/athena-robot-dog/modules/message/ros/devel/share/gennodejs/ros/ros_interface/msg/TrafficLightMsg.js)
Linked: (/home/meizan/workspace/athena-robot-dog/modules/message/ros/devel/.private/ros_interface/share/gennodejs/ros/ros_interface/msg/HMIObuCmdMsg.js, /home/meizan/workspace/athena-robot-dog/modules/message/ros/devel/share/gennodejs/ros/ros_interface/msg/HMIObuCmdMsg.js)
Linked: (/home/meizan/workspace/athena-robot-dog/modules/message/ros/devel/.private/ros_interface/share/gennodejs/ros/ros_interface/msg/Grid.js, /home/meizan/workspace/athena-robot-dog/modules/message/ros/devel/share/gennodejs/ros/ros_interface/msg/Grid.js)
Linked: (/home/meizan/workspace/athena-robot-dog/modules/message/ros/devel/.private/ros_interface/share/gennodejs/ros/ros_interface/msg/Odometry.js, /home/meizan/workspace/athena-robot-dog/modules/message/ros/devel/share/gennodejs/ros/ros_interface/msg/Odometry.js)
Linked: (/home/meizan/workspace/athena-robot-dog/modules/message/ros/devel/.private/ros_interface/share/gennodejs/ros/ros_interface/msg/HMIParkingInfoList.js, /home/meizan/workspace/athena-robot-dog/modules/message/ros/devel/share/gennodejs/ros/ros_interface/msg/HMIParkingInfoList.js)
Linked: (/home/meizan/workspace/athena-robot-dog/modules/message/ros/devel/.private/ros_interface/share/gennodejs/ros/ros_interface/msg/RadarObstacleListMsg.js, /home/meizan/workspace/athena-robot-dog/modules/message/ros/devel/share/gennodejs/ros/ros_interface/msg/RadarObstacleListMsg.js)
Linked: (/home/meizan/workspace/athena-robot-dog/modules/message/ros/devel/.private/ros_interface/share/gennodejs/ros/ros_interface/msg/TrafficLightBox.js, /home/meizan/workspace/athena-robot-dog/modules/message/ros/devel/share/gennodejs/ros/ros_interface/msg/TrafficLightBox.js)
Linked: (/home/meizan/workspace/athena-robot-dog/modules/message/ros/devel/.private/ros_interface/share/gennodejs/ros/ros_interface/msg/Message.js, /home/meizan/workspace/athena-robot-dog/modules/message/ros/devel/share/gennodejs/ros/ros_interface/msg/Message.js)
Linked: (/home/meizan/workspace/athena-robot-dog/modules/message/ros/devel/.private/ros_interface/share/gennodejs/ros/ros_interface/msg/UssParkingInfo.js, /home/meizan/workspace/athena-robot-dog/modules/message/ros/devel/share/gennodejs/ros/ros_interface/msg/UssParkingInfo.js)
Linked: (/home/meizan/workspace/athena-robot-dog/modules/message/ros/devel/.private/ros_interface/share/gennodejs/ros/ros_interface/msg/Location.js, /home/meizan/workspace/athena-robot-dog/modules/message/ros/devel/share/gennodejs/ros/ros_interface/msg/Location.js)
Linked: (/home/meizan/workspace/athena-robot-dog/modules/message/ros/devel/.private/ros_interface/share/gennodejs/ros/ros_interface/msg/ParkingRoi.js, /home/meizan/workspace/athena-robot-dog/modules/message/ros/devel/share/gennodejs/ros/ros_interface/msg/ParkingRoi.js)
Linked: (/home/meizan/workspace/athena-robot-dog/modules/message/ros/devel/.private/ros_interface/share/gennodejs/ros/ros_interface/msg/UssObstacleList.js, /home/meizan/workspace/athena-robot-dog/modules/message/ros/devel/share/gennodejs/ros/ros_interface/msg/UssObstacleList.js)
Linked: (/home/meizan/workspace/athena-robot-dog/modules/message/ros/devel/.private/ros_interface/share/gennodejs/ros/ros_interface/msg/PlanningParkingDebug.js, /home/meizan/workspace/athena-robot-dog/modules/message/ros/devel/share/gennodejs/ros/ros_interface/msg/PlanningParkingDebug.js)
Linked: (/home/meizan/workspace/athena-robot-dog/modules/message/ros/devel/.private/ros_interface/share/gennodejs/ros/ros_interface/msg/HMIObstacle.js, /home/meizan/workspace/athena-robot-dog/modules/message/ros/devel/share/gennodejs/ros/ros_interface/msg/HMIObstacle.js)
Linked: (/home/meizan/workspace/athena-robot-dog/modules/message/ros/devel/.private/ros_interface/share/gennodejs/ros/ros_interface/msg/Command.js, /home/meizan/workspace/athena-robot-dog/modules/message/ros/devel/share/gennodejs/ros/ros_interface/msg/Command.js)
Linked: (/home/meizan/workspace/athena-robot-dog/modules/message/ros/devel/.private/ros_interface/share/gennodejs/ros/ros_interface/msg/CurvatureInfo.js, /home/meizan/workspace/athena-robot-dog/modules/message/ros/devel/share/gennodejs/ros/ros_interface/msg/CurvatureInfo.js)
Linked: (/home/meizan/workspace/athena-robot-dog/modules/message/ros/devel/.private/ros_interface/share/gennodejs/ros/ros_interface/msg/TimeConsume.js, /home/meizan/workspace/athena-robot-dog/modules/message/ros/devel/share/gennodejs/ros/ros_interface/msg/TimeConsume.js)
Linked: (/home/meizan/workspace/athena-robot-dog/modules/message/ros/devel/.private/ros_interface/share/gennodejs/ros/ros_interface/msg/ParkingOutInfo.js, /home/meizan/workspace/athena-robot-dog/modules/message/ros/devel/share/gennodejs/ros/ros_interface/msg/ParkingOutInfo.js)
Linked: (/home/meizan/workspace/athena-robot-dog/modules/message/ros/devel/.private/ros_interface/share/gennodejs/ros/ros_interface/msg/ParkingInfo.js, /home/meizan/workspace/athena-robot-dog/modules/message/ros/devel/share/gennodejs/ros/ros_interface/msg/ParkingInfo.js)
Linked: (/home/meizan/workspace/athena-robot-dog/modules/message/ros/devel/.private/ros_interface/share/gennodejs/ros/ros_interface/msg/HMITrajectory.js, /home/meizan/workspace/athena-robot-dog/modules/message/ros/devel/share/gennodejs/ros/ros_interface/msg/HMITrajectory.js)
Linked: (/home/meizan/workspace/athena-robot-dog/modules/message/ros/devel/.private/ros_interface/share/gennodejs/ros/ros_interface/msg/TrafficEvents.js, /home/meizan/workspace/athena-robot-dog/modules/message/ros/devel/share/gennodejs/ros/ros_interface/msg/TrafficEvents.js)
Linked: (/home/meizan/workspace/athena-robot-dog/modules/message/ros/devel/.private/ros_interface/share/gennodejs/ros/ros_interface/msg/BBox2D.js, /home/meizan/workspace/athena-robot-dog/modules/message/ros/devel/share/gennodejs/ros/ros_interface/msg/BBox2D.js)
Linked: (/home/meizan/workspace/athena-robot-dog/modules/message/ros/devel/.private/ros_interface/share/gennodejs/ros/ros_interface/msg/JunctionInfo.js, /home/meizan/workspace/athena-robot-dog/modules/message/ros/devel/share/gennodejs/ros/ros_interface/msg/JunctionInfo.js)
Linked: (/home/meizan/workspace/athena-robot-dog/modules/message/ros/devel/.private/ros_interface/share/gennodejs/ros/ros_interface/msg/TrajectoryPoint.js, /home/meizan/workspace/athena-robot-dog/modules/message/ros/devel/share/gennodejs/ros/ros_interface/msg/TrajectoryPoint.js)
Linked: (/home/meizan/workspace/athena-robot-dog/modules/message/ros/devel/.private/ros_interface/share/gennodejs/ros/ros_interface/msg/Polygon3D.js, /home/meizan/workspace/athena-robot-dog/modules/message/ros/devel/share/gennodejs/ros/ros_interface/msg/Polygon3D.js)
Linked: (/home/meizan/workspace/athena-robot-dog/modules/message/ros/devel/.private/ros_interface/share/gennodejs/ros/ros_interface/msg/Faults.js, /home/meizan/workspace/athena-robot-dog/modules/message/ros/devel/share/gennodejs/ros/ros_interface/msg/Faults.js)
Linked: (/home/meizan/workspace/athena-robot-dog/modules/message/ros/devel/.private/ros_interface/share/gennodejs/ros/ros_interface/msg/ControlCommand.js, /home/meizan/workspace/athena-robot-dog/modules/message/ros/devel/share/gennodejs/ros/ros_interface/msg/ControlCommand.js)
Linked: (/home/meizan/workspace/athena-robot-dog/modules/message/ros/devel/.private/ros_interface/share/gennodejs/ros/ros_interface/msg/Pavementype.js, /home/meizan/workspace/athena-robot-dog/modules/message/ros/devel/share/gennodejs/ros/ros_interface/msg/Pavementype.js)
Linked: (/home/meizan/workspace/athena-robot-dog/modules/message/ros/devel/.private/ros_interface/share/gennodejs/ros/ros_interface/msg/KeyValues.js, /home/meizan/workspace/athena-robot-dog/modules/message/ros/devel/share/gennodejs/ros/ros_interface/msg/KeyValues.js)
Linked: (/home/meizan/workspace/athena-robot-dog/modules/message/ros/devel/.private/ros_interface/share/gennodejs/ros/ros_interface/msg/Path.js, /home/meizan/workspace/athena-robot-dog/modules/message/ros/devel/share/gennodejs/ros/ros_interface/msg/Path.js)
Linked: (/home/meizan/workspace/athena-robot-dog/modules/message/ros/devel/.private/ros_interface/share/gennodejs/ros/ros_interface/msg/Status.js, /home/meizan/workspace/athena-robot-dog/modules/message/ros/devel/share/gennodejs/ros/ros_interface/msg/Status.js)
Linked: (/home/meizan/workspace/athena-robot-dog/modules/message/ros/devel/.private/ros_interface/share/gennodejs/ros/ros_interface/msg/PointBasic.js, /home/meizan/workspace/athena-robot-dog/modules/message/ros/devel/share/gennodejs/ros/ros_interface/msg/PointBasic.js)
Linked: (/home/meizan/workspace/athena-robot-dog/modules/message/ros/devel/.private/ros_interface/share/gennodejs/ros/ros_interface/msg/SotifMonitorResult.js, /home/meizan/workspace/athena-robot-dog/modules/message/ros/devel/share/gennodejs/ros/ros_interface/msg/SotifMonitorResult.js)
Linked: (/home/meizan/workspace/athena-robot-dog/modules/message/ros/devel/.private/ros_interface/share/gennodejs/ros/ros_interface/msg/CameraParkingInfo.js, /home/meizan/workspace/athena-robot-dog/modules/message/ros/devel/share/gennodejs/ros/ros_interface/msg/CameraParkingInfo.js)
Linked: (/home/meizan/workspace/athena-robot-dog/modules/message/ros/devel/.private/ros_interface/share/gennodejs/ros/ros_interface/msg/RoutingResponse.js, /home/meizan/workspace/athena-robot-dog/modules/message/ros/devel/share/gennodejs/ros/ros_interface/msg/RoutingResponse.js)
Linked: (/home/meizan/workspace/athena-robot-dog/modules/message/ros/devel/.private/ros_interface/share/gennodejs/ros/ros_interface/msg/RadarStateMode.js, /home/meizan/workspace/athena-robot-dog/modules/message/ros/devel/share/gennodejs/ros/ros_interface/msg/RadarStateMode.js)
Linked: (/home/meizan/workspace/athena-robot-dog/modules/message/ros/devel/.private/ros_interface/share/gennodejs/ros/ros_interface/msg/Matrix3D.js, /home/meizan/workspace/athena-robot-dog/modules/message/ros/devel/share/gennodejs/ros/ros_interface/msg/Matrix3D.js)
Linked: (/home/meizan/workspace/athena-robot-dog/modules/message/ros/devel/.private/ros_interface/share/gennodejs/ros/ros_interface/msg/TrafficLightDebug.js, /home/meizan/workspace/athena-robot-dog/modules/message/ros/devel/share/gennodejs/ros/ros_interface/msg/TrafficLightDebug.js)
Linked: (/home/meizan/workspace/athena-robot-dog/modules/message/ros/devel/.private/ros_interface/share/gennodejs/ros/ros_interface/msg/Ins.js, /home/meizan/workspace/athena-robot-dog/modules/message/ros/devel/share/gennodejs/ros/ros_interface/msg/Ins.js)
Linked: (/home/meizan/workspace/athena-robot-dog/modules/message/ros/devel/.private/ros_interface/share/gennodejs/ros/ros_interface/msg/ModuleStatus.js, /home/meizan/workspace/athena-robot-dog/modules/message/ros/devel/share/gennodejs/ros/ros_interface/msg/ModuleStatus.js)
Linked: (/home/meizan/workspace/athena-robot-dog/modules/message/ros/devel/.private/ros_interface/share/gennodejs/ros/ros_interface/msg/RadarObstacle.js, /home/meizan/workspace/athena-robot-dog/modules/message/ros/devel/share/gennodejs/ros/ros_interface/msg/RadarObstacle.js)
Linked: (/home/meizan/workspace/athena-robot-dog/modules/message/ros/devel/.private/ros_interface/share/gennodejs/ros/ros_interface/msg/RoadMark.js, /home/meizan/workspace/athena-robot-dog/modules/message/ros/devel/share/gennodejs/ros/ros_interface/msg/RoadMark.js)
Linked: (/home/meizan/workspace/athena-robot-dog/modules/message/ros/devel/.private/ros_interface/share/gennodejs/ros/ros_interface/msg/SpeedPoint.js, /home/meizan/workspace/athena-robot-dog/modules/message/ros/devel/share/gennodejs/ros/ros_interface/msg/SpeedPoint.js)
Linked: (/home/meizan/workspace/athena-robot-dog/modules/message/ros/devel/.private/ros_interface/share/gennodejs/ros/ros_interface/msg/SensorCalibrator.js, /home/meizan/workspace/athena-robot-dog/modules/message/ros/devel/share/gennodejs/ros/ros_interface/msg/SensorCalibrator.js)
Linked: (/home/meizan/workspace/athena-robot-dog/modules/message/ros/devel/.private/ros_interface/share/gennodejs/ros/ros_interface/msg/WLConstraintInfo.js, /home/meizan/workspace/athena-robot-dog/modules/message/ros/devel/share/gennodejs/ros/ros_interface/msg/WLConstraintInfo.js)
Linked: (/home/meizan/workspace/athena-robot-dog/modules/message/ros/devel/.private/ros_interface/share/gennodejs/ros/ros_interface/msg/_index.js, /home/meizan/workspace/athena-robot-dog/modules/message/ros/devel/share/gennodejs/ros/ros_interface/msg/_index.js)
Linked: (/home/meizan/workspace/athena-robot-dog/modules/message/ros/devel/.private/ros_interface/share/gennodejs/ros/ros_interface/msg/StopInfo.js, /home/meizan/workspace/athena-robot-dog/modules/message/ros/devel/share/gennodejs/ros/ros_interface/msg/StopInfo.js)
Linked: (/home/meizan/workspace/athena-robot-dog/modules/message/ros/devel/.private/ros_interface/share/gennodejs/ros/ros_interface/msg/StopPoint.js, /home/meizan/workspace/athena-robot-dog/modules/message/ros/devel/share/gennodejs/ros/ros_interface/msg/StopPoint.js)
Linked: (/home/meizan/workspace/athena-robot-dog/modules/message/ros/devel/.private/ros_interface/share/gennodejs/ros/ros_interface/msg/HMIObuCmd.js, /home/meizan/workspace/athena-robot-dog/modules/message/ros/devel/share/gennodejs/ros/ros_interface/msg/HMIObuCmd.js)
Linked: (/home/meizan/workspace/athena-robot-dog/modules/message/ros/devel/.private/ros_interface/share/gennodejs/ros/ros_interface/msg/ObuCmdMsg.js, /home/meizan/workspace/athena-robot-dog/modules/message/ros/devel/share/gennodejs/ros/ros_interface/msg/ObuCmdMsg.js)
Linked: (/home/meizan/workspace/athena-robot-dog/modules/message/ros/devel/.private/ros_interface/share/gennodejs/ros/ros_interface/msg/TrajectoryInPrediction.js, /home/meizan/workspace/athena-robot-dog/modules/message/ros/devel/share/gennodejs/ros/ros_interface/msg/TrajectoryInPrediction.js)
Linked: (/home/meizan/workspace/athena-robot-dog/modules/message/ros/devel/.private/ros_interface/share/gennodejs/ros/ros_interface/msg/PointLLH.js, /home/meizan/workspace/athena-robot-dog/modules/message/ros/devel/share/gennodejs/ros/ros_interface/msg/PointLLH.js)
Linked: (/home/meizan/workspace/athena-robot-dog/modules/message/ros/devel/.private/ros_interface/share/gennodejs/ros/ros_interface/msg/PathPoint.js, /home/meizan/workspace/athena-robot-dog/modules/message/ros/devel/share/gennodejs/ros/ros_interface/msg/PathPoint.js)
Linked: (/home/meizan/workspace/athena-robot-dog/modules/message/ros/devel/.private/ros_interface/share/gennodejs/ros/ros_interface/msg/LaneInfo.js, /home/meizan/workspace/athena-robot-dog/modules/message/ros/devel/share/gennodejs/ros/ros_interface/msg/LaneInfo.js)
Linked: (/home/meizan/workspace/athena-robot-dog/modules/message/ros/devel/.private/ros_interface/share/gennodejs/ros/ros_interface/msg/TrajectoryPointInPrediction.js, /home/meizan/workspace/athena-robot-dog/modules/message/ros/devel/share/gennodejs/ros/ros_interface/msg/TrajectoryPointInPrediction.js)
Linked: (/home/meizan/workspace/athena-robot-dog/modules/message/ros/devel/.private/ros_interface/share/gennodejs/ros/ros_interface/msg/RoadMarkList.js, /home/meizan/workspace/athena-robot-dog/modules/message/ros/devel/share/gennodejs/ros/ros_interface/msg/RoadMarkList.js)
Linked: (/home/meizan/workspace/athena-robot-dog/modules/message/ros/devel/.private/ros_interface/share/gennodejs/ros/ros_interface/msg/Gnss.js, /home/meizan/workspace/athena-robot-dog/modules/message/ros/devel/share/gennodejs/ros/ros_interface/msg/Gnss.js)
Linked: (/home/meizan/workspace/athena-robot-dog/modules/message/ros/devel/.private/ros_interface/share/gennodejs/ros/ros_interface/msg/VehicleParam.js, /home/meizan/workspace/athena-robot-dog/modules/message/ros/devel/share/gennodejs/ros/ros_interface/msg/VehicleParam.js)
Linked: (/home/meizan/workspace/athena-robot-dog/modules/message/ros/devel/.private/ros_interface/share/gennodejs/ros/ros_interface/msg/WLConstraintInfoList.js, /home/meizan/workspace/athena-robot-dog/modules/message/ros/devel/share/gennodejs/ros/ros_interface/msg/WLConstraintInfoList.js)
Linked: (/home/meizan/workspace/athena-robot-dog/modules/message/ros/devel/.private/ros_interface/share/gennodejs/ros/ros_interface/msg/PredictionTrajectoryPoint.js, /home/meizan/workspace/athena-robot-dog/modules/message/ros/devel/share/gennodejs/ros/ros_interface/msg/PredictionTrajectoryPoint.js)
Linked: (/home/meizan/workspace/athena-robot-dog/modules/message/ros/devel/.private/ros_interface/share/gennodejs/ros/ros_interface/msg/VehicleConfig.js, /home/meizan/workspace/athena-robot-dog/modules/message/ros/devel/share/gennodejs/ros/ros_interface/msg/VehicleConfig.js)
Linked: (/home/meizan/workspace/athena-robot-dog/modules/message/ros/devel/.private/ros_interface/share/gennodejs/ros/ros_interface/msg/HMIVehicleMsg.js, /home/meizan/workspace/athena-robot-dog/modules/message/ros/devel/share/gennodejs/ros/ros_interface/msg/HMIVehicleMsg.js)
Linked: (/home/meizan/workspace/athena-robot-dog/modules/message/ros/devel/.private/ros_interface/share/gennodejs/ros/ros_interface/msg/EndPoints.js, /home/meizan/workspace/athena-robot-dog/modules/message/ros/devel/share/gennodejs/ros/ros_interface/msg/EndPoints.js)
Linked: (/home/meizan/workspace/athena-robot-dog/modules/message/ros/devel/.private/ros_interface/share/gennodejs/ros/ros_interface/msg/SLBoundary.js, /home/meizan/workspace/athena-robot-dog/modules/message/ros/devel/share/gennodejs/ros/ros_interface/msg/SLBoundary.js)
Linked: (/home/meizan/workspace/athena-robot-dog/modules/message/ros/devel/.private/ros_interface/share/gennodejs/ros/ros_interface/msg/HMIParkingInfo.js, /home/meizan/workspace/athena-robot-dog/modules/message/ros/devel/share/gennodejs/ros/ros_interface/msg/HMIParkingInfo.js)
Linked: (/home/meizan/workspace/athena-robot-dog/modules/message/ros/devel/.private/ros_interface/share/gennodejs/ros/ros_interface/msg/Uncertainty.js, /home/meizan/workspace/athena-robot-dog/modules/message/ros/devel/share/gennodejs/ros/ros_interface/msg/Uncertainty.js)
Linked: (/home/meizan/workspace/athena-robot-dog/modules/message/ros/devel/.private/ros_interface/share/gennodejs/ros/ros_interface/msg/CameraParkingInfoList.js, /home/meizan/workspace/athena-robot-dog/modules/message/ros/devel/share/gennodejs/ros/ros_interface/msg/CameraParkingInfoList.js)
Linked: (/home/meizan/workspace/athena-robot-dog/modules/message/ros/devel/.private/ros_interface/share/gennodejs/ros/ros_interface/msg/LanePoint.js, /home/meizan/workspace/athena-robot-dog/modules/message/ros/devel/share/gennodejs/ros/ros_interface/msg/LanePoint.js)
Linked: (/home/meizan/workspace/athena-robot-dog/modules/message/ros/devel/.private/ros_interface/share/gennodejs/ros/ros_interface/msg/DrivableRegion.js, /home/meizan/workspace/athena-robot-dog/modules/message/ros/devel/share/gennodejs/ros/ros_interface/msg/DrivableRegion.js)
Linked: (/home/meizan/workspace/athena-robot-dog/modules/message/ros/devel/.private/ros_interface/share/gennodejs/ros/ros_interface/msg/ObstacleList.js, /home/meizan/workspace/athena-robot-dog/modules/message/ros/devel/share/gennodejs/ros/ros_interface/msg/ObstacleList.js)
Linked: (/home/meizan/workspace/athena-robot-dog/modules/message/ros/devel/.private/ros_interface/share/gennodejs/ros/ros_interface/msg/CommandRespond.js, /home/meizan/workspace/athena-robot-dog/modules/message/ros/devel/share/gennodejs/ros/ros_interface/msg/CommandRespond.js)
Linked: (/home/meizan/workspace/athena-robot-dog/modules/message/ros/devel/.private/ros_interface/share/gennodejs/ros/ros_interface/msg/Obstacle.js, /home/meizan/workspace/athena-robot-dog/modules/message/ros/devel/share/gennodejs/ros/ros_interface/msg/Obstacle.js)
Linked: (/home/meizan/workspace/athena-robot-dog/modules/message/ros/devel/.private/ros_interface/share/gennodejs/ros/ros_interface/msg/Region.js, /home/meizan/workspace/athena-robot-dog/modules/message/ros/devel/share/gennodejs/ros/ros_interface/msg/Region.js)
Linked: (/home/meizan/workspace/athena-robot-dog/modules/message/ros/devel/.private/ros_interface/share/gennodejs/ros/ros_interface/msg/Point3D.js, /home/meizan/workspace/athena-robot-dog/modules/message/ros/devel/share/gennodejs/ros/ros_interface/msg/Point3D.js)
Linked: (/home/meizan/workspace/athena-robot-dog/modules/message/ros/devel/.private/ros_interface/share/gennodejs/ros/ros_interface/msg/Trajectory.js, /home/meizan/workspace/athena-robot-dog/modules/message/ros/devel/share/gennodejs/ros/ros_interface/msg/Trajectory.js)
Linked: (/home/meizan/workspace/athena-robot-dog/modules/message/ros/devel/.private/ros_interface/share/gennodejs/ros/ros_interface/msg/HMIDiagnosticStatus.js, /home/meizan/workspace/athena-robot-dog/modules/message/ros/devel/share/gennodejs/ros/ros_interface/msg/HMIDiagnosticStatus.js)
Linked: (/home/meizan/workspace/athena-robot-dog/modules/message/ros/devel/.private/ros_interface/share/gennodejs/ros/ros_interface/msg/Quaternion.js, /home/meizan/workspace/athena-robot-dog/modules/message/ros/devel/share/gennodejs/ros/ros_interface/msg/Quaternion.js)
Linked: (/home/meizan/workspace/athena-robot-dog/modules/message/ros/devel/.private/ros_interface/share/gennodejs/ros/ros_interface/msg/LaneLineCubicCurve.js, /home/meizan/workspace/athena-robot-dog/modules/message/ros/devel/share/gennodejs/ros/ros_interface/msg/LaneLineCubicCurve.js)
Linked: (/home/meizan/workspace/athena-robot-dog/modules/message/ros/devel/.private/ros_interface/share/gennodejs/ros/ros_interface/msg/RadarStateError.js, /home/meizan/workspace/athena-robot-dog/modules/message/ros/devel/share/gennodejs/ros/ros_interface/msg/RadarStateError.js)
Linked: (/home/meizan/workspace/athena-robot-dog/modules/message/ros/devel/.private/ros_interface/share/gennodejs/ros/ros_interface/msg/VehicleState.js, /home/meizan/workspace/athena-robot-dog/modules/message/ros/devel/share/gennodejs/ros/ros_interface/msg/VehicleState.js)
Linked: (/home/meizan/workspace/athena-robot-dog/modules/message/ros/devel/.private/ros_interface/share/gennodejs/ros/ros_interface/msg/UltrasonicObstacle.js, /home/meizan/workspace/athena-robot-dog/modules/message/ros/devel/share/gennodejs/ros/ros_interface/msg/UltrasonicObstacle.js)
Linked: (/home/meizan/workspace/athena-robot-dog/modules/message/ros/devel/.private/ros_interface/share/gennodejs/ros/ros_interface/msg/GuideInfo.js, /home/meizan/workspace/athena-robot-dog/modules/message/ros/devel/share/gennodejs/ros/ros_interface/msg/GuideInfo.js)
Linked: (/home/meizan/workspace/athena-robot-dog/modules/message/ros/devel/.private/ros_interface/share/gennodejs/ros/ros_interface/msg/RoutingRequest.js, /home/meizan/workspace/athena-robot-dog/modules/message/ros/devel/share/gennodejs/ros/ros_interface/msg/RoutingRequest.js)
Linked: (/home/meizan/workspace/athena-robot-dog/modules/message/ros/devel/.private/ros_interface/share/gennodejs/ros/ros_interface/msg/RadarState.js, /home/meizan/workspace/athena-robot-dog/modules/message/ros/devel/share/gennodejs/ros/ros_interface/msg/RadarState.js)
Linked: (/home/meizan/workspace/athena-robot-dog/modules/message/ros/devel/.private/ros_interface/share/gennodejs/ros/ros_interface/msg/TrajectoryLimitCommand.js, /home/meizan/workspace/athena-robot-dog/modules/message/ros/devel/share/gennodejs/ros/ros_interface/msg/TrajectoryLimitCommand.js)
Linked: (/home/meizan/workspace/athena-robot-dog/modules/message/ros/devel/.private/ros_interface/share/gennodejs/ros/ros_interface/msg/WheelInfo.js, /home/meizan/workspace/athena-robot-dog/modules/message/ros/devel/share/gennodejs/ros/ros_interface/msg/WheelInfo.js)
Linked: (/home/meizan/workspace/athena-robot-dog/modules/message/ros/devel/.private/ros_interface/share/gennodejs/ros/ros_interface/msg/VehicleMotion.js, /home/meizan/workspace/athena-robot-dog/modules/message/ros/devel/share/gennodejs/ros/ros_interface/msg/VehicleMotion.js)
Linked: (/home/meizan/workspace/athena-robot-dog/modules/message/ros/devel/.private/ros_interface/share/gennodejs/ros/ros_interface/msg/RSSInfo.js, /home/meizan/workspace/athena-robot-dog/modules/message/ros/devel/share/gennodejs/ros/ros_interface/msg/RSSInfo.js)
Linked: (/home/meizan/workspace/athena-robot-dog/modules/message/ros/devel/.private/ros_interface/share/gennodejs/ros/ros_interface/msg/Point2dList.js, /home/meizan/workspace/athena-robot-dog/modules/message/ros/devel/share/gennodejs/ros/ros_interface/msg/Point2dList.js)
Linked: (/home/meizan/workspace/athena-robot-dog/modules/message/ros/devel/.private/ros_interface/share/gennodejs/ros/ros_interface/msg/Ultrasonic.js, /home/meizan/workspace/athena-robot-dog/modules/message/ros/devel/share/gennodejs/ros/ros_interface/msg/Ultrasonic.js)
Linked: (/home/meizan/workspace/athena-robot-dog/modules/message/ros/devel/.private/ros_interface/share/gennodejs/ros/ros_interface/msg/ParkingStateDisplay.js, /home/meizan/workspace/athena-robot-dog/modules/message/ros/devel/share/gennodejs/ros/ros_interface/msg/ParkingStateDisplay.js)
Linked: (/home/meizan/workspace/athena-robot-dog/modules/message/ros/devel/.private/ros_interface/share/gennodejs/ros/ros_interface/msg/VehicleMotionPoint.js, /home/meizan/workspace/athena-robot-dog/modules/message/ros/devel/share/gennodejs/ros/ros_interface/msg/VehicleMotionPoint.js)
Linked: (/home/meizan/workspace/athena-robot-dog/modules/message/ros/devel/.private/ros_interface/share/gennodejs/ros/ros_interface/msg/FrenetFramePoint.js, /home/meizan/workspace/athena-robot-dog/modules/message/ros/devel/share/gennodejs/ros/ros_interface/msg/FrenetFramePoint.js)
Linked: (/home/meizan/workspace/athena-robot-dog/modules/message/ros/devel/.private/ros_interface/share/gennodejs/ros/ros_interface/msg/Time.js, /home/meizan/workspace/athena-robot-dog/modules/message/ros/devel/share/gennodejs/ros/ros_interface/msg/Time.js)
Linked: (/home/meizan/workspace/athena-robot-dog/modules/message/ros/devel/.private/ros_interface/share/gennodejs/ros/ros_interface/msg/TrajectoryArray.js, /home/meizan/workspace/athena-robot-dog/modules/message/ros/devel/share/gennodejs/ros/ros_interface/msg/TrajectoryArray.js)
Linked: (/home/meizan/workspace/athena-robot-dog/modules/message/ros/devel/.private/ros_interface/share/gennodejs/ros/ros_interface/msg/HolisticPathPrediction.js, /home/meizan/workspace/athena-robot-dog/modules/message/ros/devel/share/gennodejs/ros/ros_interface/msg/HolisticPathPrediction.js)
Linked: (/home/meizan/workspace/athena-robot-dog/modules/message/ros/devel/.private/ros_interface/share/gennodejs/ros/ros_interface/msg/Log.js, /home/meizan/workspace/athena-robot-dog/modules/message/ros/devel/share/gennodejs/ros/ros_interface/msg/Log.js)
Linked: (/home/meizan/workspace/athena-robot-dog/modules/message/ros/devel/.private/ros_interface/share/gennodejs/ros/ros_interface/msg/ParkingInfoList.js, /home/meizan/workspace/athena-robot-dog/modules/message/ros/devel/share/gennodejs/ros/ros_interface/msg/ParkingInfoList.js)
Linked: (/home/meizan/workspace/athena-robot-dog/modules/message/ros/devel/.private/ros_interface/share/gennodejs/ros/ros_interface/msg/ObstacleInteractiveTag.js, /home/meizan/workspace/athena-robot-dog/modules/message/ros/devel/share/gennodejs/ros/ros_interface/msg/ObstacleInteractiveTag.js)
Linked: (/home/meizan/workspace/athena-robot-dog/modules/message/ros/devel/.private/ros_interface/share/gennodejs/ros/ros_interface/msg/PredictionObstacles.js, /home/meizan/workspace/athena-robot-dog/modules/message/ros/devel/share/gennodejs/ros/ros_interface/msg/PredictionObstacles.js)
Linked: (/home/meizan/workspace/athena-robot-dog/modules/message/ros/devel/.private/ros_interface/share/gennodejs/ros/ros_interface/msg/HMIObstacleList.js, /home/meizan/workspace/athena-robot-dog/modules/message/ros/devel/share/gennodejs/ros/ros_interface/msg/HMIObstacleList.js)
Linked: (/home/meizan/workspace/athena-robot-dog/modules/message/ros/devel/.private/ros_interface/share/gennodejs/ros/ros_interface/msg/PlanningCmd.js, /home/meizan/workspace/athena-robot-dog/modules/message/ros/devel/share/gennodejs/ros/ros_interface/msg/PlanningCmd.js)
Linked: (/home/meizan/workspace/athena-robot-dog/modules/message/ros/devel/.private/ros_interface/share/gennodejs/ros/ros_interface/msg/PointXYZIRT.js, /home/meizan/workspace/athena-robot-dog/modules/message/ros/devel/share/gennodejs/ros/ros_interface/msg/PointXYZIRT.js)
Linked: (/home/meizan/workspace/athena-robot-dog/modules/message/ros/devel/.private/ros_interface/share/gennodejs/ros/ros_interface/msg/RouteFusionInfo.js, /home/meizan/workspace/athena-robot-dog/modules/message/ros/devel/share/gennodejs/ros/ros_interface/msg/RouteFusionInfo.js)
Linked: (/home/meizan/workspace/athena-robot-dog/modules/message/ros/devel/.private/ros_interface/share/gennodejs/ros/ros_interface/msg/SecurityDecision.js, /home/meizan/workspace/athena-robot-dog/modules/message/ros/devel/share/gennodejs/ros/ros_interface/msg/SecurityDecision.js)
Linked: (/home/meizan/workspace/athena-robot-dog/modules/message/ros/devel/.private/ros_interface/share/gennodejs/ros/ros_interface/msg/Twist.js, /home/meizan/workspace/athena-robot-dog/modules/message/ros/devel/share/gennodejs/ros/ros_interface/msg/Twist.js)
Linked: (/home/meizan/workspace/athena-robot-dog/modules/message/ros/devel/.private/ros_interface/share/gennodejs/ros/ros_interface/msg/GuideRoad.js, /home/meizan/workspace/athena-robot-dog/modules/message/ros/devel/share/gennodejs/ros/ros_interface/msg/GuideRoad.js)
Linked: (/home/meizan/workspace/athena-robot-dog/modules/message/ros/devel/.private/ros_interface/share/gennodejs/ros/ros_interface/msg/GaussianInfo.js, /home/meizan/workspace/athena-robot-dog/modules/message/ros/devel/share/gennodejs/ros/ros_interface/msg/GaussianInfo.js)
Linked: (/home/meizan/workspace/athena-robot-dog/modules/message/ros/devel/.private/ros_interface/share/gennodejs/ros/ros_interface/msg/PointCloud.js, /home/meizan/workspace/athena-robot-dog/modules/message/ros/devel/share/gennodejs/ros/ros_interface/msg/PointCloud.js)
Linked: (/home/meizan/workspace/athena-robot-dog/modules/message/ros/devel/.private/ros_interface/share/gennodejs/ros/ros_interface/msg/SLPoint.js, /home/meizan/workspace/athena-robot-dog/modules/message/ros/devel/share/gennodejs/ros/ros_interface/msg/SLPoint.js)
Linked: (/home/meizan/workspace/athena-robot-dog/modules/message/ros/devel/.private/ros_interface/share/gennodejs/ros/ros_interface/msg/LaneLine.js, /home/meizan/workspace/athena-robot-dog/modules/message/ros/devel/share/gennodejs/ros/ros_interface/msg/LaneLine.js)
Linked: (/home/meizan/workspace/athena-robot-dog/modules/message/ros/devel/.private/ros_interface/share/gennodejs/ros/ros_interface/msg/ObstaclePriority.js, /home/meizan/workspace/athena-robot-dog/modules/message/ros/devel/share/gennodejs/ros/ros_interface/msg/ObstaclePriority.js)
Linked: (/home/meizan/workspace/athena-robot-dog/modules/message/ros/devel/.private/ros_interface/share/gennodejs/ros/ros_interface/msg/UssParkingInfoList.js, /home/meizan/workspace/athena-robot-dog/modules/message/ros/devel/share/gennodejs/ros/ros_interface/msg/UssParkingInfoList.js)
Linked: (/home/meizan/workspace/athena-robot-dog/modules/message/ros/devel/.private/ros_interface/share/gennodejs/ros/ros_interface/msg/Stories.js, /home/meizan/workspace/athena-robot-dog/modules/message/ros/devel/share/gennodejs/ros/ros_interface/msg/Stories.js)
Linked: (/home/meizan/workspace/athena-robot-dog/modules/message/ros/devel/.private/ros_interface/share/gennodejs/ros/ros_interface/msg/DiagnosticStatus.js, /home/meizan/workspace/athena-robot-dog/modules/message/ros/devel/share/gennodejs/ros/ros_interface/msg/DiagnosticStatus.js)
Linked: (/home/meizan/workspace/athena-robot-dog/modules/message/ros/devel/.private/ros_interface/share/gennodejs/ros/ros_interface/msg/ADCTrajectory.js, /home/meizan/workspace/athena-robot-dog/modules/message/ros/devel/share/gennodejs/ros/ros_interface/msg/ADCTrajectory.js)
Linked: (/home/meizan/workspace/athena-robot-dog/modules/message/ros/devel/.private/ros_interface/share/gennodejs/ros/ros_interface/msg/ObstacleIntent.js, /home/meizan/workspace/athena-robot-dog/modules/message/ros/devel/share/gennodejs/ros/ros_interface/msg/ObstacleIntent.js)
Linked: (/home/meizan/workspace/athena-robot-dog/modules/message/ros/devel/.private/ros_interface/share/gennodejs/ros/ros_interface/msg/ImageRect.js, /home/meizan/workspace/athena-robot-dog/modules/message/ros/devel/share/gennodejs/ros/ros_interface/msg/ImageRect.js)
Linked: (/home/meizan/workspace/athena-robot-dog/modules/message/ros/devel/.private/ros_interface/share/gennodejs/ros/ros_interface/msg/CompressedImage.js, /home/meizan/workspace/athena-robot-dog/modules/message/ros/devel/share/gennodejs/ros/ros_interface/msg/CompressedImage.js)
Linked: (/home/meizan/workspace/athena-robot-dog/modules/message/ros/devel/.private/ros_interface/share/gennodejs/ros/ros_interface/msg/DiagnosticArray.js, /home/meizan/workspace/athena-robot-dog/modules/message/ros/devel/share/gennodejs/ros/ros_interface/msg/DiagnosticArray.js)
Linked: (/home/meizan/workspace/athena-robot-dog/modules/message/ros/devel/.private/ros_interface/share/gennodejs/ros/ros_interface/msg/Image.js, /home/meizan/workspace/athena-robot-dog/modules/message/ros/devel/share/gennodejs/ros/ros_interface/msg/Image.js)
Linked: (/home/meizan/workspace/athena-robot-dog/modules/message/ros/devel/.private/ros_interface/share/gennodejs/ros/ros_interface/msg/Pose.js, /home/meizan/workspace/athena-robot-dog/modules/message/ros/devel/share/gennodejs/ros/ros_interface/msg/Pose.js)
Linked: (/home/meizan/workspace/athena-robot-dog/modules/message/ros/devel/.private/ros_interface/share/gennodejs/ros/ros_interface/msg/VehicleSignal.js, /home/meizan/workspace/athena-robot-dog/modules/message/ros/devel/share/gennodejs/ros/ros_interface/msg/VehicleSignal.js)
Linked: (/home/meizan/workspace/athena-robot-dog/modules/message/ros/devel/.private/ros_interface/share/gennodejs/ros/ros_interface/msg/ImageKeyPoint.js, /home/meizan/workspace/athena-robot-dog/modules/message/ros/devel/share/gennodejs/ros/ros_interface/msg/ImageKeyPoint.js)
Linked: (/home/meizan/workspace/athena-robot-dog/modules/message/ros/devel/.private/ros_interface/share/gennodejs/ros/ros_interface/msg/Polygon2D.js, /home/meizan/workspace/athena-robot-dog/modules/message/ros/devel/share/gennodejs/ros/ros_interface/msg/Polygon2D.js)
Linked: (/home/meizan/workspace/athena-robot-dog/modules/message/ros/devel/.private/ros_interface/share/gennodejs/ros/ros_interface/msg/PerceptionObstacle.js, /home/meizan/workspace/athena-robot-dog/modules/message/ros/devel/share/gennodejs/ros/ros_interface/msg/PerceptionObstacle.js)
Linked: (/home/meizan/workspace/athena-robot-dog/modules/message/ros/devel/.private/ros_interface/share/gennodejs/ros/ros_interface/msg/Events.js, /home/meizan/workspace/athena-robot-dog/modules/message/ros/devel/share/gennodejs/ros/ros_interface/msg/Events.js)
Linked: (/home/meizan/workspace/athena-robot-dog/modules/message/ros/devel/.private/ros_interface/share/gennodejs/ros/ros_interface/msg/EStop.js, /home/meizan/workspace/athena-robot-dog/modules/message/ros/devel/share/gennodejs/ros/ros_interface/msg/EStop.js)
Linked: (/home/meizan/workspace/athena-robot-dog/modules/message/ros/devel/.private/ros_interface/share/gennodejs/ros/ros_interface/msg/Chassis.js, /home/meizan/workspace/athena-robot-dog/modules/message/ros/devel/share/gennodejs/ros/ros_interface/msg/Chassis.js)
Linked: (/home/meizan/workspace/athena-robot-dog/modules/message/ros/devel/.private/ros_interface/share/gennodejs/ros/ros_interface/msg/FreeSpace.js, /home/meizan/workspace/athena-robot-dog/modules/message/ros/devel/share/gennodejs/ros/ros_interface/msg/FreeSpace.js)
Linked: (/home/meizan/workspace/athena-robot-dog/modules/message/ros/devel/.private/ros_interface/share/gennodejs/ros/ros_interface/msg/Imu.js, /home/meizan/workspace/athena-robot-dog/modules/message/ros/devel/share/gennodejs/ros/ros_interface/msg/Imu.js)
Linked: (/home/meizan/workspace/athena-robot-dog/modules/message/ros/devel/.private/ros_interface/share/gennodejs/ros/ros_interface/msg/LimitSpeedInfo.js, /home/meizan/workspace/athena-robot-dog/modules/message/ros/devel/share/gennodejs/ros/ros_interface/msg/LimitSpeedInfo.js)
Linked: (/home/meizan/workspace/athena-robot-dog/modules/message/ros/devel/.private/ros_interface/share/gennodejs/ros/ros_interface/msg/UssObstacle.js, /home/meizan/workspace/athena-robot-dog/modules/message/ros/devel/share/gennodejs/ros/ros_interface/msg/UssObstacle.js)
Linked: (/home/meizan/workspace/athena-robot-dog/modules/message/ros/devel/.private/ros_interface/share/gennodejs/ros/ros_interface/msg/LaneletInfo.js, /home/meizan/workspace/athena-robot-dog/modules/message/ros/devel/share/gennodejs/ros/ros_interface/msg/LaneletInfo.js)
Linked: (/home/meizan/workspace/athena-robot-dog/modules/message/ros/devel/.private/ros_interface/share/gennodejs/ros/ros_interface/msg/KeyPoint.js, /home/meizan/workspace/athena-robot-dog/modules/message/ros/devel/share/gennodejs/ros/ros_interface/msg/KeyPoint.js)
Linked: (/home/meizan/workspace/athena-robot-dog/modules/message/ros/devel/.private/ros_interface/share/gennodejs/ros/ros_interface/msg/PredictionObstacle.js, /home/meizan/workspace/athena-robot-dog/modules/message/ros/devel/share/gennodejs/ros/ros_interface/msg/PredictionObstacle.js)
Linked: (/home/meizan/workspace/athena-robot-dog/modules/message/ros/devel/.private/ros_interface/share/gennodejs/ros/ros_interface/msg/ControlAnalysis.js, /home/meizan/workspace/athena-robot-dog/modules/message/ros/devel/share/gennodejs/ros/ros_interface/msg/ControlAnalysis.js)
Linked: (/home/meizan/workspace/athena-robot-dog/modules/message/ros/devel/.private/ros_interface/share/gennodejs/ros/ros_interface/msg/HMIParkingStateDisplay.js, /home/meizan/workspace/athena-robot-dog/modules/message/ros/devel/share/gennodejs/ros/ros_interface/msg/HMIParkingStateDisplay.js)
Linked: (/home/meizan/workspace/athena-robot-dog/modules/message/ros/devel/.private/ros_interface/share/gennodejs/ros/ros_interface/msg/GlobalRouteMsg.js, /home/meizan/workspace/athena-robot-dog/modules/message/ros/devel/share/gennodejs/ros/ros_interface/msg/GlobalRouteMsg.js)
Linked: (/home/meizan/workspace/athena-robot-dog/modules/message/ros/devel/.private/ros_interface/share/gennodejs/ros/ros_interface/msg/PointENU.js, /home/meizan/workspace/athena-robot-dog/modules/message/ros/devel/share/gennodejs/ros/ros_interface/msg/PointENU.js)
Linked: (/home/meizan/workspace/athena-robot-dog/modules/message/ros/devel/.private/ros_interface/share/gennodejs/ros/ros_interface/msg/CommCommand.js, /home/meizan/workspace/athena-robot-dog/modules/message/ros/devel/share/gennodejs/ros/ros_interface/msg/CommCommand.js)
Linked: (/home/meizan/workspace/athena-robot-dog/modules/message/ros/devel/.private/ros_interface/share/gennodejs/ros/ros_interface/msg/PlanningAnalysis.js, /home/meizan/workspace/athena-robot-dog/modules/message/ros/devel/share/gennodejs/ros/ros_interface/msg/PlanningAnalysis.js)
Linked: (/home/meizan/workspace/athena-robot-dog/modules/message/ros/devel/.private/ros_interface/share/gennodejs/ros/ros_interface/msg/Point2D.js, /home/meizan/workspace/athena-robot-dog/modules/message/ros/devel/share/gennodejs/ros/ros_interface/msg/Point2D.js)
Linked: (/home/meizan/workspace/athena-robot-dog/modules/message/ros/devel/.private/ros_interface/share/gennodejs/ros/ros_interface/msg/WarningCommand.js, /home/meizan/workspace/athena-robot-dog/modules/message/ros/devel/share/gennodejs/ros/ros_interface/msg/WarningCommand.js)
Linked: (/home/meizan/workspace/athena-robot-dog/modules/message/ros/devel/.private/ros_interface/share/gennodejs/ros/ros_interface/msg/LaneList.js, /home/meizan/workspace/athena-robot-dog/modules/message/ros/devel/share/gennodejs/ros/ros_interface/msg/LaneList.js)
Linked: (/home/meizan/workspace/athena-robot-dog/modules/message/ros/devel/.private/ros_interface/share/gennodejs/ros/ros_interface/msg/CameraParkingStopper.js, /home/meizan/workspace/athena-robot-dog/modules/message/ros/devel/share/gennodejs/ros/ros_interface/msg/CameraParkingStopper.js)
Linked: (/home/meizan/workspace/athena-robot-dog/modules/message/ros/devel/.private/ros_interface/share/gennodejs/ros/ros_interface/msg/ObstacleFeature.js, /home/meizan/workspace/athena-robot-dog/modules/message/ros/devel/share/gennodejs/ros/ros_interface/msg/ObstacleFeature.js)
Linked: (/home/meizan/workspace/athena-robot-dog/modules/message/ros/devel/.private/ros_interface/share/gennodejs/ros/ros_interface/msg/Event.js, /home/meizan/workspace/athena-robot-dog/modules/message/ros/devel/share/gennodejs/ros/ros_interface/msg/Event.js)
Linked: (/home/meizan/workspace/athena-robot-dog/modules/message/ros/devel/.private/ros_interface/include/ros_interface/CameraParkingInfoList.h, /home/meizan/workspace/athena-robot-dog/modules/message/ros/devel/include/ros_interface/CameraParkingInfoList.h)
Linked: (/home/meizan/workspace/athena-robot-dog/modules/message/ros/devel/.private/ros_interface/include/ros_interface/HMIVehicleMsg.h, /home/meizan/workspace/athena-robot-dog/modules/message/ros/devel/include/ros_interface/HMIVehicleMsg.h)
Linked: (/home/meizan/workspace/athena-robot-dog/modules/message/ros/devel/.private/ros_interface/include/ros_interface/RoadMarkList.h, /home/meizan/workspace/athena-robot-dog/modules/message/ros/devel/include/ros_interface/RoadMarkList.h)
Linked: (/home/meizan/workspace/athena-robot-dog/modules/message/ros/devel/.private/ros_interface/include/ros_interface/WheelInfo.h, /home/meizan/workspace/athena-robot-dog/modules/message/ros/devel/include/ros_interface/WheelInfo.h)
Linked: (/home/meizan/workspace/athena-robot-dog/modules/message/ros/devel/.private/ros_interface/include/ros_interface/ObuCmd.h, /home/meizan/workspace/athena-robot-dog/modules/message/ros/devel/include/ros_interface/ObuCmd.h)
Linked: (/home/meizan/workspace/athena-robot-dog/modules/message/ros/devel/.private/ros_interface/include/ros_interface/UssObstacle.h, /home/meizan/workspace/athena-robot-dog/modules/message/ros/devel/include/ros_interface/UssObstacle.h)
Linked: (/home/meizan/workspace/athena-robot-dog/modules/message/ros/devel/.private/ros_interface/include/ros_interface/TrajectoryInPrediction.h, /home/meizan/workspace/athena-robot-dog/modules/message/ros/devel/include/ros_interface/TrajectoryInPrediction.h)
Linked: (/home/meizan/workspace/athena-robot-dog/modules/message/ros/devel/.private/ros_interface/include/ros_interface/HMITrajectoryPoint.h, /home/meizan/workspace/athena-robot-dog/modules/message/ros/devel/include/ros_interface/HMITrajectoryPoint.h)
Linked: (/home/meizan/workspace/athena-robot-dog/modules/message/ros/devel/.private/ros_interface/include/ros_interface/VehicleParam.h, /home/meizan/workspace/athena-robot-dog/modules/message/ros/devel/include/ros_interface/VehicleParam.h)
Linked: (/home/meizan/workspace/athena-robot-dog/modules/message/ros/devel/.private/ros_interface/include/ros_interface/Fault.h, /home/meizan/workspace/athena-robot-dog/modules/message/ros/devel/include/ros_interface/Fault.h)
Linked: (/home/meizan/workspace/athena-robot-dog/modules/message/ros/devel/.private/ros_interface/include/ros_interface/Grid.h, /home/meizan/workspace/athena-robot-dog/modules/message/ros/devel/include/ros_interface/Grid.h)
Linked: (/home/meizan/workspace/athena-robot-dog/modules/message/ros/devel/.private/ros_interface/include/ros_interface/Image.h, /home/meizan/workspace/athena-robot-dog/modules/message/ros/devel/include/ros_interface/Image.h)
Linked: (/home/meizan/workspace/athena-robot-dog/modules/message/ros/devel/.private/ros_interface/include/ros_interface/UssObstacleList.h, /home/meizan/workspace/athena-robot-dog/modules/message/ros/devel/include/ros_interface/UssObstacleList.h)
Linked: (/home/meizan/workspace/athena-robot-dog/modules/message/ros/devel/.private/ros_interface/include/ros_interface/TrafficEvents.h, /home/meizan/workspace/athena-robot-dog/modules/message/ros/devel/include/ros_interface/TrafficEvents.h)
Linked: (/home/meizan/workspace/athena-robot-dog/modules/message/ros/devel/.private/ros_interface/include/ros_interface/PredictionObstacles.h, /home/meizan/workspace/athena-robot-dog/modules/message/ros/devel/include/ros_interface/PredictionObstacles.h)
Linked: (/home/meizan/workspace/athena-robot-dog/modules/message/ros/devel/.private/ros_interface/include/ros_interface/ParkingStateDisplay.h, /home/meizan/workspace/athena-robot-dog/modules/message/ros/devel/include/ros_interface/ParkingStateDisplay.h)
Linked: (/home/meizan/workspace/athena-robot-dog/modules/message/ros/devel/.private/ros_interface/include/ros_interface/Message.h, /home/meizan/workspace/athena-robot-dog/modules/message/ros/devel/include/ros_interface/Message.h)
Linked: (/home/meizan/workspace/athena-robot-dog/modules/message/ros/devel/.private/ros_interface/include/ros_interface/Events.h, /home/meizan/workspace/athena-robot-dog/modules/message/ros/devel/include/ros_interface/Events.h)
Linked: (/home/meizan/workspace/athena-robot-dog/modules/message/ros/devel/.private/ros_interface/include/ros_interface/PointCloud.h, /home/meizan/workspace/athena-robot-dog/modules/message/ros/devel/include/ros_interface/PointCloud.h)
Linked: (/home/meizan/workspace/athena-robot-dog/modules/message/ros/devel/.private/ros_interface/include/ros_interface/KeyPoint.h, /home/meizan/workspace/athena-robot-dog/modules/message/ros/devel/include/ros_interface/KeyPoint.h)
Linked: (/home/meizan/workspace/athena-robot-dog/modules/message/ros/devel/.private/ros_interface/include/ros_interface/ObstacleFeature.h, /home/meizan/workspace/athena-robot-dog/modules/message/ros/devel/include/ros_interface/ObstacleFeature.h)
Linked: (/home/meizan/workspace/athena-robot-dog/modules/message/ros/devel/.private/ros_interface/include/ros_interface/Obstacle.h, /home/meizan/workspace/athena-robot-dog/modules/message/ros/devel/include/ros_interface/Obstacle.h)
Linked: (/home/meizan/workspace/athena-robot-dog/modules/message/ros/devel/.private/ros_interface/include/ros_interface/Ins.h, /home/meizan/workspace/athena-robot-dog/modules/message/ros/devel/include/ros_interface/Ins.h)
Linked: (/home/meizan/workspace/athena-robot-dog/modules/message/ros/devel/.private/ros_interface/include/ros_interface/Uncertainty.h, /home/meizan/workspace/athena-robot-dog/modules/message/ros/devel/include/ros_interface/Uncertainty.h)
Linked: (/home/meizan/workspace/athena-robot-dog/modules/message/ros/devel/.private/ros_interface/include/ros_interface/LaneLineCubicCurve.h, /home/meizan/workspace/athena-robot-dog/modules/message/ros/devel/include/ros_interface/LaneLineCubicCurve.h)
Linked: (/home/meizan/workspace/athena-robot-dog/modules/message/ros/devel/.private/ros_interface/include/ros_interface/RadarStateError.h, /home/meizan/workspace/athena-robot-dog/modules/message/ros/devel/include/ros_interface/RadarStateError.h)
Linked: (/home/meizan/workspace/athena-robot-dog/modules/message/ros/devel/.private/ros_interface/include/ros_interface/RoutingResponse.h, /home/meizan/workspace/athena-robot-dog/modules/message/ros/devel/include/ros_interface/RoutingResponse.h)
Linked: (/home/meizan/workspace/athena-robot-dog/modules/message/ros/devel/.private/ros_interface/include/ros_interface/RSSInfo.h, /home/meizan/workspace/athena-robot-dog/modules/message/ros/devel/include/ros_interface/RSSInfo.h)
Linked: (/home/meizan/workspace/athena-robot-dog/modules/message/ros/devel/.private/ros_interface/include/ros_interface/ControlAnalysis.h, /home/meizan/workspace/athena-robot-dog/modules/message/ros/devel/include/ros_interface/ControlAnalysis.h)
Linked: (/home/meizan/workspace/athena-robot-dog/modules/message/ros/devel/.private/ros_interface/include/ros_interface/ImageKeyPoint.h, /home/meizan/workspace/athena-robot-dog/modules/message/ros/devel/include/ros_interface/ImageKeyPoint.h)
Linked: (/home/meizan/workspace/athena-robot-dog/modules/message/ros/devel/.private/ros_interface/include/ros_interface/Matrix3D.h, /home/meizan/workspace/athena-robot-dog/modules/message/ros/devel/include/ros_interface/Matrix3D.h)
Linked: (/home/meizan/workspace/athena-robot-dog/modules/message/ros/devel/.private/ros_interface/include/ros_interface/EndPoints.h, /home/meizan/workspace/athena-robot-dog/modules/message/ros/devel/include/ros_interface/EndPoints.h)
Linked: (/home/meizan/workspace/athena-robot-dog/modules/message/ros/devel/.private/ros_interface/include/ros_interface/VehicleState.h, /home/meizan/workspace/athena-robot-dog/modules/message/ros/devel/include/ros_interface/VehicleState.h)
Linked: (/home/meizan/workspace/athena-robot-dog/modules/message/ros/devel/.private/ros_interface/include/ros_interface/SLBoundary.h, /home/meizan/workspace/athena-robot-dog/modules/message/ros/devel/include/ros_interface/SLBoundary.h)
Linked: (/home/meizan/workspace/athena-robot-dog/modules/message/ros/devel/.private/ros_interface/include/ros_interface/PathPoint.h, /home/meizan/workspace/athena-robot-dog/modules/message/ros/devel/include/ros_interface/PathPoint.h)
Linked: (/home/meizan/workspace/athena-robot-dog/modules/message/ros/devel/.private/ros_interface/include/ros_interface/PerceptionObstacle.h, /home/meizan/workspace/athena-robot-dog/modules/message/ros/devel/include/ros_interface/PerceptionObstacle.h)
Linked: (/home/meizan/workspace/athena-robot-dog/modules/message/ros/devel/.private/ros_interface/include/ros_interface/VehicleMotion.h, /home/meizan/workspace/athena-robot-dog/modules/message/ros/devel/include/ros_interface/VehicleMotion.h)
Linked: (/home/meizan/workspace/athena-robot-dog/modules/message/ros/devel/.private/ros_interface/include/ros_interface/SecurityDecision.h, /home/meizan/workspace/athena-robot-dog/modules/message/ros/devel/include/ros_interface/SecurityDecision.h)
Linked: (/home/meizan/workspace/athena-robot-dog/modules/message/ros/devel/.private/ros_interface/include/ros_interface/KeyValues.h, /home/meizan/workspace/athena-robot-dog/modules/message/ros/devel/include/ros_interface/KeyValues.h)
Linked: (/home/meizan/workspace/athena-robot-dog/modules/message/ros/devel/.private/ros_interface/include/ros_interface/Path.h, /home/meizan/workspace/athena-robot-dog/modules/message/ros/devel/include/ros_interface/Path.h)
Linked: (/home/meizan/workspace/athena-robot-dog/modules/message/ros/devel/.private/ros_interface/include/ros_interface/VehicleConfig.h, /home/meizan/workspace/athena-robot-dog/modules/message/ros/devel/include/ros_interface/VehicleConfig.h)
Linked: (/home/meizan/workspace/athena-robot-dog/modules/message/ros/devel/.private/ros_interface/include/ros_interface/GuideRoad.h, /home/meizan/workspace/athena-robot-dog/modules/message/ros/devel/include/ros_interface/GuideRoad.h)
Linked: (/home/meizan/workspace/athena-robot-dog/modules/message/ros/devel/.private/ros_interface/include/ros_interface/TrafficLightBox.h, /home/meizan/workspace/athena-robot-dog/modules/message/ros/devel/include/ros_interface/TrafficLightBox.h)
Linked: (/home/meizan/workspace/athena-robot-dog/modules/message/ros/devel/.private/ros_interface/include/ros_interface/ParkingStopper.h, /home/meizan/workspace/athena-robot-dog/modules/message/ros/devel/include/ros_interface/ParkingStopper.h)
Linked: (/home/meizan/workspace/athena-robot-dog/modules/message/ros/devel/.private/ros_interface/include/ros_interface/GlobalRouteMsg.h, /home/meizan/workspace/athena-robot-dog/modules/message/ros/devel/include/ros_interface/GlobalRouteMsg.h)
Linked: (/home/meizan/workspace/athena-robot-dog/modules/message/ros/devel/.private/ros_interface/include/ros_interface/ObstacleList.h, /home/meizan/workspace/athena-robot-dog/modules/message/ros/devel/include/ros_interface/ObstacleList.h)
Linked: (/home/meizan/workspace/athena-robot-dog/modules/message/ros/devel/.private/ros_interface/include/ros_interface/LimitSpeedInfo.h, /home/meizan/workspace/athena-robot-dog/modules/message/ros/devel/include/ros_interface/LimitSpeedInfo.h)
Linked: (/home/meizan/workspace/athena-robot-dog/modules/message/ros/devel/.private/ros_interface/include/ros_interface/PointENU.h, /home/meizan/workspace/athena-robot-dog/modules/message/ros/devel/include/ros_interface/PointENU.h)
Linked: (/home/meizan/workspace/athena-robot-dog/modules/message/ros/devel/.private/ros_interface/include/ros_interface/SLPoint.h, /home/meizan/workspace/athena-robot-dog/modules/message/ros/devel/include/ros_interface/SLPoint.h)
Linked: (/home/meizan/workspace/athena-robot-dog/modules/message/ros/devel/.private/ros_interface/include/ros_interface/DiagnosticArray.h, /home/meizan/workspace/athena-robot-dog/modules/message/ros/devel/include/ros_interface/DiagnosticArray.h)
Linked: (/home/meizan/workspace/athena-robot-dog/modules/message/ros/devel/.private/ros_interface/include/ros_interface/SpeedPoint.h, /home/meizan/workspace/athena-robot-dog/modules/message/ros/devel/include/ros_interface/SpeedPoint.h)
Linked: (/home/meizan/workspace/athena-robot-dog/modules/message/ros/devel/.private/ros_interface/include/ros_interface/TrajectoryPoint.h, /home/meizan/workspace/athena-robot-dog/modules/message/ros/devel/include/ros_interface/TrajectoryPoint.h)
Linked: (/home/meizan/workspace/athena-robot-dog/modules/message/ros/devel/.private/ros_interface/include/ros_interface/Chassis.h, /home/meizan/workspace/athena-robot-dog/modules/message/ros/devel/include/ros_interface/Chassis.h)
Linked: (/home/meizan/workspace/athena-robot-dog/modules/message/ros/devel/.private/ros_interface/include/ros_interface/TrafficLightMsg.h, /home/meizan/workspace/athena-robot-dog/modules/message/ros/devel/include/ros_interface/TrafficLightMsg.h)
Linked: (/home/meizan/workspace/athena-robot-dog/modules/message/ros/devel/.private/ros_interface/include/ros_interface/Event.h, /home/meizan/workspace/athena-robot-dog/modules/message/ros/devel/include/ros_interface/Event.h)
Linked: (/home/meizan/workspace/athena-robot-dog/modules/message/ros/devel/.private/ros_interface/include/ros_interface/Quaternion.h, /home/meizan/workspace/athena-robot-dog/modules/message/ros/devel/include/ros_interface/Quaternion.h)
Linked: (/home/meizan/workspace/athena-robot-dog/modules/message/ros/devel/.private/ros_interface/include/ros_interface/CameraParkingStopper.h, /home/meizan/workspace/athena-robot-dog/modules/message/ros/devel/include/ros_interface/CameraParkingStopper.h)
Linked: (/home/meizan/workspace/athena-robot-dog/modules/message/ros/devel/.private/ros_interface/include/ros_interface/Twist.h, /home/meizan/workspace/athena-robot-dog/modules/message/ros/devel/include/ros_interface/Twist.h)
Linked: (/home/meizan/workspace/athena-robot-dog/modules/message/ros/devel/.private/ros_interface/include/ros_interface/ParkingRoi.h, /home/meizan/workspace/athena-robot-dog/modules/message/ros/devel/include/ros_interface/ParkingRoi.h)
Linked: (/home/meizan/workspace/athena-robot-dog/modules/message/ros/devel/.private/ros_interface/include/ros_interface/CommCommand.h, /home/meizan/workspace/athena-robot-dog/modules/message/ros/devel/include/ros_interface/CommCommand.h)
Linked: (/home/meizan/workspace/athena-robot-dog/modules/message/ros/devel/.private/ros_interface/include/ros_interface/HMIParkingStateDisplay.h, /home/meizan/workspace/athena-robot-dog/modules/message/ros/devel/include/ros_interface/HMIParkingStateDisplay.h)
Linked: (/home/meizan/workspace/athena-robot-dog/modules/message/ros/devel/.private/ros_interface/include/ros_interface/VehicleSignal.h, /home/meizan/workspace/athena-robot-dog/modules/message/ros/devel/include/ros_interface/VehicleSignal.h)
Linked: (/home/meizan/workspace/athena-robot-dog/modules/message/ros/devel/.private/ros_interface/include/ros_interface/PadMessage.h, /home/meizan/workspace/athena-robot-dog/modules/message/ros/devel/include/ros_interface/PadMessage.h)
Linked: (/home/meizan/workspace/athena-robot-dog/modules/message/ros/devel/.private/ros_interface/include/ros_interface/Command.h, /home/meizan/workspace/athena-robot-dog/modules/message/ros/devel/include/ros_interface/Command.h)
Linked: (/home/meizan/workspace/athena-robot-dog/modules/message/ros/devel/.private/ros_interface/include/ros_interface/PredictionObstacle.h, /home/meizan/workspace/athena-robot-dog/modules/message/ros/devel/include/ros_interface/PredictionObstacle.h)
Linked: (/home/meizan/workspace/athena-robot-dog/modules/message/ros/devel/.private/ros_interface/include/ros_interface/RadarObstacle.h, /home/meizan/workspace/athena-robot-dog/modules/message/ros/devel/include/ros_interface/RadarObstacle.h)
Linked: (/home/meizan/workspace/athena-robot-dog/modules/message/ros/devel/.private/ros_interface/include/ros_interface/BBox2D.h, /home/meizan/workspace/athena-robot-dog/modules/message/ros/devel/include/ros_interface/BBox2D.h)
Linked: (/home/meizan/workspace/athena-robot-dog/modules/message/ros/devel/.private/ros_interface/include/ros_interface/HMIDiagnosticArray.h, /home/meizan/workspace/athena-robot-dog/modules/message/ros/devel/include/ros_interface/HMIDiagnosticArray.h)
Linked: (/home/meizan/workspace/athena-robot-dog/modules/message/ros/devel/.private/ros_interface/include/ros_interface/TrafficLightDebug.h, /home/meizan/workspace/athena-robot-dog/modules/message/ros/devel/include/ros_interface/TrafficLightDebug.h)
Linked: (/home/meizan/workspace/athena-robot-dog/modules/message/ros/devel/.private/ros_interface/include/ros_interface/PointBasic.h, /home/meizan/workspace/athena-robot-dog/modules/message/ros/devel/include/ros_interface/PointBasic.h)
Linked: (/home/meizan/workspace/athena-robot-dog/modules/message/ros/devel/.private/ros_interface/include/ros_interface/StopInfo.h, /home/meizan/workspace/athena-robot-dog/modules/message/ros/devel/include/ros_interface/StopInfo.h)
Linked: (/home/meizan/workspace/athena-robot-dog/modules/message/ros/devel/.private/ros_interface/include/ros_interface/WLConstraintInfo.h, /home/meizan/workspace/athena-robot-dog/modules/message/ros/devel/include/ros_interface/WLConstraintInfo.h)
Linked: (/home/meizan/workspace/athena-robot-dog/modules/message/ros/devel/.private/ros_interface/include/ros_interface/TimeConsume.h, /home/meizan/workspace/athena-robot-dog/modules/message/ros/devel/include/ros_interface/TimeConsume.h)
Linked: (/home/meizan/workspace/athena-robot-dog/modules/message/ros/devel/.private/ros_interface/include/ros_interface/Odometry.h, /home/meizan/workspace/athena-robot-dog/modules/message/ros/devel/include/ros_interface/Odometry.h)
Linked: (/home/meizan/workspace/athena-robot-dog/modules/message/ros/devel/.private/ros_interface/include/ros_interface/TrajectoryPointInPrediction.h, /home/meizan/workspace/athena-robot-dog/modules/message/ros/devel/include/ros_interface/TrajectoryPointInPrediction.h)
Linked: (/home/meizan/workspace/athena-robot-dog/modules/message/ros/devel/.private/ros_interface/include/ros_interface/HMIParkingInfo.h, /home/meizan/workspace/athena-robot-dog/modules/message/ros/devel/include/ros_interface/HMIParkingInfo.h)
Linked: (/home/meizan/workspace/athena-robot-dog/modules/message/ros/devel/.private/ros_interface/include/ros_interface/GuideInfo.h, /home/meizan/workspace/athena-robot-dog/modules/message/ros/devel/include/ros_interface/GuideInfo.h)
Linked: (/home/meizan/workspace/athena-robot-dog/modules/message/ros/devel/.private/ros_interface/include/ros_interface/Stories.h, /home/meizan/workspace/athena-robot-dog/modules/message/ros/devel/include/ros_interface/Stories.h)
Linked: (/home/meizan/workspace/athena-robot-dog/modules/message/ros/devel/.private/ros_interface/include/ros_interface/HolisticPathPrediction.h, /home/meizan/workspace/athena-robot-dog/modules/message/ros/devel/include/ros_interface/HolisticPathPrediction.h)
Linked: (/home/meizan/workspace/athena-robot-dog/modules/message/ros/devel/.private/ros_interface/include/ros_interface/UssParkingInfo.h, /home/meizan/workspace/athena-robot-dog/modules/message/ros/devel/include/ros_interface/UssParkingInfo.h)
Linked: (/home/meizan/workspace/athena-robot-dog/modules/message/ros/devel/.private/ros_interface/include/ros_interface/ParkingInfoList.h, /home/meizan/workspace/athena-robot-dog/modules/message/ros/devel/include/ros_interface/ParkingInfoList.h)
Linked: (/home/meizan/workspace/athena-robot-dog/modules/message/ros/devel/.private/ros_interface/include/ros_interface/RouteFusionInfo.h, /home/meizan/workspace/athena-robot-dog/modules/message/ros/devel/include/ros_interface/RouteFusionInfo.h)
Linked: (/home/meizan/workspace/athena-robot-dog/modules/message/ros/devel/.private/ros_interface/include/ros_interface/CameraParkingInfo.h, /home/meizan/workspace/athena-robot-dog/modules/message/ros/devel/include/ros_interface/CameraParkingInfo.h)
Linked: (/home/meizan/workspace/athena-robot-dog/modules/message/ros/devel/.private/ros_interface/include/ros_interface/ControlCommand.h, /home/meizan/workspace/athena-robot-dog/modules/message/ros/devel/include/ros_interface/ControlCommand.h)
Linked: (/home/meizan/workspace/athena-robot-dog/modules/message/ros/devel/.private/ros_interface/include/ros_interface/Point2D.h, /home/meizan/workspace/athena-robot-dog/modules/message/ros/devel/include/ros_interface/Point2D.h)
Linked: (/home/meizan/workspace/athena-robot-dog/modules/message/ros/devel/.private/ros_interface/include/ros_interface/PlanningCmd.h, /home/meizan/workspace/athena-robot-dog/modules/message/ros/devel/include/ros_interface/PlanningCmd.h)
Linked: (/home/meizan/workspace/athena-robot-dog/modules/message/ros/devel/.private/ros_interface/include/ros_interface/TrafficLight.h, /home/meizan/workspace/athena-robot-dog/modules/message/ros/devel/include/ros_interface/TrafficLight.h)
Linked: (/home/meizan/workspace/athena-robot-dog/modules/message/ros/devel/.private/ros_interface/include/ros_interface/DiagnosticStatus.h, /home/meizan/workspace/athena-robot-dog/modules/message/ros/devel/include/ros_interface/DiagnosticStatus.h)
Linked: (/home/meizan/workspace/athena-robot-dog/modules/message/ros/devel/.private/ros_interface/include/ros_interface/SensorCalibrator.h, /home/meizan/workspace/athena-robot-dog/modules/message/ros/devel/include/ros_interface/SensorCalibrator.h)
Linked: (/home/meizan/workspace/athena-robot-dog/modules/message/ros/devel/.private/ros_interface/include/ros_interface/Point3D.h, /home/meizan/workspace/athena-robot-dog/modules/message/ros/devel/include/ros_interface/Point3D.h)
Linked: (/home/meizan/workspace/athena-robot-dog/modules/message/ros/devel/.private/ros_interface/include/ros_interface/LanePoint.h, /home/meizan/workspace/athena-robot-dog/modules/message/ros/devel/include/ros_interface/LanePoint.h)
Linked: (/home/meizan/workspace/athena-robot-dog/modules/message/ros/devel/.private/ros_interface/include/ros_interface/RoutingRequest.h, /home/meizan/workspace/athena-robot-dog/modules/message/ros/devel/include/ros_interface/RoutingRequest.h)
Linked: (/home/meizan/workspace/athena-robot-dog/modules/message/ros/devel/.private/ros_interface/include/ros_interface/Point2dList.h, /home/meizan/workspace/athena-robot-dog/modules/message/ros/devel/include/ros_interface/Point2dList.h)
Linked: (/home/meizan/workspace/athena-robot-dog/modules/message/ros/devel/.private/ros_interface/include/ros_interface/PlanningAnalysis.h, /home/meizan/workspace/athena-robot-dog/modules/message/ros/devel/include/ros_interface/PlanningAnalysis.h)
Linked: (/home/meizan/workspace/athena-robot-dog/modules/message/ros/devel/.private/ros_interface/include/ros_interface/Status.h, /home/meizan/workspace/athena-robot-dog/modules/message/ros/devel/include/ros_interface/Status.h)
Linked: (/home/meizan/workspace/athena-robot-dog/modules/message/ros/devel/.private/ros_interface/include/ros_interface/HMIDiagnosticStatus.h, /home/meizan/workspace/athena-robot-dog/modules/message/ros/devel/include/ros_interface/HMIDiagnosticStatus.h)
Linked: (/home/meizan/workspace/athena-robot-dog/modules/message/ros/devel/.private/ros_interface/include/ros_interface/Imu.h, /home/meizan/workspace/athena-robot-dog/modules/message/ros/devel/include/ros_interface/Imu.h)
Linked: (/home/meizan/workspace/athena-robot-dog/modules/message/ros/devel/.private/ros_interface/include/ros_interface/Log.h, /home/meizan/workspace/athena-robot-dog/modules/message/ros/devel/include/ros_interface/Log.h)
Linked: (/home/meizan/workspace/athena-robot-dog/modules/message/ros/devel/.private/ros_interface/include/ros_interface/WarningCommand.h, /home/meizan/workspace/athena-robot-dog/modules/message/ros/devel/include/ros_interface/WarningCommand.h)
Linked: (/home/meizan/workspace/athena-robot-dog/modules/message/ros/devel/.private/ros_interface/include/ros_interface/ObstacleIntent.h, /home/meizan/workspace/athena-robot-dog/modules/message/ros/devel/include/ros_interface/ObstacleIntent.h)
Linked: (/home/meizan/workspace/athena-robot-dog/modules/message/ros/devel/.private/ros_interface/include/ros_interface/FreeSpace.h, /home/meizan/workspace/athena-robot-dog/modules/message/ros/devel/include/ros_interface/FreeSpace.h)
Linked: (/home/meizan/workspace/athena-robot-dog/modules/message/ros/devel/.private/ros_interface/include/ros_interface/ObstacleInteractiveTag.h, /home/meizan/workspace/athena-robot-dog/modules/message/ros/devel/include/ros_interface/ObstacleInteractiveTag.h)
Linked: (/home/meizan/workspace/athena-robot-dog/modules/message/ros/devel/.private/ros_interface/include/ros_interface/DrivableRegion.h, /home/meizan/workspace/athena-robot-dog/modules/message/ros/devel/include/ros_interface/DrivableRegion.h)
Linked: (/home/meizan/workspace/athena-robot-dog/modules/message/ros/devel/.private/ros_interface/include/ros_interface/ParkingInfo.h, /home/meizan/workspace/athena-robot-dog/modules/message/ros/devel/include/ros_interface/ParkingInfo.h)
Linked: (/home/meizan/workspace/athena-robot-dog/modules/message/ros/devel/.private/ros_interface/include/ros_interface/PointLLH.h, /home/meizan/workspace/athena-robot-dog/modules/message/ros/devel/include/ros_interface/PointLLH.h)
Linked: (/home/meizan/workspace/athena-robot-dog/modules/message/ros/devel/.private/ros_interface/include/ros_interface/Pose.h, /home/meizan/workspace/athena-robot-dog/modules/message/ros/devel/include/ros_interface/Pose.h)
Linked: (/home/meizan/workspace/athena-robot-dog/modules/message/ros/devel/.private/ros_interface/include/ros_interface/StopPoint.h, /home/meizan/workspace/athena-robot-dog/modules/message/ros/devel/include/ros_interface/StopPoint.h)
Linked: (/home/meizan/workspace/athena-robot-dog/modules/message/ros/devel/.private/ros_interface/include/ros_interface/Polygon2D.h, /home/meizan/workspace/athena-robot-dog/modules/message/ros/devel/include/ros_interface/Polygon2D.h)
Linked: (/home/meizan/workspace/athena-robot-dog/modules/message/ros/devel/.private/ros_interface/include/ros_interface/UltrasonicObstacle.h, /home/meizan/workspace/athena-robot-dog/modules/message/ros/devel/include/ros_interface/UltrasonicObstacle.h)
Linked: (/home/meizan/workspace/athena-robot-dog/modules/message/ros/devel/.private/ros_interface/include/ros_interface/PointXYZIRT.h, /home/meizan/workspace/athena-robot-dog/modules/message/ros/devel/include/ros_interface/PointXYZIRT.h)
Linked: (/home/meizan/workspace/athena-robot-dog/modules/message/ros/devel/.private/ros_interface/include/ros_interface/HMIObstacle.h, /home/meizan/workspace/athena-robot-dog/modules/message/ros/devel/include/ros_interface/HMIObstacle.h)
Linked: (/home/meizan/workspace/athena-robot-dog/modules/message/ros/devel/.private/ros_interface/include/ros_interface/ParkingOutInfo.h, /home/meizan/workspace/athena-robot-dog/modules/message/ros/devel/include/ros_interface/ParkingOutInfo.h)
Linked: (/home/meizan/workspace/athena-robot-dog/modules/message/ros/devel/.private/ros_interface/include/ros_interface/CommandRespond.h, /home/meizan/workspace/athena-robot-dog/modules/message/ros/devel/include/ros_interface/CommandRespond.h)
Linked: (/home/meizan/workspace/athena-robot-dog/modules/message/ros/devel/.private/ros_interface/include/ros_interface/WLConstraintInfoList.h, /home/meizan/workspace/athena-robot-dog/modules/message/ros/devel/include/ros_interface/WLConstraintInfoList.h)
Linked: (/home/meizan/workspace/athena-robot-dog/modules/message/ros/devel/.private/ros_interface/include/ros_interface/SotifMonitorResult.h, /home/meizan/workspace/athena-robot-dog/modules/message/ros/devel/include/ros_interface/SotifMonitorResult.h)
Linked: (/home/meizan/workspace/athena-robot-dog/modules/message/ros/devel/.private/ros_interface/include/ros_interface/CompressedImage.h, /home/meizan/workspace/athena-robot-dog/modules/message/ros/devel/include/ros_interface/CompressedImage.h)
Linked: (/home/meizan/workspace/athena-robot-dog/modules/message/ros/devel/.private/ros_interface/include/ros_interface/HMIObstacleList.h, /home/meizan/workspace/athena-robot-dog/modules/message/ros/devel/include/ros_interface/HMIObstacleList.h)
Linked: (/home/meizan/workspace/athena-robot-dog/modules/message/ros/devel/.private/ros_interface/include/ros_interface/HMIParkingInfoList.h, /home/meizan/workspace/athena-robot-dog/modules/message/ros/devel/include/ros_interface/HMIParkingInfoList.h)
Linked: (/home/meizan/workspace/athena-robot-dog/modules/message/ros/devel/.private/ros_interface/include/ros_interface/RadarState.h, /home/meizan/workspace/athena-robot-dog/modules/message/ros/devel/include/ros_interface/RadarState.h)
Linked: (/home/meizan/workspace/athena-robot-dog/modules/message/ros/devel/.private/ros_interface/include/ros_interface/ImageRect.h, /home/meizan/workspace/athena-robot-dog/modules/message/ros/devel/include/ros_interface/ImageRect.h)
Linked: (/home/meizan/workspace/athena-robot-dog/modules/message/ros/devel/.private/ros_interface/include/ros_interface/TrajectoryArray.h, /home/meizan/workspace/athena-robot-dog/modules/message/ros/devel/include/ros_interface/TrajectoryArray.h)
Linked: (/home/meizan/workspace/athena-robot-dog/modules/message/ros/devel/.private/ros_interface/include/ros_interface/Time.h, /home/meizan/workspace/athena-robot-dog/modules/message/ros/devel/include/ros_interface/Time.h)
Linked: (/home/meizan/workspace/athena-robot-dog/modules/message/ros/devel/.private/ros_interface/include/ros_interface/JunctionInfo.h, /home/meizan/workspace/athena-robot-dog/modules/message/ros/devel/include/ros_interface/JunctionInfo.h)
Linked: (/home/meizan/workspace/athena-robot-dog/modules/message/ros/devel/.private/ros_interface/include/ros_interface/HMITrajectory.h, /home/meizan/workspace/athena-robot-dog/modules/message/ros/devel/include/ros_interface/HMITrajectory.h)
Linked: (/home/meizan/workspace/athena-robot-dog/modules/message/ros/devel/.private/ros_interface/include/ros_interface/RadarObstacleListMsg.h, /home/meizan/workspace/athena-robot-dog/modules/message/ros/devel/include/ros_interface/RadarObstacleListMsg.h)
Linked: (/home/meizan/workspace/athena-robot-dog/modules/message/ros/devel/.private/ros_interface/include/ros_interface/Header.h, /home/meizan/workspace/athena-robot-dog/modules/message/ros/devel/include/ros_interface/Header.h)
Linked: (/home/meizan/workspace/athena-robot-dog/modules/message/ros/devel/.private/ros_interface/include/ros_interface/ModuleStatus.h, /home/meizan/workspace/athena-robot-dog/modules/message/ros/devel/include/ros_interface/ModuleStatus.h)
Linked: (/home/meizan/workspace/athena-robot-dog/modules/message/ros/devel/.private/ros_interface/include/ros_interface/GaussianInfo.h, /home/meizan/workspace/athena-robot-dog/modules/message/ros/devel/include/ros_interface/GaussianInfo.h)
Linked: (/home/meizan/workspace/athena-robot-dog/modules/message/ros/devel/.private/ros_interface/include/ros_interface/HMIObuCmdMsg.h, /home/meizan/workspace/athena-robot-dog/modules/message/ros/devel/include/ros_interface/HMIObuCmdMsg.h)
Linked: (/home/meizan/workspace/athena-robot-dog/modules/message/ros/devel/.private/ros_interface/include/ros_interface/HMIObuCmd.h, /home/meizan/workspace/athena-robot-dog/modules/message/ros/devel/include/ros_interface/HMIObuCmd.h)
Linked: (/home/meizan/workspace/athena-robot-dog/modules/message/ros/devel/.private/ros_interface/include/ros_interface/LaneList.h, /home/meizan/workspace/athena-robot-dog/modules/message/ros/devel/include/ros_interface/LaneList.h)
Linked: (/home/meizan/workspace/athena-robot-dog/modules/message/ros/devel/.private/ros_interface/include/ros_interface/Polygon3D.h, /home/meizan/workspace/athena-robot-dog/modules/message/ros/devel/include/ros_interface/Polygon3D.h)
Linked: (/home/meizan/workspace/athena-robot-dog/modules/message/ros/devel/.private/ros_interface/include/ros_interface/TrajectoryLimitCommand.h, /home/meizan/workspace/athena-robot-dog/modules/message/ros/devel/include/ros_interface/TrajectoryLimitCommand.h)
Linked: (/home/meizan/workspace/athena-robot-dog/modules/message/ros/devel/.private/ros_interface/include/ros_interface/ObstaclePriority.h, /home/meizan/workspace/athena-robot-dog/modules/message/ros/devel/include/ros_interface/ObstaclePriority.h)
Linked: (/home/meizan/workspace/athena-robot-dog/modules/message/ros/devel/.private/ros_interface/include/ros_interface/LaneInfo.h, /home/meizan/workspace/athena-robot-dog/modules/message/ros/devel/include/ros_interface/LaneInfo.h)
Linked: (/home/meizan/workspace/athena-robot-dog/modules/message/ros/devel/.private/ros_interface/include/ros_interface/FrenetFramePoint.h, /home/meizan/workspace/athena-robot-dog/modules/message/ros/devel/include/ros_interface/FrenetFramePoint.h)
Linked: (/home/meizan/workspace/athena-robot-dog/modules/message/ros/devel/.private/ros_interface/include/ros_interface/Pavementype.h, /home/meizan/workspace/athena-robot-dog/modules/message/ros/devel/include/ros_interface/Pavementype.h)
Linked: (/home/meizan/workspace/athena-robot-dog/modules/message/ros/devel/.private/ros_interface/include/ros_interface/Trajectory.h, /home/meizan/workspace/athena-robot-dog/modules/message/ros/devel/include/ros_interface/Trajectory.h)
Linked: (/home/meizan/workspace/athena-robot-dog/modules/message/ros/devel/.private/ros_interface/include/ros_interface/AlarmMessage.h, /home/meizan/workspace/athena-robot-dog/modules/message/ros/devel/include/ros_interface/AlarmMessage.h)
Linked: (/home/meizan/workspace/athena-robot-dog/modules/message/ros/devel/.private/ros_interface/include/ros_interface/Region.h, /home/meizan/workspace/athena-robot-dog/modules/message/ros/devel/include/ros_interface/Region.h)
Linked: (/home/meizan/workspace/athena-robot-dog/modules/message/ros/devel/.private/ros_interface/include/ros_interface/RoadMark.h, /home/meizan/workspace/athena-robot-dog/modules/message/ros/devel/include/ros_interface/RoadMark.h)
Linked: (/home/meizan/workspace/athena-robot-dog/modules/message/ros/devel/.private/ros_interface/include/ros_interface/LaneLine.h, /home/meizan/workspace/athena-robot-dog/modules/message/ros/devel/include/ros_interface/LaneLine.h)
Linked: (/home/meizan/workspace/athena-robot-dog/modules/message/ros/devel/.private/ros_interface/include/ros_interface/Faults.h, /home/meizan/workspace/athena-robot-dog/modules/message/ros/devel/include/ros_interface/Faults.h)
Linked: (/home/meizan/workspace/athena-robot-dog/modules/message/ros/devel/.private/ros_interface/include/ros_interface/LaneletInfo.h, /home/meizan/workspace/athena-robot-dog/modules/message/ros/devel/include/ros_interface/LaneletInfo.h)
Linked: (/home/meizan/workspace/athena-robot-dog/modules/message/ros/devel/.private/ros_interface/include/ros_interface/CurvatureInfo.h, /home/meizan/workspace/athena-robot-dog/modules/message/ros/devel/include/ros_interface/CurvatureInfo.h)
Linked: (/home/meizan/workspace/athena-robot-dog/modules/message/ros/devel/.private/ros_interface/include/ros_interface/RadarStateMode.h, /home/meizan/workspace/athena-robot-dog/modules/message/ros/devel/include/ros_interface/RadarStateMode.h)
Linked: (/home/meizan/workspace/athena-robot-dog/modules/message/ros/devel/.private/ros_interface/include/ros_interface/VehicleMotionPoint.h, /home/meizan/workspace/athena-robot-dog/modules/message/ros/devel/include/ros_interface/VehicleMotionPoint.h)
Linked: (/home/meizan/workspace/athena-robot-dog/modules/message/ros/devel/.private/ros_interface/include/ros_interface/ADCTrajectory.h, /home/meizan/workspace/athena-robot-dog/modules/message/ros/devel/include/ros_interface/ADCTrajectory.h)
Linked: (/home/meizan/workspace/athena-robot-dog/modules/message/ros/devel/.private/ros_interface/include/ros_interface/PredictionTrajectoryPoint.h, /home/meizan/workspace/athena-robot-dog/modules/message/ros/devel/include/ros_interface/PredictionTrajectoryPoint.h)
Linked: (/home/meizan/workspace/athena-robot-dog/modules/message/ros/devel/.private/ros_interface/include/ros_interface/Gnss.h, /home/meizan/workspace/athena-robot-dog/modules/message/ros/devel/include/ros_interface/Gnss.h)
Linked: (/home/meizan/workspace/athena-robot-dog/modules/message/ros/devel/.private/ros_interface/include/ros_interface/ObuCmdMsg.h, /home/meizan/workspace/athena-robot-dog/modules/message/ros/devel/include/ros_interface/ObuCmdMsg.h)
Linked: (/home/meizan/workspace/athena-robot-dog/modules/message/ros/devel/.private/ros_interface/include/ros_interface/Ultrasonic.h, /home/meizan/workspace/athena-robot-dog/modules/message/ros/devel/include/ros_interface/Ultrasonic.h)
Linked: (/home/meizan/workspace/athena-robot-dog/modules/message/ros/devel/.private/ros_interface/include/ros_interface/PlanningParkingDebug.h, /home/meizan/workspace/athena-robot-dog/modules/message/ros/devel/include/ros_interface/PlanningParkingDebug.h)
Linked: (/home/meizan/workspace/athena-robot-dog/modules/message/ros/devel/.private/ros_interface/include/ros_interface/EStop.h, /home/meizan/workspace/athena-robot-dog/modules/message/ros/devel/include/ros_interface/EStop.h)
Linked: (/home/meizan/workspace/athena-robot-dog/modules/message/ros/devel/.private/ros_interface/include/ros_interface/Location.h, /home/meizan/workspace/athena-robot-dog/modules/message/ros/devel/include/ros_interface/Location.h)
Linked: (/home/meizan/workspace/athena-robot-dog/modules/message/ros/devel/.private/ros_interface/include/ros_interface/UssParkingInfoList.h, /home/meizan/workspace/athena-robot-dog/modules/message/ros/devel/include/ros_interface/UssParkingInfoList.h)
Linked: (/home/meizan/workspace/athena-robot-dog/modules/message/ros/devel/.private/ros_interface/lib/python3/dist-packages/ros_interface/__init__.py, /home/meizan/workspace/athena-robot-dog/modules/message/ros/devel/lib/python3/dist-packages/ros_interface/__init__.py)
Linked: (/home/meizan/workspace/athena-robot-dog/modules/message/ros/devel/.private/ros_interface/lib/python3/dist-packages/ros_interface/msg/_RadarObstacle.py, /home/meizan/workspace/athena-robot-dog/modules/message/ros/devel/lib/python3/dist-packages/ros_interface/msg/_RadarObstacle.py)
Linked: (/home/meizan/workspace/athena-robot-dog/modules/message/ros/devel/.private/ros_interface/lib/python3/dist-packages/ros_interface/msg/_LaneLine.py, /home/meizan/workspace/athena-robot-dog/modules/message/ros/devel/lib/python3/dist-packages/ros_interface/msg/_LaneLine.py)
Linked: (/home/meizan/workspace/athena-robot-dog/modules/message/ros/devel/.private/ros_interface/lib/python3/dist-packages/ros_interface/msg/_VehicleSignal.py, /home/meizan/workspace/athena-robot-dog/modules/message/ros/devel/lib/python3/dist-packages/ros_interface/msg/_VehicleSignal.py)
Linked: (/home/meizan/workspace/athena-robot-dog/modules/message/ros/devel/.private/ros_interface/lib/python3/dist-packages/ros_interface/msg/_Time.py, /home/meizan/workspace/athena-robot-dog/modules/message/ros/devel/lib/python3/dist-packages/ros_interface/msg/_Time.py)
Linked: (/home/meizan/workspace/athena-robot-dog/modules/message/ros/devel/.private/ros_interface/lib/python3/dist-packages/ros_interface/msg/_RoutingRequest.py, /home/meizan/workspace/athena-robot-dog/modules/message/ros/devel/lib/python3/dist-packages/ros_interface/msg/_RoutingRequest.py)
Linked: (/home/meizan/workspace/athena-robot-dog/modules/message/ros/devel/.private/ros_interface/lib/python3/dist-packages/ros_interface/msg/_RoutingResponse.py, /home/meizan/workspace/athena-robot-dog/modules/message/ros/devel/lib/python3/dist-packages/ros_interface/msg/_RoutingResponse.py)
Linked: (/home/meizan/workspace/athena-robot-dog/modules/message/ros/devel/.private/ros_interface/lib/python3/dist-packages/ros_interface/msg/_Region.py, /home/meizan/workspace/athena-robot-dog/modules/message/ros/devel/lib/python3/dist-packages/ros_interface/msg/_Region.py)
Linked: (/home/meizan/workspace/athena-robot-dog/modules/message/ros/devel/.private/ros_interface/lib/python3/dist-packages/ros_interface/msg/_SotifMonitorResult.py, /home/meizan/workspace/athena-robot-dog/modules/message/ros/devel/lib/python3/dist-packages/ros_interface/msg/_SotifMonitorResult.py)
Linked: (/home/meizan/workspace/athena-robot-dog/modules/message/ros/devel/.private/ros_interface/lib/python3/dist-packages/ros_interface/msg/_Status.py, /home/meizan/workspace/athena-robot-dog/modules/message/ros/devel/lib/python3/dist-packages/ros_interface/msg/_Status.py)
Linked: (/home/meizan/workspace/athena-robot-dog/modules/message/ros/devel/.private/ros_interface/lib/python3/dist-packages/ros_interface/msg/_Quaternion.py, /home/meizan/workspace/athena-robot-dog/modules/message/ros/devel/lib/python3/dist-packages/ros_interface/msg/_Quaternion.py)
Linked: (/home/meizan/workspace/athena-robot-dog/modules/message/ros/devel/.private/ros_interface/lib/python3/dist-packages/ros_interface/msg/_UssParkingInfoList.py, /home/meizan/workspace/athena-robot-dog/modules/message/ros/devel/lib/python3/dist-packages/ros_interface/msg/_UssParkingInfoList.py)
Linked: (/home/meizan/workspace/athena-robot-dog/modules/message/ros/devel/.private/ros_interface/lib/python3/dist-packages/ros_interface/msg/_GaussianInfo.py, /home/meizan/workspace/athena-robot-dog/modules/message/ros/devel/lib/python3/dist-packages/ros_interface/msg/_GaussianInfo.py)
Linked: (/home/meizan/workspace/athena-robot-dog/modules/message/ros/devel/.private/ros_interface/lib/python3/dist-packages/ros_interface/msg/_SensorCalibrator.py, /home/meizan/workspace/athena-robot-dog/modules/message/ros/devel/lib/python3/dist-packages/ros_interface/msg/_SensorCalibrator.py)
Linked: (/home/meizan/workspace/athena-robot-dog/modules/message/ros/devel/.private/ros_interface/lib/python3/dist-packages/ros_interface/msg/_Location.py, /home/meizan/workspace/athena-robot-dog/modules/message/ros/devel/lib/python3/dist-packages/ros_interface/msg/_Location.py)
Linked: (/home/meizan/workspace/athena-robot-dog/modules/message/ros/devel/.private/ros_interface/lib/python3/dist-packages/ros_interface/msg/_TrafficLightDebug.py, /home/meizan/workspace/athena-robot-dog/modules/message/ros/devel/lib/python3/dist-packages/ros_interface/msg/_TrafficLightDebug.py)
Linked: (/home/meizan/workspace/athena-robot-dog/modules/message/ros/devel/.private/ros_interface/lib/python3/dist-packages/ros_interface/msg/_SecurityDecision.py, /home/meizan/workspace/athena-robot-dog/modules/message/ros/devel/lib/python3/dist-packages/ros_interface/msg/_SecurityDecision.py)
Linked: (/home/meizan/workspace/athena-robot-dog/modules/message/ros/devel/.private/ros_interface/lib/python3/dist-packages/ros_interface/msg/_Matrix3D.py, /home/meizan/workspace/athena-robot-dog/modules/message/ros/devel/lib/python3/dist-packages/ros_interface/msg/_Matrix3D.py)
Linked: (/home/meizan/workspace/athena-robot-dog/modules/message/ros/devel/.private/ros_interface/lib/python3/dist-packages/ros_interface/msg/_RadarStateMode.py, /home/meizan/workspace/athena-robot-dog/modules/message/ros/devel/lib/python3/dist-packages/ros_interface/msg/_RadarStateMode.py)
Linked: (/home/meizan/workspace/athena-robot-dog/modules/message/ros/devel/.private/ros_interface/lib/python3/dist-packages/ros_interface/msg/_HMITrajectoryPoint.py, /home/meizan/workspace/athena-robot-dog/modules/message/ros/devel/lib/python3/dist-packages/ros_interface/msg/_HMITrajectoryPoint.py)
Linked: (/home/meizan/workspace/athena-robot-dog/modules/message/ros/devel/.private/ros_interface/lib/python3/dist-packages/ros_interface/msg/_PointLLH.py, /home/meizan/workspace/athena-robot-dog/modules/message/ros/devel/lib/python3/dist-packages/ros_interface/msg/_PointLLH.py)
Linked: (/home/meizan/workspace/athena-robot-dog/modules/message/ros/devel/.private/ros_interface/lib/python3/dist-packages/ros_interface/msg/_CameraParkingInfo.py, /home/meizan/workspace/athena-robot-dog/modules/message/ros/devel/lib/python3/dist-packages/ros_interface/msg/_CameraParkingInfo.py)
Linked: (/home/meizan/workspace/athena-robot-dog/modules/message/ros/devel/.private/ros_interface/lib/python3/dist-packages/ros_interface/msg/_StopPoint.py, /home/meizan/workspace/athena-robot-dog/modules/message/ros/devel/lib/python3/dist-packages/ros_interface/msg/_StopPoint.py)
Linked: (/home/meizan/workspace/athena-robot-dog/modules/message/ros/devel/.private/ros_interface/lib/python3/dist-packages/ros_interface/msg/_PlanningCmd.py, /home/meizan/workspace/athena-robot-dog/modules/message/ros/devel/lib/python3/dist-packages/ros_interface/msg/_PlanningCmd.py)
Linked: (/home/meizan/workspace/athena-robot-dog/modules/message/ros/devel/.private/ros_interface/lib/python3/dist-packages/ros_interface/msg/_RoadMark.py, /home/meizan/workspace/athena-robot-dog/modules/message/ros/devel/lib/python3/dist-packages/ros_interface/msg/_RoadMark.py)
Linked: (/home/meizan/workspace/athena-robot-dog/modules/message/ros/devel/.private/ros_interface/lib/python3/dist-packages/ros_interface/msg/_ObstaclePriority.py, /home/meizan/workspace/athena-robot-dog/modules/message/ros/devel/lib/python3/dist-packages/ros_interface/msg/_ObstaclePriority.py)
Linked: (/home/meizan/workspace/athena-robot-dog/modules/message/ros/devel/.private/ros_interface/lib/python3/dist-packages/ros_interface/msg/_TimeConsume.py, /home/meizan/workspace/athena-robot-dog/modules/message/ros/devel/lib/python3/dist-packages/ros_interface/msg/_TimeConsume.py)
Linked: (/home/meizan/workspace/athena-robot-dog/modules/message/ros/devel/.private/ros_interface/lib/python3/dist-packages/ros_interface/msg/_VehicleConfig.py, /home/meizan/workspace/athena-robot-dog/modules/message/ros/devel/lib/python3/dist-packages/ros_interface/msg/_VehicleConfig.py)
Linked: (/home/meizan/workspace/athena-robot-dog/modules/message/ros/devel/.private/ros_interface/lib/python3/dist-packages/ros_interface/msg/_DrivableRegion.py, /home/meizan/workspace/athena-robot-dog/modules/message/ros/devel/lib/python3/dist-packages/ros_interface/msg/_DrivableRegion.py)
Linked: (/home/meizan/workspace/athena-robot-dog/modules/message/ros/devel/.private/ros_interface/lib/python3/dist-packages/ros_interface/msg/_HMIObuCmdMsg.py, /home/meizan/workspace/athena-robot-dog/modules/message/ros/devel/lib/python3/dist-packages/ros_interface/msg/_HMIObuCmdMsg.py)
Linked: (/home/meizan/workspace/athena-robot-dog/modules/message/ros/devel/.private/ros_interface/lib/python3/dist-packages/ros_interface/msg/_PathPoint.py, /home/meizan/workspace/athena-robot-dog/modules/message/ros/devel/lib/python3/dist-packages/ros_interface/msg/_PathPoint.py)
Linked: (/home/meizan/workspace/athena-robot-dog/modules/message/ros/devel/.private/ros_interface/lib/python3/dist-packages/ros_interface/msg/_ControlCommand.py, /home/meizan/workspace/athena-robot-dog/modules/message/ros/devel/lib/python3/dist-packages/ros_interface/msg/_ControlCommand.py)
Linked: (/home/meizan/workspace/athena-robot-dog/modules/message/ros/devel/.private/ros_interface/lib/python3/dist-packages/ros_interface/msg/_HMITrajectory.py, /home/meizan/workspace/athena-robot-dog/modules/message/ros/devel/lib/python3/dist-packages/ros_interface/msg/_HMITrajectory.py)
Linked: (/home/meizan/workspace/athena-robot-dog/modules/message/ros/devel/.private/ros_interface/lib/python3/dist-packages/ros_interface/msg/_HMIDiagnosticArray.py, /home/meizan/workspace/athena-robot-dog/modules/message/ros/devel/lib/python3/dist-packages/ros_interface/msg/_HMIDiagnosticArray.py)
Linked: (/home/meizan/workspace/athena-robot-dog/modules/message/ros/devel/.private/ros_interface/lib/python3/dist-packages/ros_interface/msg/_HMIParkingInfoList.py, /home/meizan/workspace/athena-robot-dog/modules/message/ros/devel/lib/python3/dist-packages/ros_interface/msg/_HMIParkingInfoList.py)
Linked: (/home/meizan/workspace/athena-robot-dog/modules/message/ros/devel/.private/ros_interface/lib/python3/dist-packages/ros_interface/msg/_PointCloud.py, /home/meizan/workspace/athena-robot-dog/modules/message/ros/devel/lib/python3/dist-packages/ros_interface/msg/_PointCloud.py)
Linked: (/home/meizan/workspace/athena-robot-dog/modules/message/ros/devel/.private/ros_interface/lib/python3/dist-packages/ros_interface/msg/_ObstacleIntent.py, /home/meizan/workspace/athena-robot-dog/modules/message/ros/devel/lib/python3/dist-packages/ros_interface/msg/_ObstacleIntent.py)
Linked: (/home/meizan/workspace/athena-robot-dog/modules/message/ros/devel/.private/ros_interface/lib/python3/dist-packages/ros_interface/msg/_RoadMarkList.py, /home/meizan/workspace/athena-robot-dog/modules/message/ros/devel/lib/python3/dist-packages/ros_interface/msg/_RoadMarkList.py)
Linked: (/home/meizan/workspace/athena-robot-dog/modules/message/ros/devel/.private/ros_interface/lib/python3/dist-packages/ros_interface/msg/_Point2dList.py, /home/meizan/workspace/athena-robot-dog/modules/message/ros/devel/lib/python3/dist-packages/ros_interface/msg/_Point2dList.py)
Linked: (/home/meizan/workspace/athena-robot-dog/modules/message/ros/devel/.private/ros_interface/lib/python3/dist-packages/ros_interface/msg/_RadarObstacleListMsg.py, /home/meizan/workspace/athena-robot-dog/modules/message/ros/devel/lib/python3/dist-packages/ros_interface/msg/_RadarObstacleListMsg.py)
Linked: (/home/meizan/workspace/athena-robot-dog/modules/message/ros/devel/.private/ros_interface/lib/python3/dist-packages/ros_interface/msg/_Polygon3D.py, /home/meizan/workspace/athena-robot-dog/modules/message/ros/devel/lib/python3/dist-packages/ros_interface/msg/_Polygon3D.py)
Linked: (/home/meizan/workspace/athena-robot-dog/modules/message/ros/devel/.private/ros_interface/lib/python3/dist-packages/ros_interface/msg/_StopInfo.py, /home/meizan/workspace/athena-robot-dog/modules/message/ros/devel/lib/python3/dist-packages/ros_interface/msg/_StopInfo.py)
Linked: (/home/meizan/workspace/athena-robot-dog/modules/message/ros/devel/.private/ros_interface/lib/python3/dist-packages/ros_interface/msg/_AlarmMessage.py, /home/meizan/workspace/athena-robot-dog/modules/message/ros/devel/lib/python3/dist-packages/ros_interface/msg/_AlarmMessage.py)
Linked: (/home/meizan/workspace/athena-robot-dog/modules/message/ros/devel/.private/ros_interface/lib/python3/dist-packages/ros_interface/msg/_CurvatureInfo.py, /home/meizan/workspace/athena-robot-dog/modules/message/ros/devel/lib/python3/dist-packages/ros_interface/msg/_CurvatureInfo.py)
Linked: (/home/meizan/workspace/athena-robot-dog/modules/message/ros/devel/.private/ros_interface/lib/python3/dist-packages/ros_interface/msg/_RSSInfo.py, /home/meizan/workspace/athena-robot-dog/modules/message/ros/devel/lib/python3/dist-packages/ros_interface/msg/_RSSInfo.py)
Linked: (/home/meizan/workspace/athena-robot-dog/modules/message/ros/devel/.private/ros_interface/lib/python3/dist-packages/ros_interface/msg/_GuideInfo.py, /home/meizan/workspace/athena-robot-dog/modules/message/ros/devel/lib/python3/dist-packages/ros_interface/msg/_GuideInfo.py)
Linked: (/home/meizan/workspace/athena-robot-dog/modules/message/ros/devel/.private/ros_interface/lib/python3/dist-packages/ros_interface/msg/_ImageRect.py, /home/meizan/workspace/athena-robot-dog/modules/message/ros/devel/lib/python3/dist-packages/ros_interface/msg/_ImageRect.py)
Linked: (/home/meizan/workspace/athena-robot-dog/modules/message/ros/devel/.private/ros_interface/lib/python3/dist-packages/ros_interface/msg/_LanePoint.py, /home/meizan/workspace/athena-robot-dog/modules/message/ros/devel/lib/python3/dist-packages/ros_interface/msg/_LanePoint.py)
Linked: (/home/meizan/workspace/athena-robot-dog/modules/message/ros/devel/.private/ros_interface/lib/python3/dist-packages/ros_interface/msg/_Gnss.py, /home/meizan/workspace/athena-robot-dog/modules/message/ros/devel/lib/python3/dist-packages/ros_interface/msg/_Gnss.py)
Linked: (/home/meizan/workspace/athena-robot-dog/modules/message/ros/devel/.private/ros_interface/lib/python3/dist-packages/ros_interface/msg/_TrajectoryLimitCommand.py, /home/meizan/workspace/athena-robot-dog/modules/message/ros/devel/lib/python3/dist-packages/ros_interface/msg/_TrajectoryLimitCommand.py)
Linked: (/home/meizan/workspace/athena-robot-dog/modules/message/ros/devel/.private/ros_interface/lib/python3/dist-packages/ros_interface/msg/_ParkingInfo.py, /home/meizan/workspace/athena-robot-dog/modules/message/ros/devel/lib/python3/dist-packages/ros_interface/msg/_ParkingInfo.py)
Linked: (/home/meizan/workspace/athena-robot-dog/modules/message/ros/devel/.private/ros_interface/lib/python3/dist-packages/ros_interface/msg/_Obstacle.py, /home/meizan/workspace/athena-robot-dog/modules/message/ros/devel/lib/python3/dist-packages/ros_interface/msg/_Obstacle.py)
Linked: (/home/meizan/workspace/athena-robot-dog/modules/message/ros/devel/.private/ros_interface/lib/python3/dist-packages/ros_interface/msg/_HMIParkingInfo.py, /home/meizan/workspace/athena-robot-dog/modules/message/ros/devel/lib/python3/dist-packages/ros_interface/msg/_HMIParkingInfo.py)
Linked: (/home/meizan/workspace/athena-robot-dog/modules/message/ros/devel/.private/ros_interface/lib/python3/dist-packages/ros_interface/msg/_Twist.py, /home/meizan/workspace/athena-robot-dog/modules/message/ros/devel/lib/python3/dist-packages/ros_interface/msg/_Twist.py)
Linked: (/home/meizan/workspace/athena-robot-dog/modules/message/ros/devel/.private/ros_interface/lib/python3/dist-packages/ros_interface/msg/_UssObstacle.py, /home/meizan/workspace/athena-robot-dog/modules/message/ros/devel/lib/python3/dist-packages/ros_interface/msg/_UssObstacle.py)
Linked: (/home/meizan/workspace/athena-robot-dog/modules/message/ros/devel/.private/ros_interface/lib/python3/dist-packages/ros_interface/msg/_ParkingInfoList.py, /home/meizan/workspace/athena-robot-dog/modules/message/ros/devel/lib/python3/dist-packages/ros_interface/msg/_ParkingInfoList.py)
Linked: (/home/meizan/workspace/athena-robot-dog/modules/message/ros/devel/.private/ros_interface/lib/python3/dist-packages/ros_interface/msg/_ObstacleList.py, /home/meizan/workspace/athena-robot-dog/modules/message/ros/devel/lib/python3/dist-packages/ros_interface/msg/_ObstacleList.py)
Linked: (/home/meizan/workspace/athena-robot-dog/modules/message/ros/devel/.private/ros_interface/lib/python3/dist-packages/ros_interface/msg/_ParkingOutInfo.py, /home/meizan/workspace/athena-robot-dog/modules/message/ros/devel/lib/python3/dist-packages/ros_interface/msg/_ParkingOutInfo.py)
Linked: (/home/meizan/workspace/athena-robot-dog/modules/message/ros/devel/.private/ros_interface/lib/python3/dist-packages/ros_interface/msg/_PlanningParkingDebug.py, /home/meizan/workspace/athena-robot-dog/modules/message/ros/devel/lib/python3/dist-packages/ros_interface/msg/_PlanningParkingDebug.py)
Linked: (/home/meizan/workspace/athena-robot-dog/modules/message/ros/devel/.private/ros_interface/lib/python3/dist-packages/ros_interface/msg/__init__.py, /home/meizan/workspace/athena-robot-dog/modules/message/ros/devel/lib/python3/dist-packages/ros_interface/msg/__init__.py)
Linked: (/home/meizan/workspace/athena-robot-dog/modules/message/ros/devel/.private/ros_interface/lib/python3/dist-packages/ros_interface/msg/_Pose.py, /home/meizan/workspace/athena-robot-dog/modules/message/ros/devel/lib/python3/dist-packages/ros_interface/msg/_Pose.py)
Linked: (/home/meizan/workspace/athena-robot-dog/modules/message/ros/devel/.private/ros_interface/lib/python3/dist-packages/ros_interface/msg/_WheelInfo.py, /home/meizan/workspace/athena-robot-dog/modules/message/ros/devel/lib/python3/dist-packages/ros_interface/msg/_WheelInfo.py)
Linked: (/home/meizan/workspace/athena-robot-dog/modules/message/ros/devel/.private/ros_interface/lib/python3/dist-packages/ros_interface/msg/_Chassis.py, /home/meizan/workspace/athena-robot-dog/modules/message/ros/devel/lib/python3/dist-packages/ros_interface/msg/_Chassis.py)
Linked: (/home/meizan/workspace/athena-robot-dog/modules/message/ros/devel/.private/ros_interface/lib/python3/dist-packages/ros_interface/msg/_Point2D.py, /home/meizan/workspace/athena-robot-dog/modules/message/ros/devel/lib/python3/dist-packages/ros_interface/msg/_Point2D.py)
Linked: (/home/meizan/workspace/athena-robot-dog/modules/message/ros/devel/.private/ros_interface/lib/python3/dist-packages/ros_interface/msg/_PadMessage.py, /home/meizan/workspace/athena-robot-dog/modules/message/ros/devel/lib/python3/dist-packages/ros_interface/msg/_PadMessage.py)
Linked: (/home/meizan/workspace/athena-robot-dog/modules/message/ros/devel/.private/ros_interface/lib/python3/dist-packages/ros_interface/msg/_Grid.py, /home/meizan/workspace/athena-robot-dog/modules/message/ros/devel/lib/python3/dist-packages/ros_interface/msg/_Grid.py)
Linked: (/home/meizan/workspace/athena-robot-dog/modules/message/ros/devel/.private/ros_interface/lib/python3/dist-packages/ros_interface/msg/_VehicleParam.py, /home/meizan/workspace/athena-robot-dog/modules/message/ros/devel/lib/python3/dist-packages/ros_interface/msg/_VehicleParam.py)
Linked: (/home/meizan/workspace/athena-robot-dog/modules/message/ros/devel/.private/ros_interface/lib/python3/dist-packages/ros_interface/msg/_Message.py, /home/meizan/workspace/athena-robot-dog/modules/message/ros/devel/lib/python3/dist-packages/ros_interface/msg/_Message.py)
Linked: (/home/meizan/workspace/athena-robot-dog/modules/message/ros/devel/.private/ros_interface/lib/python3/dist-packages/ros_interface/msg/_UssParkingInfo.py, /home/meizan/workspace/athena-robot-dog/modules/message/ros/devel/lib/python3/dist-packages/ros_interface/msg/_UssParkingInfo.py)
Linked: (/home/meizan/workspace/athena-robot-dog/modules/message/ros/devel/.private/ros_interface/lib/python3/dist-packages/ros_interface/msg/_FreeSpace.py, /home/meizan/workspace/athena-robot-dog/modules/message/ros/devel/lib/python3/dist-packages/ros_interface/msg/_FreeSpace.py)
Linked: (/home/meizan/workspace/athena-robot-dog/modules/message/ros/devel/.private/ros_interface/lib/python3/dist-packages/ros_interface/msg/_DiagnosticArray.py, /home/meizan/workspace/athena-robot-dog/modules/message/ros/devel/lib/python3/dist-packages/ros_interface/msg/_DiagnosticArray.py)
Linked: (/home/meizan/workspace/athena-robot-dog/modules/message/ros/devel/.private/ros_interface/lib/python3/dist-packages/ros_interface/msg/_HMIDiagnosticStatus.py, /home/meizan/workspace/athena-robot-dog/modules/message/ros/devel/lib/python3/dist-packages/ros_interface/msg/_HMIDiagnosticStatus.py)
Linked: (/home/meizan/workspace/athena-robot-dog/modules/message/ros/devel/.private/ros_interface/lib/python3/dist-packages/ros_interface/msg/_Header.py, /home/meizan/workspace/athena-robot-dog/modules/message/ros/devel/lib/python3/dist-packages/ros_interface/msg/_Header.py)
Linked: (/home/meizan/workspace/athena-robot-dog/modules/message/ros/devel/.private/ros_interface/lib/python3/dist-packages/ros_interface/msg/_ModuleStatus.py, /home/meizan/workspace/athena-robot-dog/modules/message/ros/devel/lib/python3/dist-packages/ros_interface/msg/_ModuleStatus.py)
Linked: (/home/meizan/workspace/athena-robot-dog/modules/message/ros/devel/.private/ros_interface/lib/python3/dist-packages/ros_interface/msg/_Point3D.py, /home/meizan/workspace/athena-robot-dog/modules/message/ros/devel/lib/python3/dist-packages/ros_interface/msg/_Point3D.py)
Linked: (/home/meizan/workspace/athena-robot-dog/modules/message/ros/devel/.private/ros_interface/lib/python3/dist-packages/ros_interface/msg/_DiagnosticStatus.py, /home/meizan/workspace/athena-robot-dog/modules/message/ros/devel/lib/python3/dist-packages/ros_interface/msg/_DiagnosticStatus.py)
Linked: (/home/meizan/workspace/athena-robot-dog/modules/message/ros/devel/.private/ros_interface/lib/python3/dist-packages/ros_interface/msg/_Log.py, /home/meizan/workspace/athena-robot-dog/modules/message/ros/devel/lib/python3/dist-packages/ros_interface/msg/_Log.py)
Linked: (/home/meizan/workspace/athena-robot-dog/modules/message/ros/devel/.private/ros_interface/lib/python3/dist-packages/ros_interface/msg/_PlanningAnalysis.py, /home/meizan/workspace/athena-robot-dog/modules/message/ros/devel/lib/python3/dist-packages/ros_interface/msg/_PlanningAnalysis.py)
Linked: (/home/meizan/workspace/athena-robot-dog/modules/message/ros/devel/.private/ros_interface/lib/python3/dist-packages/ros_interface/msg/_TrafficLightBox.py, /home/meizan/workspace/athena-robot-dog/modules/message/ros/devel/lib/python3/dist-packages/ros_interface/msg/_TrafficLightBox.py)
Linked: (/home/meizan/workspace/athena-robot-dog/modules/message/ros/devel/.private/ros_interface/lib/python3/dist-packages/ros_interface/msg/_CommCommand.py, /home/meizan/workspace/athena-robot-dog/modules/message/ros/devel/lib/python3/dist-packages/ros_interface/msg/_CommCommand.py)
Linked: (/home/meizan/workspace/athena-robot-dog/modules/message/ros/devel/.private/ros_interface/lib/python3/dist-packages/ros_interface/msg/_Image.py, /home/meizan/workspace/athena-robot-dog/modules/message/ros/devel/lib/python3/dist-packages/ros_interface/msg/_Image.py)
Linked: (/home/meizan/workspace/athena-robot-dog/modules/message/ros/devel/.private/ros_interface/lib/python3/dist-packages/ros_interface/msg/_ParkingStateDisplay.py, /home/meizan/workspace/athena-robot-dog/modules/message/ros/devel/lib/python3/dist-packages/ros_interface/msg/_ParkingStateDisplay.py)
Linked: (/home/meizan/workspace/athena-robot-dog/modules/message/ros/devel/.private/ros_interface/lib/python3/dist-packages/ros_interface/msg/_TrajectoryPointInPrediction.py, /home/meizan/workspace/athena-robot-dog/modules/message/ros/devel/lib/python3/dist-packages/ros_interface/msg/_TrajectoryPointInPrediction.py)
Linked: (/home/meizan/workspace/athena-robot-dog/modules/message/ros/devel/.private/ros_interface/lib/python3/dist-packages/ros_interface/msg/_TrafficEvents.py, /home/meizan/workspace/athena-robot-dog/modules/message/ros/devel/lib/python3/dist-packages/ros_interface/msg/_TrafficEvents.py)
Linked: (/home/meizan/workspace/athena-robot-dog/modules/message/ros/devel/.private/ros_interface/lib/python3/dist-packages/ros_interface/msg/_Stories.py, /home/meizan/workspace/athena-robot-dog/modules/message/ros/devel/lib/python3/dist-packages/ros_interface/msg/_Stories.py)
Linked: (/home/meizan/workspace/athena-robot-dog/modules/message/ros/devel/.private/ros_interface/lib/python3/dist-packages/ros_interface/msg/_SLPoint.py, /home/meizan/workspace/athena-robot-dog/modules/message/ros/devel/lib/python3/dist-packages/ros_interface/msg/_SLPoint.py)
Linked: (/home/meizan/workspace/athena-robot-dog/modules/message/ros/devel/.private/ros_interface/lib/python3/dist-packages/ros_interface/msg/_LaneletInfo.py, /home/meizan/workspace/athena-robot-dog/modules/message/ros/devel/lib/python3/dist-packages/ros_interface/msg/_LaneletInfo.py)
Linked: (/home/meizan/workspace/athena-robot-dog/modules/message/ros/devel/.private/ros_interface/lib/python3/dist-packages/ros_interface/msg/_ParkingRoi.py, /home/meizan/workspace/athena-robot-dog/modules/message/ros/devel/lib/python3/dist-packages/ros_interface/msg/_ParkingRoi.py)
Linked: (/home/meizan/workspace/athena-robot-dog/modules/message/ros/devel/.private/ros_interface/lib/python3/dist-packages/ros_interface/msg/_HolisticPathPrediction.py, /home/meizan/workspace/athena-robot-dog/modules/message/ros/devel/lib/python3/dist-packages/ros_interface/msg/_HolisticPathPrediction.py)
Linked: (/home/meizan/workspace/athena-robot-dog/modules/message/ros/devel/.private/ros_interface/lib/python3/dist-packages/ros_interface/msg/_LimitSpeedInfo.py, /home/meizan/workspace/athena-robot-dog/modules/message/ros/devel/lib/python3/dist-packages/ros_interface/msg/_LimitSpeedInfo.py)
Linked: (/home/meizan/workspace/athena-robot-dog/modules/message/ros/devel/.private/ros_interface/lib/python3/dist-packages/ros_interface/msg/_HMIObstacleList.py, /home/meizan/workspace/athena-robot-dog/modules/message/ros/devel/lib/python3/dist-packages/ros_interface/msg/_HMIObstacleList.py)
Linked: (/home/meizan/workspace/athena-robot-dog/modules/message/ros/devel/.private/ros_interface/lib/python3/dist-packages/ros_interface/msg/_RadarStateError.py, /home/meizan/workspace/athena-robot-dog/modules/message/ros/devel/lib/python3/dist-packages/ros_interface/msg/_RadarStateError.py)
Linked: (/home/meizan/workspace/athena-robot-dog/modules/message/ros/devel/.private/ros_interface/lib/python3/dist-packages/ros_interface/msg/_ControlAnalysis.py, /home/meizan/workspace/athena-robot-dog/modules/message/ros/devel/lib/python3/dist-packages/ros_interface/msg/_ControlAnalysis.py)
Linked: (/home/meizan/workspace/athena-robot-dog/modules/message/ros/devel/.private/ros_interface/lib/python3/dist-packages/ros_interface/msg/_LaneInfo.py, /home/meizan/workspace/athena-robot-dog/modules/message/ros/devel/lib/python3/dist-packages/ros_interface/msg/_LaneInfo.py)
Linked: (/home/meizan/workspace/athena-robot-dog/modules/message/ros/devel/.private/ros_interface/lib/python3/dist-packages/ros_interface/msg/_EStop.py, /home/meizan/workspace/athena-robot-dog/modules/message/ros/devel/lib/python3/dist-packages/ros_interface/msg/_EStop.py)
Linked: (/home/meizan/workspace/athena-robot-dog/modules/message/ros/devel/.private/ros_interface/lib/python3/dist-packages/ros_interface/msg/_ObstacleFeature.py, /home/meizan/workspace/athena-robot-dog/modules/message/ros/devel/lib/python3/dist-packages/ros_interface/msg/_ObstacleFeature.py)
Linked: (/home/meizan/workspace/athena-robot-dog/modules/message/ros/devel/.private/ros_interface/lib/python3/dist-packages/ros_interface/msg/_VehicleState.py, /home/meizan/workspace/athena-robot-dog/modules/message/ros/devel/lib/python3/dist-packages/ros_interface/msg/_VehicleState.py)
Linked: (/home/meizan/workspace/athena-robot-dog/modules/message/ros/devel/.private/ros_interface/lib/python3/dist-packages/ros_interface/msg/_HMIVehicleMsg.py, /home/meizan/workspace/athena-robot-dog/modules/message/ros/devel/lib/python3/dist-packages/ros_interface/msg/_HMIVehicleMsg.py)
Linked: (/home/meizan/workspace/athena-robot-dog/modules/message/ros/devel/.private/ros_interface/lib/python3/dist-packages/ros_interface/msg/_CompressedImage.py, /home/meizan/workspace/athena-robot-dog/modules/message/ros/devel/lib/python3/dist-packages/ros_interface/msg/_CompressedImage.py)
Linked: (/home/meizan/workspace/athena-robot-dog/modules/message/ros/devel/.private/ros_interface/lib/python3/dist-packages/ros_interface/msg/_VehicleMotionPoint.py, /home/meizan/workspace/athena-robot-dog/modules/message/ros/devel/lib/python3/dist-packages/ros_interface/msg/_VehicleMotionPoint.py)
Linked: (/home/meizan/workspace/athena-robot-dog/modules/message/ros/devel/.private/ros_interface/lib/python3/dist-packages/ros_interface/msg/_PointENU.py, /home/meizan/workspace/athena-robot-dog/modules/message/ros/devel/lib/python3/dist-packages/ros_interface/msg/_PointENU.py)
Linked: (/home/meizan/workspace/athena-robot-dog/modules/message/ros/devel/.private/ros_interface/lib/python3/dist-packages/ros_interface/msg/_TrafficLightMsg.py, /home/meizan/workspace/athena-robot-dog/modules/message/ros/devel/lib/python3/dist-packages/ros_interface/msg/_TrafficLightMsg.py)
Linked: (/home/meizan/workspace/athena-robot-dog/modules/message/ros/devel/.private/ros_interface/lib/python3/dist-packages/ros_interface/msg/_PerceptionObstacle.py, /home/meizan/workspace/athena-robot-dog/modules/message/ros/devel/lib/python3/dist-packages/ros_interface/msg/_PerceptionObstacle.py)
Linked: (/home/meizan/workspace/athena-robot-dog/modules/message/ros/devel/.private/ros_interface/lib/python3/dist-packages/ros_interface/msg/_Imu.py, /home/meizan/workspace/athena-robot-dog/modules/message/ros/devel/lib/python3/dist-packages/ros_interface/msg/_Imu.py)
Linked: (/home/meizan/workspace/athena-robot-dog/modules/message/ros/devel/.private/ros_interface/lib/python3/dist-packages/ros_interface/msg/_Command.py, /home/meizan/workspace/athena-robot-dog/modules/message/ros/devel/lib/python3/dist-packages/ros_interface/msg/_Command.py)
Linked: (/home/meizan/workspace/athena-robot-dog/modules/message/ros/devel/.private/ros_interface/lib/python3/dist-packages/ros_interface/msg/_CameraParkingInfoList.py, /home/meizan/workspace/athena-robot-dog/modules/message/ros/devel/lib/python3/dist-packages/ros_interface/msg/_CameraParkingInfoList.py)
Linked: (/home/meizan/workspace/athena-robot-dog/modules/message/ros/devel/.private/ros_interface/lib/python3/dist-packages/ros_interface/msg/_TrajectoryPoint.py, /home/meizan/workspace/athena-robot-dog/modules/message/ros/devel/lib/python3/dist-packages/ros_interface/msg/_TrajectoryPoint.py)
Linked: (/home/meizan/workspace/athena-robot-dog/modules/message/ros/devel/.private/ros_interface/lib/python3/dist-packages/ros_interface/msg/_LaneList.py, /home/meizan/workspace/athena-robot-dog/modules/message/ros/devel/lib/python3/dist-packages/ros_interface/msg/_LaneList.py)
Linked: (/home/meizan/workspace/athena-robot-dog/modules/message/ros/devel/.private/ros_interface/lib/python3/dist-packages/ros_interface/msg/_KeyPoint.py, /home/meizan/workspace/athena-robot-dog/modules/message/ros/devel/lib/python3/dist-packages/ros_interface/msg/_KeyPoint.py)
Linked: (/home/meizan/workspace/athena-robot-dog/modules/message/ros/devel/.private/ros_interface/lib/python3/dist-packages/ros_interface/msg/_TrajectoryInPrediction.py, /home/meizan/workspace/athena-robot-dog/modules/message/ros/devel/lib/python3/dist-packages/ros_interface/msg/_TrajectoryInPrediction.py)
Linked: (/home/meizan/workspace/athena-robot-dog/modules/message/ros/devel/.private/ros_interface/lib/python3/dist-packages/ros_interface/msg/_PredictionObstacle.py, /home/meizan/workspace/athena-robot-dog/modules/message/ros/devel/lib/python3/dist-packages/ros_interface/msg/_PredictionObstacle.py)
Linked: (/home/meizan/workspace/athena-robot-dog/modules/message/ros/devel/.private/ros_interface/lib/python3/dist-packages/ros_interface/msg/_Fault.py, /home/meizan/workspace/athena-robot-dog/modules/message/ros/devel/lib/python3/dist-packages/ros_interface/msg/_Fault.py)
Linked: (/home/meizan/workspace/athena-robot-dog/modules/message/ros/devel/.private/ros_interface/lib/python3/dist-packages/ros_interface/msg/_Ultrasonic.py, /home/meizan/workspace/athena-robot-dog/modules/message/ros/devel/lib/python3/dist-packages/ros_interface/msg/_Ultrasonic.py)
Linked: (/home/meizan/workspace/athena-robot-dog/modules/message/ros/devel/.private/ros_interface/lib/python3/dist-packages/ros_interface/msg/_KeyValues.py, /home/meizan/workspace/athena-robot-dog/modules/message/ros/devel/lib/python3/dist-packages/ros_interface/msg/_KeyValues.py)
Linked: (/home/meizan/workspace/athena-robot-dog/modules/message/ros/devel/.private/ros_interface/lib/python3/dist-packages/ros_interface/msg/_PredictionObstacles.py, /home/meizan/workspace/athena-robot-dog/modules/message/ros/devel/lib/python3/dist-packages/ros_interface/msg/_PredictionObstacles.py)
Linked: (/home/meizan/workspace/athena-robot-dog/modules/message/ros/devel/.private/ros_interface/lib/python3/dist-packages/ros_interface/msg/_SpeedPoint.py, /home/meizan/workspace/athena-robot-dog/modules/message/ros/devel/lib/python3/dist-packages/ros_interface/msg/_SpeedPoint.py)
Linked: (/home/meizan/workspace/athena-robot-dog/modules/message/ros/devel/.private/ros_interface/lib/python3/dist-packages/ros_interface/msg/_Faults.py, /home/meizan/workspace/athena-robot-dog/modules/message/ros/devel/lib/python3/dist-packages/ros_interface/msg/_Faults.py)
Linked: (/home/meizan/workspace/athena-robot-dog/modules/message/ros/devel/.private/ros_interface/lib/python3/dist-packages/ros_interface/msg/_HMIObstacle.py, /home/meizan/workspace/athena-robot-dog/modules/message/ros/devel/lib/python3/dist-packages/ros_interface/msg/_HMIObstacle.py)
Linked: (/home/meizan/workspace/athena-robot-dog/modules/message/ros/devel/.private/ros_interface/lib/python3/dist-packages/ros_interface/msg/_SLBoundary.py, /home/meizan/workspace/athena-robot-dog/modules/message/ros/devel/lib/python3/dist-packages/ros_interface/msg/_SLBoundary.py)
Linked: (/home/meizan/workspace/athena-robot-dog/modules/message/ros/devel/.private/ros_interface/lib/python3/dist-packages/ros_interface/msg/_CameraParkingStopper.py, /home/meizan/workspace/athena-robot-dog/modules/message/ros/devel/lib/python3/dist-packages/ros_interface/msg/_CameraParkingStopper.py)
Linked: (/home/meizan/workspace/athena-robot-dog/modules/message/ros/devel/.private/ros_interface/lib/python3/dist-packages/ros_interface/msg/_RadarState.py, /home/meizan/workspace/athena-robot-dog/modules/message/ros/devel/lib/python3/dist-packages/ros_interface/msg/_RadarState.py)
Linked: (/home/meizan/workspace/athena-robot-dog/modules/message/ros/devel/.private/ros_interface/lib/python3/dist-packages/ros_interface/msg/_EndPoints.py, /home/meizan/workspace/athena-robot-dog/modules/message/ros/devel/lib/python3/dist-packages/ros_interface/msg/_EndPoints.py)
Linked: (/home/meizan/workspace/athena-robot-dog/modules/message/ros/devel/.private/ros_interface/lib/python3/dist-packages/ros_interface/msg/_TrajectoryArray.py, /home/meizan/workspace/athena-robot-dog/modules/message/ros/devel/lib/python3/dist-packages/ros_interface/msg/_TrajectoryArray.py)
Linked: (/home/meizan/workspace/athena-robot-dog/modules/message/ros/devel/.private/ros_interface/lib/python3/dist-packages/ros_interface/msg/_Polygon2D.py, /home/meizan/workspace/athena-robot-dog/modules/message/ros/devel/lib/python3/dist-packages/ros_interface/msg/_Polygon2D.py)
Linked: (/home/meizan/workspace/athena-robot-dog/modules/message/ros/devel/.private/ros_interface/lib/python3/dist-packages/ros_interface/msg/_Events.py, /home/meizan/workspace/athena-robot-dog/modules/message/ros/devel/lib/python3/dist-packages/ros_interface/msg/_Events.py)
Linked: (/home/meizan/workspace/athena-robot-dog/modules/message/ros/devel/.private/ros_interface/lib/python3/dist-packages/ros_interface/msg/_ImageKeyPoint.py, /home/meizan/workspace/athena-robot-dog/modules/message/ros/devel/lib/python3/dist-packages/ros_interface/msg/_ImageKeyPoint.py)
Linked: (/home/meizan/workspace/athena-robot-dog/modules/message/ros/devel/.private/ros_interface/lib/python3/dist-packages/ros_interface/msg/_Odometry.py, /home/meizan/workspace/athena-robot-dog/modules/message/ros/devel/lib/python3/dist-packages/ros_interface/msg/_Odometry.py)
Linked: (/home/meizan/workspace/athena-robot-dog/modules/message/ros/devel/.private/ros_interface/lib/python3/dist-packages/ros_interface/msg/_PointBasic.py, /home/meizan/workspace/athena-robot-dog/modules/message/ros/devel/lib/python3/dist-packages/ros_interface/msg/_PointBasic.py)
Linked: (/home/meizan/workspace/athena-robot-dog/modules/message/ros/devel/.private/ros_interface/lib/python3/dist-packages/ros_interface/msg/_GuideRoad.py, /home/meizan/workspace/athena-robot-dog/modules/message/ros/devel/lib/python3/dist-packages/ros_interface/msg/_GuideRoad.py)
Linked: (/home/meizan/workspace/athena-robot-dog/modules/message/ros/devel/.private/ros_interface/lib/python3/dist-packages/ros_interface/msg/_WLConstraintInfoList.py, /home/meizan/workspace/athena-robot-dog/modules/message/ros/devel/lib/python3/dist-packages/ros_interface/msg/_WLConstraintInfoList.py)
Linked: (/home/meizan/workspace/athena-robot-dog/modules/message/ros/devel/.private/ros_interface/lib/python3/dist-packages/ros_interface/msg/_PointXYZIRT.py, /home/meizan/workspace/athena-robot-dog/modules/message/ros/devel/lib/python3/dist-packages/ros_interface/msg/_PointXYZIRT.py)
Linked: (/home/meizan/workspace/athena-robot-dog/modules/message/ros/devel/.private/ros_interface/lib/python3/dist-packages/ros_interface/msg/_Pavementype.py, /home/meizan/workspace/athena-robot-dog/modules/message/ros/devel/lib/python3/dist-packages/ros_interface/msg/_Pavementype.py)
Linked: (/home/meizan/workspace/athena-robot-dog/modules/message/ros/devel/.private/ros_interface/lib/python3/dist-packages/ros_interface/msg/_Ins.py, /home/meizan/workspace/athena-robot-dog/modules/message/ros/devel/lib/python3/dist-packages/ros_interface/msg/_Ins.py)
Linked: (/home/meizan/workspace/athena-robot-dog/modules/message/ros/devel/.private/ros_interface/lib/python3/dist-packages/ros_interface/msg/_GlobalRouteMsg.py, /home/meizan/workspace/athena-robot-dog/modules/message/ros/devel/lib/python3/dist-packages/ros_interface/msg/_GlobalRouteMsg.py)
Linked: (/home/meizan/workspace/athena-robot-dog/modules/message/ros/devel/.private/ros_interface/lib/python3/dist-packages/ros_interface/msg/_CommandRespond.py, /home/meizan/workspace/athena-robot-dog/modules/message/ros/devel/lib/python3/dist-packages/ros_interface/msg/_CommandRespond.py)
Linked: (/home/meizan/workspace/athena-robot-dog/modules/message/ros/devel/.private/ros_interface/lib/python3/dist-packages/ros_interface/msg/_ObuCmdMsg.py, /home/meizan/workspace/athena-robot-dog/modules/message/ros/devel/lib/python3/dist-packages/ros_interface/msg/_ObuCmdMsg.py)
Linked: (/home/meizan/workspace/athena-robot-dog/modules/message/ros/devel/.private/ros_interface/lib/python3/dist-packages/ros_interface/msg/_FrenetFramePoint.py, /home/meizan/workspace/athena-robot-dog/modules/message/ros/devel/lib/python3/dist-packages/ros_interface/msg/_FrenetFramePoint.py)
Linked: (/home/meizan/workspace/athena-robot-dog/modules/message/ros/devel/.private/ros_interface/lib/python3/dist-packages/ros_interface/msg/_HMIObuCmd.py, /home/meizan/workspace/athena-robot-dog/modules/message/ros/devel/lib/python3/dist-packages/ros_interface/msg/_HMIObuCmd.py)
Linked: (/home/meizan/workspace/athena-robot-dog/modules/message/ros/devel/.private/ros_interface/lib/python3/dist-packages/ros_interface/msg/_Uncertainty.py, /home/meizan/workspace/athena-robot-dog/modules/message/ros/devel/lib/python3/dist-packages/ros_interface/msg/_Uncertainty.py)
Linked: (/home/meizan/workspace/athena-robot-dog/modules/message/ros/devel/.private/ros_interface/lib/python3/dist-packages/ros_interface/msg/_UltrasonicObstacle.py, /home/meizan/workspace/athena-robot-dog/modules/message/ros/devel/lib/python3/dist-packages/ros_interface/msg/_UltrasonicObstacle.py)
Linked: (/home/meizan/workspace/athena-robot-dog/modules/message/ros/devel/.private/ros_interface/lib/python3/dist-packages/ros_interface/msg/_ADCTrajectory.py, /home/meizan/workspace/athena-robot-dog/modules/message/ros/devel/lib/python3/dist-packages/ros_interface/msg/_ADCTrajectory.py)
Linked: (/home/meizan/workspace/athena-robot-dog/modules/message/ros/devel/.private/ros_interface/lib/python3/dist-packages/ros_interface/msg/_Trajectory.py, /home/meizan/workspace/athena-robot-dog/modules/message/ros/devel/lib/python3/dist-packages/ros_interface/msg/_Trajectory.py)
Linked: (/home/meizan/workspace/athena-robot-dog/modules/message/ros/devel/.private/ros_interface/lib/python3/dist-packages/ros_interface/msg/_ObstacleInteractiveTag.py, /home/meizan/workspace/athena-robot-dog/modules/message/ros/devel/lib/python3/dist-packages/ros_interface/msg/_ObstacleInteractiveTag.py)
Linked: (/home/meizan/workspace/athena-robot-dog/modules/message/ros/devel/.private/ros_interface/lib/python3/dist-packages/ros_interface/msg/_RouteFusionInfo.py, /home/meizan/workspace/athena-robot-dog/modules/message/ros/devel/lib/python3/dist-packages/ros_interface/msg/_RouteFusionInfo.py)
Linked: (/home/meizan/workspace/athena-robot-dog/modules/message/ros/devel/.private/ros_interface/lib/python3/dist-packages/ros_interface/msg/_Event.py, /home/meizan/workspace/athena-robot-dog/modules/message/ros/devel/lib/python3/dist-packages/ros_interface/msg/_Event.py)
Linked: (/home/meizan/workspace/athena-robot-dog/modules/message/ros/devel/.private/ros_interface/lib/python3/dist-packages/ros_interface/msg/_WLConstraintInfo.py, /home/meizan/workspace/athena-robot-dog/modules/message/ros/devel/lib/python3/dist-packages/ros_interface/msg/_WLConstraintInfo.py)
Linked: (/home/meizan/workspace/athena-robot-dog/modules/message/ros/devel/.private/ros_interface/lib/python3/dist-packages/ros_interface/msg/_WarningCommand.py, /home/meizan/workspace/athena-robot-dog/modules/message/ros/devel/lib/python3/dist-packages/ros_interface/msg/_WarningCommand.py)
Linked: (/home/meizan/workspace/athena-robot-dog/modules/message/ros/devel/.private/ros_interface/lib/python3/dist-packages/ros_interface/msg/_UssObstacleList.py, /home/meizan/workspace/athena-robot-dog/modules/message/ros/devel/lib/python3/dist-packages/ros_interface/msg/_UssObstacleList.py)
Linked: (/home/meizan/workspace/athena-robot-dog/modules/message/ros/devel/.private/ros_interface/lib/python3/dist-packages/ros_interface/msg/_JunctionInfo.py, /home/meizan/workspace/athena-robot-dog/modules/message/ros/devel/lib/python3/dist-packages/ros_interface/msg/_JunctionInfo.py)
Linked: (/home/meizan/workspace/athena-robot-dog/modules/message/ros/devel/.private/ros_interface/lib/python3/dist-packages/ros_interface/msg/_HMIParkingStateDisplay.py, /home/meizan/workspace/athena-robot-dog/modules/message/ros/devel/lib/python3/dist-packages/ros_interface/msg/_HMIParkingStateDisplay.py)
Linked: (/home/meizan/workspace/athena-robot-dog/modules/message/ros/devel/.private/ros_interface/lib/python3/dist-packages/ros_interface/msg/_PredictionTrajectoryPoint.py, /home/meizan/workspace/athena-robot-dog/modules/message/ros/devel/lib/python3/dist-packages/ros_interface/msg/_PredictionTrajectoryPoint.py)
Linked: (/home/meizan/workspace/athena-robot-dog/modules/message/ros/devel/.private/ros_interface/lib/python3/dist-packages/ros_interface/msg/_VehicleMotion.py, /home/meizan/workspace/athena-robot-dog/modules/message/ros/devel/lib/python3/dist-packages/ros_interface/msg/_VehicleMotion.py)
Linked: (/home/meizan/workspace/athena-robot-dog/modules/message/ros/devel/.private/ros_interface/lib/python3/dist-packages/ros_interface/msg/_ParkingStopper.py, /home/meizan/workspace/athena-robot-dog/modules/message/ros/devel/lib/python3/dist-packages/ros_interface/msg/_ParkingStopper.py)
Linked: (/home/meizan/workspace/athena-robot-dog/modules/message/ros/devel/.private/ros_interface/lib/python3/dist-packages/ros_interface/msg/_TrafficLight.py, /home/meizan/workspace/athena-robot-dog/modules/message/ros/devel/lib/python3/dist-packages/ros_interface/msg/_TrafficLight.py)
Linked: (/home/meizan/workspace/athena-robot-dog/modules/message/ros/devel/.private/ros_interface/lib/python3/dist-packages/ros_interface/msg/_BBox2D.py, /home/meizan/workspace/athena-robot-dog/modules/message/ros/devel/lib/python3/dist-packages/ros_interface/msg/_BBox2D.py)
Linked: (/home/meizan/workspace/athena-robot-dog/modules/message/ros/devel/.private/ros_interface/lib/python3/dist-packages/ros_interface/msg/_ObuCmd.py, /home/meizan/workspace/athena-robot-dog/modules/message/ros/devel/lib/python3/dist-packages/ros_interface/msg/_ObuCmd.py)
Linked: (/home/meizan/workspace/athena-robot-dog/modules/message/ros/devel/.private/ros_interface/lib/python3/dist-packages/ros_interface/msg/_LaneLineCubicCurve.py, /home/meizan/workspace/athena-robot-dog/modules/message/ros/devel/lib/python3/dist-packages/ros_interface/msg/_LaneLineCubicCurve.py)
Linked: (/home/meizan/workspace/athena-robot-dog/modules/message/ros/devel/.private/ros_interface/lib/python3/dist-packages/ros_interface/msg/_Path.py, /home/meizan/workspace/athena-robot-dog/modules/message/ros/devel/lib/python3/dist-packages/ros_interface/msg/_Path.py)
Linked: (/home/meizan/workspace/athena-robot-dog/modules/message/ros/devel/.private/ros_interface/lib/pkgconfig/ros_interface.pc, /home/meizan/workspace/athena-robot-dog/modules/message/ros/devel/lib/pkgconfig/ros_interface.pc)
