[0.000000] (-) TimerEvent: {}
[0.000298] (-) JobUnselected: {'identifier': 'ros2_interface'}
[0.000408] (perception_msgs) JobQueued: {'identifier': 'perception_msgs', 'dependencies': OrderedDict()}
[0.000444] (perception_msgs) JobStarted: {'identifier': 'perception_msgs'}
[0.008722] (perception_msgs) JobProgress: {'identifier': 'perception_msgs', 'progress': 'cmake'}
[0.009230] (perception_msgs) Command: {'cmd': ['/home/meizan/Qt/Tools/CMake/bin/cmake', '/home/meizan/workspace/athena-robot-dog/modules/message/ros2/src/athena/perception_msgs', '-DCMAKE_INSTALL_PREFIX=/home/meizan/workspace/athena-robot-dog/modules/message/ros2/install/perception_msgs'], 'cwd': '/home/meizan/workspace/athena-robot-dog/modules/message/ros2/build/perception_msgs', 'env': OrderedDict([('LESSOPEN', '| /usr/bin/lesspipe %s'), ('LANGUAGE', 'zh_CN:en_US:en'), ('USER', 'meizan'), ('SSH_CLIENT', '192.168.2.173 58589 22'), ('LC_TIME', 'zh_CN.UTF-8'), ('XDG_SESSION_TYPE', 'tty'), ('GIT_ASKPASS', '/home/meizan/.vscode-server/cli/servers/Stable-4949701c880d4bdb949e3c0e6b400288da7f474b/server/extensions/git/dist/askpass.sh'), ('SHLVL', '1'), ('LD_LIBRARY_PATH', '/home/meizan/workspace/athena-robot-dog/modules/message/ros2/install/perception_msgs/lib:/home/meizan/workspace/athena-robot-dog/modules/message/ros2/install/perception_msg/lib:/opt/ros/foxy/opt/yaml_cpp_vendor/lib:/opt/ros/foxy/opt/rviz_ogre_vendor/lib:/opt/ros/foxy/lib/x86_64-linux-gnu:/opt/ros/foxy/lib:/home/zzy/third_party/x64/lib/boost:/home/zzy/third_party/x64/lib/boost:'), ('BROWSER', '/home/meizan/.vscode-server/cli/servers/Stable-4949701c880d4bdb949e3c0e6b400288da7f474b/server/bin/helpers/browser.sh'), ('MOTD_SHOWN', 'pam'), ('HOME', '/home/meizan'), ('OLDPWD', '/home/meizan/workspace/athena-robot-dog/modules'), ('TERM_PROGRAM_VERSION', '1.99.2'), ('VSCODE_IPC_HOOK_CLI', '/run/user/1000/vscode-ipc-fb8fced2-2ee6-42f9-a705-72755f633a03.sock'), ('ROS_PYTHON_VERSION', '3'), ('VSCODE_GIT_ASKPASS_MAIN', '/home/meizan/.vscode-server/cli/servers/Stable-4949701c880d4bdb949e3c0e6b400288da7f474b/server/extensions/git/dist/askpass-main.js'), ('LC_MONETARY', 'zh_CN.UTF-8'), ('VSCODE_GIT_ASKPASS_NODE', '/home/meizan/.vscode-server/cli/servers/Stable-4949701c880d4bdb949e3c0e6b400288da7f474b/server/node'), ('SSL_CERT_FILE', '/usr/lib/ssl/certs/ca-certificates.crt'), ('DBUS_SESSION_BUS_ADDRESS', 'unix:path=/run/user/1000/bus'), ('COLORTERM', 'truecolor'), ('COLCON_PREFIX_PATH', '/home/meizan/workspace/athena-robot-dog/modules/message/ros2/install'), ('ROS_DISTRO', 'foxy'), ('LOGNAME', 'meizan'), ('_', '/usr/bin/colcon'), ('ROS_VERSION', '2'), ('XDG_SESSION_CLASS', 'user'), ('TERM', 'xterm-256color'), ('XDG_SESSION_ID', '902'), ('ROS_LOCALHOST_ONLY', '0'), ('PATH', '/opt/ros/foxy/bin:/home/meizan/Qt/6.5.3/gcc_64/bin:/home/meizan/Qt/Tools/CMake/bin:/home/meizan/.vscode-server/cli/servers/Stable-4949701c880d4bdb949e3c0e6b400288da7f474b/server/bin/remote-cli:/home/meizan/.local/bin:/home/meizan/bin:/home/meizan/Qt/6.5.3/gcc_64/bin:/home/meizan/Qt/Tools/CMake/bin:/usr/local/sbin:/usr/local/bin:/usr/sbin:/usr/bin:/sbin:/bin:/usr/games:/usr/local/games:/snap/bin:/home/zzy/.fishros/bin/:/opt/nodejs/node-v18.12.1-linux-x64/bin/:/home/zzy/.fishros/bin/:/opt/nodejs/node-v18.12.1-linux-x64/bin/'), ('PAPERSIZE', 'a4'), ('LC_ADDRESS', 'zh_CN.UTF-8'), ('XDG_RUNTIME_DIR', '/run/user/1000'), ('SSL_CERT_DIR', '/usr/lib/ssl/certs'), ('LANG', 'zh_CN.UTF-8'), ('LC_TELEPHONE', 'zh_CN.UTF-8'), ('LS_COLORS', 'rs=0:di=01;34:ln=01;36:mh=00:pi=40;33:so=01;35:do=01;35:bd=40;33;01:cd=40;33;01:or=40;31;01:mi=00:su=37;41:sg=30;43:ca=30;41:tw=30;42:ow=34;42:st=37;44:ex=01;32:*.tar=01;31:*.tgz=01;31:*.arc=01;31:*.arj=01;31:*.taz=01;31:*.lha=01;31:*.lz4=01;31:*.lzh=01;31:*.lzma=01;31:*.tlz=01;31:*.txz=01;31:*.tzo=01;31:*.t7z=01;31:*.zip=01;31:*.z=01;31:*.dz=01;31:*.gz=01;31:*.lrz=01;31:*.lz=01;31:*.lzo=01;31:*.xz=01;31:*.zst=01;31:*.tzst=01;31:*.bz2=01;31:*.bz=01;31:*.tbz=01;31:*.tbz2=01;31:*.tz=01;31:*.deb=01;31:*.rpm=01;31:*.jar=01;31:*.war=01;31:*.ear=01;31:*.sar=01;31:*.rar=01;31:*.alz=01;31:*.ace=01;31:*.zoo=01;31:*.cpio=01;31:*.7z=01;31:*.rz=01;31:*.cab=01;31:*.wim=01;31:*.swm=01;31:*.dwm=01;31:*.esd=01;31:*.jpg=01;35:*.jpeg=01;35:*.mjpg=01;35:*.mjpeg=01;35:*.gif=01;35:*.bmp=01;35:*.pbm=01;35:*.pgm=01;35:*.ppm=01;35:*.tga=01;35:*.xbm=01;35:*.xpm=01;35:*.tif=01;35:*.tiff=01;35:*.png=01;35:*.svg=01;35:*.svgz=01;35:*.mng=01;35:*.pcx=01;35:*.mov=01;35:*.mpg=01;35:*.mpeg=01;35:*.m2v=01;35:*.mkv=01;35:*.webm=01;35:*.ogm=01;35:*.mp4=01;35:*.m4v=01;35:*.mp4v=01;35:*.vob=01;35:*.qt=01;35:*.nuv=01;35:*.wmv=01;35:*.asf=01;35:*.rm=01;35:*.rmvb=01;35:*.flc=01;35:*.avi=01;35:*.fli=01;35:*.flv=01;35:*.gl=01;35:*.dl=01;35:*.xcf=01;35:*.xwd=01;35:*.yuv=01;35:*.cgm=01;35:*.emf=01;35:*.ogv=01;35:*.ogx=01;35:*.aac=00;36:*.au=00;36:*.flac=00;36:*.m4a=00;36:*.mid=00;36:*.midi=00;36:*.mka=00;36:*.mp3=00;36:*.mpc=00;36:*.ogg=00;36:*.ra=00;36:*.wav=00;36:*.oga=00;36:*.opus=00;36:*.spx=00;36:*.xspf=00;36:'), ('VSCODE_GIT_IPC_HANDLE', '/run/user/1000/vscode-git-1fd6bdd323.sock'), ('TERM_PROGRAM', 'vscode'), ('AMENT_PREFIX_PATH', '/home/meizan/workspace/athena-robot-dog/modules/message/ros2/install/perception_msgs:/home/meizan/workspace/athena-robot-dog/modules/message/ros2/install/perception_msg:/opt/ros/foxy'), ('SHELL', '/bin/bash'), ('LC_NAME', 'zh_CN.UTF-8'), ('ROS_MASTER_URI', 'http://localhost:11311'), ('LESSCLOSE', '/usr/bin/lesspipe %s %s'), ('LC_MEASUREMENT', 'zh_CN.UTF-8'), ('LC_IDENTIFICATION', 'zh_CN.UTF-8'), ('VSCODE_GIT_ASKPASS_EXTRA_ARGS', ''), ('PWD', '/home/meizan/workspace/athena-robot-dog/modules/message/ros2/build/perception_msgs'), ('LC_ALL', 'en_US.UTF-8'), ('GEMINI_API_KEY', 'AIzaSyBkdyupdpVhL7Dd9iWMim7KX0N3CkFMDio'), ('SSH_CONNECTION', '192.168.2.173 58589 192.168.2.181 22'), ('XDG_DATA_DIRS', '/usr/local/share:/usr/share:/var/lib/snapd/desktop'), ('PYTHONPATH', '/home/meizan/workspace/athena-robot-dog/modules/message/ros2/install/perception_msgs/lib/python3.8/site-packages:/home/meizan/workspace/athena-robot-dog/modules/message/ros2/install/perception_msg/lib/python3.8/site-packages:/opt/ros/foxy/lib/python3.8/site-packages'), ('ROS_HOSTNAME', 'localhost'), ('LC_NUMERIC', 'zh_CN.UTF-8'), ('LC_PAPER', 'zh_CN.UTF-8'), ('COLCON', '1'), ('CMAKE_PREFIX_PATH', '/home/meizan/workspace/athena-robot-dog/modules/message/ros2/install/perception_msgs:/home/meizan/workspace/athena-robot-dog/modules/message/ros2/install/perception_msg:/opt/ros/foxy')]), 'shell': False}
[0.099802] (-) TimerEvent: {}
[0.109350] (perception_msgs) StdoutLine: {'line': b'-- The C compiler identification is GNU 9.4.0\n'}
[0.164662] (perception_msgs) StdoutLine: {'line': b'-- The CXX compiler identification is GNU 9.4.0\n'}
[0.173703] (perception_msgs) StdoutLine: {'line': b'-- Detecting C compiler ABI info\n'}
[0.199909] (-) TimerEvent: {}
[0.220983] (perception_msgs) StdoutLine: {'line': b'-- Detecting C compiler ABI info - done\n'}
[0.235024] (perception_msgs) StdoutLine: {'line': b'-- Check for working C compiler: /usr/bin/cc - skipped\n'}
[0.235554] (perception_msgs) StdoutLine: {'line': b'-- Detecting C compile features\n'}
[0.236134] (perception_msgs) StdoutLine: {'line': b'-- Detecting C compile features - done\n'}
[0.239920] (perception_msgs) StdoutLine: {'line': b'-- Detecting CXX compiler ABI info\n'}
[0.288338] (perception_msgs) StdoutLine: {'line': b'-- Detecting CXX compiler ABI info - done\n'}
[0.300097] (-) TimerEvent: {}
[0.309767] (perception_msgs) StdoutLine: {'line': b'-- Check for working CXX compiler: /usr/bin/c++ - skipped\n'}
[0.310190] (perception_msgs) StdoutLine: {'line': b'-- Detecting CXX compile features\n'}
[0.310960] (perception_msgs) StdoutLine: {'line': b'-- Detecting CXX compile features - done\n'}
[0.313234] (perception_msgs) StdoutLine: {'line': b'-- Found ament_cmake: 0.9.12 (/opt/ros/foxy/share/ament_cmake/cmake)\n'}
[0.315639] (perception_msgs) StderrLine: {'line': b'\x1b[33mCMake Warning (dev) at /opt/ros/foxy/share/ament_cmake_core/cmake/core/python.cmake:22 (find_package):\n'}
[0.315757] (perception_msgs) StderrLine: {'line': b'  Policy CMP0148 is not set: The FindPythonInterp and FindPythonLibs modules\n'}
[0.315810] (perception_msgs) StderrLine: {'line': b'  are removed.  Run "cmake --help-policy CMP0148" for policy details.  Use\n'}
[0.315858] (perception_msgs) StderrLine: {'line': b'  the cmake_policy command to set the policy and suppress this warning.\n'}
[0.315901] (perception_msgs) StderrLine: {'line': b'\n'}
[0.315945] (perception_msgs) StderrLine: {'line': b'Call Stack (most recent call first):\n'}
[0.315989] (perception_msgs) StderrLine: {'line': b'  /opt/ros/foxy/share/ament_cmake_core/cmake/core/all.cmake:53 (include)\n'}
[0.316032] (perception_msgs) StderrLine: {'line': b'  /opt/ros/foxy/share/ament_cmake_core/cmake/ament_cmake_core-extras.cmake:17 (include)\n'}
[0.316075] (perception_msgs) StderrLine: {'line': b'  /opt/ros/foxy/share/ament_cmake_core/cmake/ament_cmake_coreConfig.cmake:41 (include)\n'}
[0.316119] (perception_msgs) StderrLine: {'line': b'  /opt/ros/foxy/share/ament_cmake/cmake/ament_cmake_export_dependencies-extras.cmake:15 (find_package)\n'}
[0.316162] (perception_msgs) StderrLine: {'line': b'  /opt/ros/foxy/share/ament_cmake/cmake/ament_cmakeConfig.cmake:41 (include)\n'}
[0.316205] (perception_msgs) StderrLine: {'line': b'  CMakeLists.txt:19 (find_package)\n'}
[0.316247] (perception_msgs) StderrLine: {'line': b'This warning is for project developers.  Use -Wno-dev to suppress it.\n'}
[0.316294] (perception_msgs) StderrLine: {'line': b'\x1b[0m\n'}
[0.331491] (perception_msgs) StdoutLine: {'line': b'-- Found PythonInterp: /usr/bin/python3 (found suitable version "3.8.10", minimum required is "3")\n'}
[0.331640] (perception_msgs) StdoutLine: {'line': b'-- Using PYTHON_EXECUTABLE: /usr/bin/python3\n'}
[0.400186] (-) TimerEvent: {}
[0.477991] (perception_msgs) StdoutLine: {'line': b'-- Found rosidl_default_generators: 1.0.1 (/opt/ros/foxy/share/rosidl_default_generators/cmake)\n'}
[0.480451] (perception_msgs) StdoutLine: {'line': b'-- Using all available rosidl_typesupport_c: rosidl_typesupport_fastrtps_c;rosidl_typesupport_introspection_c\n'}
[0.484888] (perception_msgs) StdoutLine: {'line': b'-- Found rosidl_adapter: 1.3.1 (/opt/ros/foxy/share/rosidl_adapter/cmake)\n'}
[0.500381] (-) TimerEvent: {}
[0.556108] (perception_msgs) StdoutLine: {'line': b'-- Found OpenSSL: /usr/lib/x86_64-linux-gnu/libcrypto.so (found version "1.1.1f")\n'}
[0.579810] (perception_msgs) StdoutLine: {'line': b'-- Found FastRTPS: /opt/ros/foxy/include\n'}
[0.600593] (-) TimerEvent: {}
[0.650528] (perception_msgs) StdoutLine: {'line': b'-- Using all available rosidl_typesupport_cpp: rosidl_typesupport_fastrtps_cpp;rosidl_typesupport_introspection_cpp\n'}
[0.670506] (perception_msgs) StderrLine: {'line': b'\x1b[33mCMake Warning (dev) at /opt/ros/foxy/share/rosidl_adapter/cmake/rosidl_adapt_interfaces.cmake:40 (find_package):\n'}
[0.670692] (perception_msgs) StderrLine: {'line': b'  Policy CMP0148 is not set: The FindPythonInterp and FindPythonLibs modules\n'}
[0.670766] (perception_msgs) StderrLine: {'line': b'  are removed.  Run "cmake --help-policy CMP0148" for policy details.  Use\n'}
[0.670833] (perception_msgs) StderrLine: {'line': b'  the cmake_policy command to set the policy and suppress this warning.\n'}
[0.670898] (perception_msgs) StderrLine: {'line': b'\n'}
[0.670962] (perception_msgs) StderrLine: {'line': b'Call Stack (most recent call first):\n'}
[0.671026] (perception_msgs) StderrLine: {'line': b'  /opt/ros/foxy/share/rosidl_cmake/cmake/rosidl_generate_interfaces.cmake:130 (rosidl_adapt_interfaces)\n'}
[0.671091] (perception_msgs) StderrLine: {'line': b'  CMakeLists.txt:23 (rosidl_generate_interfaces)\n'}
[0.671154] (perception_msgs) StderrLine: {'line': b'This warning is for project developers.  Use -Wno-dev to suppress it.\n'}
[0.671219] (perception_msgs) StderrLine: {'line': b'\x1b[0m\n'}
[0.685584] (perception_msgs) StdoutLine: {'line': b'-- Found PythonInterp: /usr/bin/python3 (found version "3.8.10")\n'}
[0.700706] (-) TimerEvent: {}
[0.800983] (-) TimerEvent: {}
[0.805696] (perception_msgs) StdoutLine: {'line': b'-- Found ament_cmake_ros: 0.9.2 (/opt/ros/foxy/share/ament_cmake_ros/cmake)\n'}
[0.887380] (perception_msgs) StdoutLine: {'line': b'-- Using all available rosidl_typesupport_c: rosidl_typesupport_fastrtps_c;rosidl_typesupport_introspection_c\n'}
[0.894480] (perception_msgs) StdoutLine: {'line': b'-- Using all available rosidl_typesupport_cpp: rosidl_typesupport_fastrtps_cpp;rosidl_typesupport_introspection_cpp\n'}
[0.896504] (perception_msgs) StderrLine: {'line': b'\x1b[33mCMake Warning (dev) at /opt/ros/foxy/share/rosidl_generator_py/cmake/rosidl_generator_py_generate_interfaces.cmake:20 (find_package):\n'}
[0.896703] (perception_msgs) StderrLine: {'line': b'  Policy CMP0148 is not set: The FindPythonInterp and FindPythonLibs modules\n'}
[0.896772] (perception_msgs) StderrLine: {'line': b'  are removed.  Run "cmake --help-policy CMP0148" for policy details.  Use\n'}
[0.896829] (perception_msgs) StderrLine: {'line': b'  the cmake_policy command to set the policy and suppress this warning.\n'}
[0.896892] (perception_msgs) StderrLine: {'line': b'\n'}
[0.896937] (perception_msgs) StderrLine: {'line': b'Call Stack (most recent call first):\n'}
[0.896981] (perception_msgs) StderrLine: {'line': b'  /opt/ros/foxy/share/ament_cmake_core/cmake/core/ament_execute_extensions.cmake:48 (include)\n'}
[0.897024] (perception_msgs) StderrLine: {'line': b'  /opt/ros/foxy/share/rosidl_cmake/cmake/rosidl_generate_interfaces.cmake:286 (ament_execute_extensions)\n'}
[0.897066] (perception_msgs) StderrLine: {'line': b'  CMakeLists.txt:23 (rosidl_generate_interfaces)\n'}
[0.897109] (perception_msgs) StderrLine: {'line': b'This warning is for project developers.  Use -Wno-dev to suppress it.\n'}
[0.897151] (perception_msgs) StderrLine: {'line': b'\x1b[0m\n'}
[0.901054] (-) TimerEvent: {}
[0.912691] (perception_msgs) StdoutLine: {'line': b'-- Found PythonInterp: /usr/bin/python3 (found suitable version "3.8.10", minimum required is "3.5")\n'}
[0.914015] (perception_msgs) StdoutLine: {'line': b'-- Found python_cmake_module: 0.8.1 (/opt/ros/foxy/share/python_cmake_module/cmake)\n'}
[0.914510] (perception_msgs) StderrLine: {'line': b'\x1b[33mCMake Warning (dev) at /opt/ros/foxy/share/python_cmake_module/cmake/Modules/FindPythonExtra.cmake:45 (find_package):\n'}
[0.914673] (perception_msgs) StderrLine: {'line': b'  Policy CMP0148 is not set: The FindPythonInterp and FindPythonLibs modules\n'}
[0.914748] (perception_msgs) StderrLine: {'line': b'  are removed.  Run "cmake --help-policy CMP0148" for policy details.  Use\n'}
[0.914808] (perception_msgs) StderrLine: {'line': b'  the cmake_policy command to set the policy and suppress this warning.\n'}
[0.914865] (perception_msgs) StderrLine: {'line': b'\n'}
[0.914922] (perception_msgs) StderrLine: {'line': b'Call Stack (most recent call first):\n'}
[0.914982] (perception_msgs) StderrLine: {'line': b'  /opt/ros/foxy/share/rosidl_generator_py/cmake/rosidl_generator_py_generate_interfaces.cmake:23 (find_package)\n'}
[0.915025] (perception_msgs) StderrLine: {'line': b'  /opt/ros/foxy/share/ament_cmake_core/cmake/core/ament_execute_extensions.cmake:48 (include)\n'}
[0.915069] (perception_msgs) StderrLine: {'line': b'  /opt/ros/foxy/share/rosidl_cmake/cmake/rosidl_generate_interfaces.cmake:286 (ament_execute_extensions)\n'}
[0.915111] (perception_msgs) StderrLine: {'line': b'  CMakeLists.txt:23 (rosidl_generate_interfaces)\n'}
[0.915154] (perception_msgs) StderrLine: {'line': b'This warning is for project developers.  Use -Wno-dev to suppress it.\n'}
[0.915195] (perception_msgs) StderrLine: {'line': b'\x1b[0m\n'}
[0.930797] (perception_msgs) StderrLine: {'line': b'\x1b[33mCMake Warning (dev) at /opt/ros/foxy/share/python_cmake_module/cmake/Modules/FindPythonExtra.cmake:133 (find_package):\n'}
[0.931000] (perception_msgs) StderrLine: {'line': b'  Policy CMP0148 is not set: The FindPythonInterp and FindPythonLibs modules\n'}
[0.931078] (perception_msgs) StderrLine: {'line': b'  are removed.  Run "cmake --help-policy CMP0148" for policy details.  Use\n'}
[0.931148] (perception_msgs) StderrLine: {'line': b'  the cmake_policy command to set the policy and suppress this warning.\n'}
[0.931219] (perception_msgs) StderrLine: {'line': b'\n'}
[0.931277] (perception_msgs) StderrLine: {'line': b'Call Stack (most recent call first):\n'}
[0.931328] (perception_msgs) StderrLine: {'line': b'  /opt/ros/foxy/share/rosidl_generator_py/cmake/rosidl_generator_py_generate_interfaces.cmake:23 (find_package)\n'}
[0.931376] (perception_msgs) StderrLine: {'line': b'  /opt/ros/foxy/share/ament_cmake_core/cmake/core/ament_execute_extensions.cmake:48 (include)\n'}
[0.931419] (perception_msgs) StderrLine: {'line': b'  /opt/ros/foxy/share/rosidl_cmake/cmake/rosidl_generate_interfaces.cmake:286 (ament_execute_extensions)\n'}
[0.931466] (perception_msgs) StderrLine: {'line': b'  CMakeLists.txt:23 (rosidl_generate_interfaces)\n'}
[0.931535] (perception_msgs) StderrLine: {'line': b'This warning is for project developers.  Use -Wno-dev to suppress it.\n'}
[0.931607] (perception_msgs) StderrLine: {'line': b'\x1b[0m\n'}
[0.937262] (perception_msgs) StdoutLine: {'line': b'-- Found PythonLibs: /usr/lib/x86_64-linux-gnu/libpython3.8.so (found suitable version "3.8.10", minimum required is "3.5")\n'}
[0.937450] (perception_msgs) StdoutLine: {'line': b'-- Using PYTHON_EXECUTABLE: /usr/bin/python3\n'}
[0.937524] (perception_msgs) StdoutLine: {'line': b'-- Using PYTHON_INCLUDE_DIRS: /usr/include/python3.8\n'}
[0.937573] (perception_msgs) StdoutLine: {'line': b'-- Using PYTHON_LIBRARIES: /usr/lib/x86_64-linux-gnu/libpython3.8.so\n'}
[0.953416] (perception_msgs) StdoutLine: {'line': b'-- Found PythonExtra: .so\n'}
[0.984370] (perception_msgs) StdoutLine: {'line': b'-- Found ament_lint_auto: 0.9.8 (/opt/ros/foxy/share/ament_lint_auto/cmake)\n'}
[1.001241] (-) TimerEvent: {}
[1.004253] (perception_msgs) StdoutLine: {'line': b"-- Added test 'copyright' to check source files copyright and LICENSE\n"}
[1.006450] (perception_msgs) StdoutLine: {'line': b"-- Added test 'lint_cmake' to check CMake code style\n"}
[1.007822] (perception_msgs) StdoutLine: {'line': b"-- Added test 'xmllint' to check XML markup files\n"}
[1.010438] (perception_msgs) StdoutLine: {'line': b'-- Configuring done (1.0s)\n'}
[1.053274] (perception_msgs) StdoutLine: {'line': b'-- Generating done (0.0s)\n'}
[1.063608] (perception_msgs) StdoutLine: {'line': b'-- Build files have been written to: /home/meizan/workspace/athena-robot-dog/modules/message/ros2/build/perception_msgs\n'}
[1.069064] (perception_msgs) CommandEnded: {'returncode': 0}
[1.069567] (perception_msgs) JobProgress: {'identifier': 'perception_msgs', 'progress': 'build'}
[1.071248] (perception_msgs) Command: {'cmd': ['/home/meizan/Qt/Tools/CMake/bin/cmake', '--build', '/home/meizan/workspace/athena-robot-dog/modules/message/ros2/build/perception_msgs', '--', '-j8', '-l8'], 'cwd': '/home/meizan/workspace/athena-robot-dog/modules/message/ros2/build/perception_msgs', 'env': OrderedDict([('LESSOPEN', '| /usr/bin/lesspipe %s'), ('LANGUAGE', 'zh_CN:en_US:en'), ('USER', 'meizan'), ('SSH_CLIENT', '192.168.2.173 58589 22'), ('LC_TIME', 'zh_CN.UTF-8'), ('XDG_SESSION_TYPE', 'tty'), ('GIT_ASKPASS', '/home/meizan/.vscode-server/cli/servers/Stable-4949701c880d4bdb949e3c0e6b400288da7f474b/server/extensions/git/dist/askpass.sh'), ('SHLVL', '1'), ('LD_LIBRARY_PATH', '/home/meizan/workspace/athena-robot-dog/modules/message/ros2/install/perception_msgs/lib:/home/meizan/workspace/athena-robot-dog/modules/message/ros2/install/perception_msg/lib:/opt/ros/foxy/opt/yaml_cpp_vendor/lib:/opt/ros/foxy/opt/rviz_ogre_vendor/lib:/opt/ros/foxy/lib/x86_64-linux-gnu:/opt/ros/foxy/lib:/home/zzy/third_party/x64/lib/boost:/home/zzy/third_party/x64/lib/boost:'), ('BROWSER', '/home/meizan/.vscode-server/cli/servers/Stable-4949701c880d4bdb949e3c0e6b400288da7f474b/server/bin/helpers/browser.sh'), ('MOTD_SHOWN', 'pam'), ('HOME', '/home/meizan'), ('OLDPWD', '/home/meizan/workspace/athena-robot-dog/modules'), ('TERM_PROGRAM_VERSION', '1.99.2'), ('VSCODE_IPC_HOOK_CLI', '/run/user/1000/vscode-ipc-fb8fced2-2ee6-42f9-a705-72755f633a03.sock'), ('ROS_PYTHON_VERSION', '3'), ('VSCODE_GIT_ASKPASS_MAIN', '/home/meizan/.vscode-server/cli/servers/Stable-4949701c880d4bdb949e3c0e6b400288da7f474b/server/extensions/git/dist/askpass-main.js'), ('LC_MONETARY', 'zh_CN.UTF-8'), ('VSCODE_GIT_ASKPASS_NODE', '/home/meizan/.vscode-server/cli/servers/Stable-4949701c880d4bdb949e3c0e6b400288da7f474b/server/node'), ('SSL_CERT_FILE', '/usr/lib/ssl/certs/ca-certificates.crt'), ('DBUS_SESSION_BUS_ADDRESS', 'unix:path=/run/user/1000/bus'), ('COLORTERM', 'truecolor'), ('COLCON_PREFIX_PATH', '/home/meizan/workspace/athena-robot-dog/modules/message/ros2/install'), ('ROS_DISTRO', 'foxy'), ('LOGNAME', 'meizan'), ('_', '/usr/bin/colcon'), ('ROS_VERSION', '2'), ('XDG_SESSION_CLASS', 'user'), ('TERM', 'xterm-256color'), ('XDG_SESSION_ID', '902'), ('ROS_LOCALHOST_ONLY', '0'), ('PATH', '/opt/ros/foxy/bin:/home/meizan/Qt/6.5.3/gcc_64/bin:/home/meizan/Qt/Tools/CMake/bin:/home/meizan/.vscode-server/cli/servers/Stable-4949701c880d4bdb949e3c0e6b400288da7f474b/server/bin/remote-cli:/home/meizan/.local/bin:/home/meizan/bin:/home/meizan/Qt/6.5.3/gcc_64/bin:/home/meizan/Qt/Tools/CMake/bin:/usr/local/sbin:/usr/local/bin:/usr/sbin:/usr/bin:/sbin:/bin:/usr/games:/usr/local/games:/snap/bin:/home/zzy/.fishros/bin/:/opt/nodejs/node-v18.12.1-linux-x64/bin/:/home/zzy/.fishros/bin/:/opt/nodejs/node-v18.12.1-linux-x64/bin/'), ('PAPERSIZE', 'a4'), ('LC_ADDRESS', 'zh_CN.UTF-8'), ('XDG_RUNTIME_DIR', '/run/user/1000'), ('SSL_CERT_DIR', '/usr/lib/ssl/certs'), ('LANG', 'zh_CN.UTF-8'), ('LC_TELEPHONE', 'zh_CN.UTF-8'), ('LS_COLORS', 'rs=0:di=01;34:ln=01;36:mh=00:pi=40;33:so=01;35:do=01;35:bd=40;33;01:cd=40;33;01:or=40;31;01:mi=00:su=37;41:sg=30;43:ca=30;41:tw=30;42:ow=34;42:st=37;44:ex=01;32:*.tar=01;31:*.tgz=01;31:*.arc=01;31:*.arj=01;31:*.taz=01;31:*.lha=01;31:*.lz4=01;31:*.lzh=01;31:*.lzma=01;31:*.tlz=01;31:*.txz=01;31:*.tzo=01;31:*.t7z=01;31:*.zip=01;31:*.z=01;31:*.dz=01;31:*.gz=01;31:*.lrz=01;31:*.lz=01;31:*.lzo=01;31:*.xz=01;31:*.zst=01;31:*.tzst=01;31:*.bz2=01;31:*.bz=01;31:*.tbz=01;31:*.tbz2=01;31:*.tz=01;31:*.deb=01;31:*.rpm=01;31:*.jar=01;31:*.war=01;31:*.ear=01;31:*.sar=01;31:*.rar=01;31:*.alz=01;31:*.ace=01;31:*.zoo=01;31:*.cpio=01;31:*.7z=01;31:*.rz=01;31:*.cab=01;31:*.wim=01;31:*.swm=01;31:*.dwm=01;31:*.esd=01;31:*.jpg=01;35:*.jpeg=01;35:*.mjpg=01;35:*.mjpeg=01;35:*.gif=01;35:*.bmp=01;35:*.pbm=01;35:*.pgm=01;35:*.ppm=01;35:*.tga=01;35:*.xbm=01;35:*.xpm=01;35:*.tif=01;35:*.tiff=01;35:*.png=01;35:*.svg=01;35:*.svgz=01;35:*.mng=01;35:*.pcx=01;35:*.mov=01;35:*.mpg=01;35:*.mpeg=01;35:*.m2v=01;35:*.mkv=01;35:*.webm=01;35:*.ogm=01;35:*.mp4=01;35:*.m4v=01;35:*.mp4v=01;35:*.vob=01;35:*.qt=01;35:*.nuv=01;35:*.wmv=01;35:*.asf=01;35:*.rm=01;35:*.rmvb=01;35:*.flc=01;35:*.avi=01;35:*.fli=01;35:*.flv=01;35:*.gl=01;35:*.dl=01;35:*.xcf=01;35:*.xwd=01;35:*.yuv=01;35:*.cgm=01;35:*.emf=01;35:*.ogv=01;35:*.ogx=01;35:*.aac=00;36:*.au=00;36:*.flac=00;36:*.m4a=00;36:*.mid=00;36:*.midi=00;36:*.mka=00;36:*.mp3=00;36:*.mpc=00;36:*.ogg=00;36:*.ra=00;36:*.wav=00;36:*.oga=00;36:*.opus=00;36:*.spx=00;36:*.xspf=00;36:'), ('VSCODE_GIT_IPC_HANDLE', '/run/user/1000/vscode-git-1fd6bdd323.sock'), ('TERM_PROGRAM', 'vscode'), ('AMENT_PREFIX_PATH', '/home/meizan/workspace/athena-robot-dog/modules/message/ros2/install/perception_msgs:/home/meizan/workspace/athena-robot-dog/modules/message/ros2/install/perception_msg:/opt/ros/foxy'), ('SHELL', '/bin/bash'), ('LC_NAME', 'zh_CN.UTF-8'), ('ROS_MASTER_URI', 'http://localhost:11311'), ('LESSCLOSE', '/usr/bin/lesspipe %s %s'), ('LC_MEASUREMENT', 'zh_CN.UTF-8'), ('LC_IDENTIFICATION', 'zh_CN.UTF-8'), ('VSCODE_GIT_ASKPASS_EXTRA_ARGS', ''), ('PWD', '/home/meizan/workspace/athena-robot-dog/modules/message/ros2/build/perception_msgs'), ('LC_ALL', 'en_US.UTF-8'), ('GEMINI_API_KEY', 'AIzaSyBkdyupdpVhL7Dd9iWMim7KX0N3CkFMDio'), ('SSH_CONNECTION', '192.168.2.173 58589 192.168.2.181 22'), ('XDG_DATA_DIRS', '/usr/local/share:/usr/share:/var/lib/snapd/desktop'), ('PYTHONPATH', '/home/meizan/workspace/athena-robot-dog/modules/message/ros2/install/perception_msgs/lib/python3.8/site-packages:/home/meizan/workspace/athena-robot-dog/modules/message/ros2/install/perception_msg/lib/python3.8/site-packages:/opt/ros/foxy/lib/python3.8/site-packages'), ('ROS_HOSTNAME', 'localhost'), ('LC_NUMERIC', 'zh_CN.UTF-8'), ('LC_PAPER', 'zh_CN.UTF-8'), ('COLCON', '1'), ('CMAKE_PREFIX_PATH', '/home/meizan/workspace/athena-robot-dog/modules/message/ros2/install/perception_msgs:/home/meizan/workspace/athena-robot-dog/modules/message/ros2/install/perception_msg:/opt/ros/foxy')]), 'shell': False}
[1.084656] (perception_msgs) StdoutLine: {'line': b'[  1%] \x1b[34m\x1b[1mGenerating C code for ROS interfaces\x1b[0m\n'}
[1.087558] (perception_msgs) StdoutLine: {'line': b'[  2%] \x1b[34m\x1b[1mGenerating C++ code for ROS interfaces\x1b[0m\n'}
[1.101353] (-) TimerEvent: {}
[1.201741] (-) TimerEvent: {}
[1.302053] (-) TimerEvent: {}
[1.402423] (-) TimerEvent: {}
[1.502820] (-) TimerEvent: {}
[1.603238] (-) TimerEvent: {}
[1.703548] (-) TimerEvent: {}
[1.803936] (-) TimerEvent: {}
[1.904225] (-) TimerEvent: {}
[2.004597] (-) TimerEvent: {}
[2.025988] (perception_msgs) StdoutLine: {'line': b'[  2%] Built target perception_msgs__cpp\n'}
[2.029220] (perception_msgs) StdoutLine: {'line': b'[  5%] \x1b[34m\x1b[1mGenerating C++ introspection for ROS interfaces\x1b[0m\n'}
[2.029447] (perception_msgs) StdoutLine: {'line': b'[  5%] \x1b[34m\x1b[1mGenerating C++ type support dispatch for ROS interfaces\x1b[0m\n'}
[2.029534] (perception_msgs) StdoutLine: {'line': b'[  5%] \x1b[34m\x1b[1mGenerating C++ type support for eProsima Fast-RTPS\x1b[0m\n'}
[2.069525] (perception_msgs) StdoutLine: {'line': b'[  6%] \x1b[32mBuilding C object CMakeFiles/perception_msgs__rosidl_generator_c.dir/rosidl_generator_c/perception_msgs/msg/detail/action_entry__functions.c.o\x1b[0m\n'}
[2.069738] (perception_msgs) StdoutLine: {'line': b'[  8%] \x1b[32mBuilding C object CMakeFiles/perception_msgs__rosidl_generator_c.dir/rosidl_generator_c/perception_msgs/msg/detail/perc_cmd__functions.c.o\x1b[0m\n'}
[2.069868] (perception_msgs) StdoutLine: {'line': b'[  9%] \x1b[32mBuilding C object CMakeFiles/perception_msgs__rosidl_generator_c.dir/rosidl_generator_c/perception_msgs/msg/detail/perc_state__functions.c.o\x1b[0m\n'}
[2.069951] (perception_msgs) StdoutLine: {'line': b'[ 10%] \x1b[32mBuilding C object CMakeFiles/perception_msgs__rosidl_generator_c.dir/rosidl_generator_c/perception_msgs/msg/detail/perc_req__functions.c.o\x1b[0m\n'}
[2.074242] (perception_msgs) StdoutLine: {'line': b'[ 11%] \x1b[32mBuilding C object CMakeFiles/perception_msgs__rosidl_generator_c.dir/rosidl_generator_c/perception_msgs/msg/detail/alarm_entry__functions.c.o\x1b[0m\n'}
[2.104699] (-) TimerEvent: {}
[2.122660] (perception_msgs) StdoutLine: {'line': b'[ 13%] \x1b[32mBuilding C object CMakeFiles/perception_msgs__rosidl_generator_c.dir/rosidl_generator_c/perception_msgs/msg/detail/dog_state__functions.c.o\x1b[0m\n'}
[2.123457] (perception_msgs) StdoutLine: {'line': b'[ 13%] \x1b[32mBuilding C object CMakeFiles/perception_msgs__rosidl_generator_c.dir/rosidl_generator_c/perception_msgs/msg/detail/task_list__functions.c.o\x1b[0m\n'}
[2.124390] (perception_msgs) StdoutLine: {'line': b'[ 14%] \x1b[32mBuilding C object CMakeFiles/perception_msgs__rosidl_generator_c.dir/rosidl_generator_c/perception_msgs/srv/detail/dog_record_bag__functions.c.o\x1b[0m\n'}
[2.177423] (perception_msgs) StdoutLine: {'line': b'[ 16%] \x1b[32m\x1b[1mLinking C shared library libperception_msgs__rosidl_generator_c.so\x1b[0m\n'}
[2.195141] (perception_msgs) StdoutLine: {'line': b'[ 16%] Built target perception_msgs__rosidl_generator_c\n'}
[2.198048] (perception_msgs) StdoutLine: {'line': b'[ 18%] \x1b[34m\x1b[1mGenerating C introspection for ROS interfaces\x1b[0m\n'}
[2.198237] (perception_msgs) StdoutLine: {'line': b'[ 18%] \x1b[34m\x1b[1mGenerating C type support dispatch for ROS interfaces\x1b[0m\n'}
[2.204799] (-) TimerEvent: {}
[2.305123] (-) TimerEvent: {}
[2.405434] (-) TimerEvent: {}
[2.505777] (-) TimerEvent: {}
[2.606130] (-) TimerEvent: {}
[2.706458] (-) TimerEvent: {}
[2.806798] (-) TimerEvent: {}
[2.907270] (-) TimerEvent: {}
[2.910486] (perception_msgs) StdoutLine: {'line': b'[ 21%] \x1b[32mBuilding CXX object CMakeFiles/perception_msgs__rosidl_typesupport_cpp.dir/rosidl_typesupport_cpp/perception_msgs/msg/alarm_entry__type_support.cpp.o\x1b[0m\n'}
[2.910767] (perception_msgs) StdoutLine: {'line': b'[ 21%] \x1b[32mBuilding CXX object CMakeFiles/perception_msgs__rosidl_typesupport_cpp.dir/rosidl_typesupport_cpp/perception_msgs/msg/perc_cmd__type_support.cpp.o\x1b[0m\n'}
[2.911831] (perception_msgs) StdoutLine: {'line': b'[ 22%] \x1b[32mBuilding CXX object CMakeFiles/perception_msgs__rosidl_typesupport_cpp.dir/rosidl_typesupport_cpp/perception_msgs/msg/perc_state__type_support.cpp.o\x1b[0m\n'}
[2.912967] (perception_msgs) StdoutLine: {'line': b'[ 22%] \x1b[32mBuilding CXX object CMakeFiles/perception_msgs__rosidl_typesupport_cpp.dir/rosidl_typesupport_cpp/perception_msgs/msg/action_entry__type_support.cpp.o\x1b[0m\n'}
[3.007375] (-) TimerEvent: {}
[3.107710] (-) TimerEvent: {}
[3.115103] (perception_msgs) StdoutLine: {'line': b'[ 24%] \x1b[32mBuilding CXX object CMakeFiles/perception_msgs__rosidl_typesupport_c.dir/rosidl_typesupport_c/perception_msgs/msg/action_entry__type_support.cpp.o\x1b[0m\n'}
[3.146490] (perception_msgs) StdoutLine: {'line': b'[ 25%] \x1b[32mBuilding CXX object CMakeFiles/perception_msgs__rosidl_typesupport_c.dir/rosidl_typesupport_c/perception_msgs/msg/alarm_entry__type_support.cpp.o\x1b[0m\n'}
[3.176989] (perception_msgs) StdoutLine: {'line': b'[ 26%] \x1b[32mBuilding CXX object CMakeFiles/perception_msgs__rosidl_typesupport_c.dir/rosidl_typesupport_c/perception_msgs/msg/perc_cmd__type_support.cpp.o\x1b[0m\n'}
[3.207824] (-) TimerEvent: {}
[3.209412] (perception_msgs) StdoutLine: {'line': b'[ 27%] \x1b[32mBuilding CXX object CMakeFiles/perception_msgs__rosidl_typesupport_c.dir/rosidl_typesupport_c/perception_msgs/msg/perc_state__type_support.cpp.o\x1b[0m\n'}
[3.231222] (perception_msgs) StdoutLine: {'line': b'[ 28%] \x1b[32mBuilding CXX object CMakeFiles/perception_msgs__rosidl_typesupport_cpp.dir/rosidl_typesupport_cpp/perception_msgs/msg/perc_req__type_support.cpp.o\x1b[0m\n'}
[3.234054] (perception_msgs) StdoutLine: {'line': b'[ 29%] \x1b[32mBuilding CXX object CMakeFiles/perception_msgs__rosidl_typesupport_c.dir/rosidl_typesupport_c/perception_msgs/msg/perc_req__type_support.cpp.o\x1b[0m\n'}
[3.239075] (perception_msgs) StdoutLine: {'line': b'[ 32%] \x1b[32mBuilding C object CMakeFiles/perception_msgs__rosidl_typesupport_introspection_c.dir/rosidl_typesupport_introspection_c/perception_msgs/msg/detail/action_entry__type_support.c.o\x1b[0m\n'}
[3.239925] (perception_msgs) StdoutLine: {'line': b'[ 32%] \x1b[32mBuilding CXX object CMakeFiles/perception_msgs__rosidl_typesupport_c.dir/rosidl_typesupport_c/perception_msgs/msg/task_list__type_support.cpp.o\x1b[0m\n'}
[3.247612] (perception_msgs) StdoutLine: {'line': b'[ 33%] \x1b[32mBuilding CXX object CMakeFiles/perception_msgs__rosidl_typesupport_cpp.dir/rosidl_typesupport_cpp/perception_msgs/msg/task_list__type_support.cpp.o\x1b[0m\n'}
[3.256582] (perception_msgs) StdoutLine: {'line': b'[ 34%] \x1b[32mBuilding CXX object CMakeFiles/perception_msgs__rosidl_typesupport_cpp.dir/rosidl_typesupport_cpp/perception_msgs/msg/dog_state__type_support.cpp.o\x1b[0m\n'}
[3.268885] (perception_msgs) StdoutLine: {'line': b'[ 35%] \x1b[32mBuilding C object CMakeFiles/perception_msgs__rosidl_typesupport_introspection_c.dir/rosidl_typesupport_introspection_c/perception_msgs/msg/detail/alarm_entry__type_support.c.o\x1b[0m\n'}
[3.273352] (perception_msgs) StdoutLine: {'line': b'[ 36%] \x1b[32mBuilding CXX object CMakeFiles/perception_msgs__rosidl_typesupport_c.dir/rosidl_typesupport_c/perception_msgs/msg/dog_state__type_support.cpp.o\x1b[0m\n'}
[3.277231] (perception_msgs) StdoutLine: {'line': b'[ 37%] \x1b[32mBuilding C object CMakeFiles/perception_msgs__rosidl_typesupport_introspection_c.dir/rosidl_typesupport_introspection_c/perception_msgs/msg/detail/perc_cmd__type_support.c.o\x1b[0m\n'}
[3.303942] (perception_msgs) StdoutLine: {'line': b'[ 39%] \x1b[32mBuilding CXX object CMakeFiles/perception_msgs__rosidl_typesupport_c.dir/rosidl_typesupport_c/perception_msgs/srv/dog_record_bag__type_support.cpp.o\x1b[0m\n'}
[3.307607] (perception_msgs) StdoutLine: {'line': b'[ 40%] \x1b[32mBuilding C object CMakeFiles/perception_msgs__rosidl_typesupport_introspection_c.dir/rosidl_typesupport_introspection_c/perception_msgs/msg/detail/perc_state__type_support.c.o\x1b[0m\n'}
[3.309081] (-) TimerEvent: {}
[3.313326] (perception_msgs) StdoutLine: {'line': b'[ 41%] \x1b[32mBuilding C object CMakeFiles/perception_msgs__rosidl_typesupport_introspection_c.dir/rosidl_typesupport_introspection_c/perception_msgs/msg/detail/perc_req__type_support.c.o\x1b[0m\n'}
[3.337144] (perception_msgs) StdoutLine: {'line': b'[ 42%] \x1b[32m\x1b[1mLinking CXX shared library libperception_msgs__rosidl_typesupport_c.so\x1b[0m\n'}
[3.346513] (perception_msgs) StdoutLine: {'line': b'[ 43%] \x1b[32mBuilding C object CMakeFiles/perception_msgs__rosidl_typesupport_introspection_c.dir/rosidl_typesupport_introspection_c/perception_msgs/msg/detail/task_list__type_support.c.o\x1b[0m\n'}
[3.351023] (perception_msgs) StdoutLine: {'line': b'[ 44%] \x1b[32mBuilding C object CMakeFiles/perception_msgs__rosidl_typesupport_introspection_c.dir/rosidl_typesupport_introspection_c/perception_msgs/msg/detail/dog_state__type_support.c.o\x1b[0m\n'}
[3.370521] (perception_msgs) StdoutLine: {'line': b'[ 44%] Built target perception_msgs__rosidl_typesupport_c\n'}
[3.374040] (perception_msgs) StdoutLine: {'line': b'[ 45%] \x1b[32mBuilding C object CMakeFiles/perception_msgs__rosidl_typesupport_introspection_c.dir/rosidl_typesupport_introspection_c/perception_msgs/srv/detail/dog_record_bag__type_support.c.o\x1b[0m\n'}
[3.414258] (perception_msgs) StdoutLine: {'line': b'[ 47%] \x1b[32mBuilding CXX object CMakeFiles/perception_msgs__rosidl_typesupport_cpp.dir/rosidl_typesupport_cpp/perception_msgs/srv/dog_record_bag__type_support.cpp.o\x1b[0m\n'}
[3.414528] (-) TimerEvent: {}
[3.417131] (perception_msgs) StdoutLine: {'line': b'[ 48%] \x1b[32m\x1b[1mLinking C shared library libperception_msgs__rosidl_typesupport_introspection_c.so\x1b[0m\n'}
[3.449636] (perception_msgs) StdoutLine: {'line': b'[ 48%] Built target perception_msgs__rosidl_typesupport_introspection_c\n'}
[3.514644] (-) TimerEvent: {}
[3.613061] (perception_msgs) StdoutLine: {'line': b'[ 50%] \x1b[32mBuilding CXX object CMakeFiles/perception_msgs__rosidl_typesupport_introspection_cpp.dir/rosidl_typesupport_introspection_cpp/perception_msgs/msg/detail/alarm_entry__type_support.cpp.o\x1b[0m\n'}
[3.613271] (perception_msgs) StdoutLine: {'line': b'[ 52%] \x1b[32mBuilding CXX object CMakeFiles/perception_msgs__rosidl_typesupport_introspection_cpp.dir/rosidl_typesupport_introspection_cpp/perception_msgs/msg/detail/perc_state__type_support.cpp.o\x1b[0m\n'}
[3.613353] (perception_msgs) StdoutLine: {'line': b'[ 54%] \x1b[32mBuilding CXX object CMakeFiles/perception_msgs__rosidl_typesupport_introspection_cpp.dir/rosidl_typesupport_introspection_cpp/perception_msgs/msg/detail/task_list__type_support.cpp.o\x1b[0m\n'}
[3.613427] (perception_msgs) StdoutLine: {'line': b'[ 55%] \x1b[32mBuilding CXX object CMakeFiles/perception_msgs__rosidl_typesupport_introspection_cpp.dir/rosidl_typesupport_introspection_cpp/perception_msgs/msg/detail/perc_cmd__type_support.cpp.o\x1b[0m\n'}
[3.613498] (perception_msgs) StdoutLine: {'line': b'[ 55%] \x1b[32mBuilding CXX object CMakeFiles/perception_msgs__rosidl_typesupport_introspection_cpp.dir/rosidl_typesupport_introspection_cpp/perception_msgs/msg/detail/perc_req__type_support.cpp.o\x1b[0m\n'}
[3.614727] (-) TimerEvent: {}
[3.615156] (perception_msgs) StdoutLine: {'line': b'[ 55%] \x1b[32mBuilding CXX object CMakeFiles/perception_msgs__rosidl_typesupport_introspection_cpp.dir/rosidl_typesupport_introspection_cpp/perception_msgs/msg/detail/action_entry__type_support.cpp.o\x1b[0m\n'}
[3.677052] (perception_msgs) StdoutLine: {'line': b'[ 56%] \x1b[32m\x1b[1mLinking CXX shared library libperception_msgs__rosidl_typesupport_cpp.so\x1b[0m\n'}
[3.714453] (perception_msgs) StdoutLine: {'line': b'[ 56%] Built target perception_msgs__rosidl_typesupport_cpp\n'}
[3.714792] (-) TimerEvent: {}
[3.717054] (perception_msgs) StdoutLine: {'line': b'[ 57%] \x1b[32mBuilding CXX object CMakeFiles/perception_msgs__rosidl_typesupport_introspection_cpp.dir/rosidl_typesupport_introspection_cpp/perception_msgs/msg/detail/dog_state__type_support.cpp.o\x1b[0m\n'}
[3.774549] (perception_msgs) StdoutLine: {'line': b'[ 58%] \x1b[32mBuilding CXX object CMakeFiles/perception_msgs__rosidl_typesupport_fastrtps_cpp.dir/rosidl_typesupport_fastrtps_cpp/perception_msgs/msg/detail/dds_fastrtps/action_entry__type_support.cpp.o\x1b[0m\n'}
[3.814922] (-) TimerEvent: {}
[3.915281] (-) TimerEvent: {}
[3.936100] (perception_msgs) StdoutLine: {'line': b'[ 59%] \x1b[32mBuilding CXX object CMakeFiles/perception_msgs__rosidl_typesupport_introspection_cpp.dir/rosidl_typesupport_introspection_cpp/perception_msgs/srv/detail/dog_record_bag__type_support.cpp.o\x1b[0m\n'}
[3.936474] (perception_msgs) StdoutLine: {'line': b'[ 60%] \x1b[32mBuilding CXX object CMakeFiles/perception_msgs__rosidl_typesupport_fastrtps_cpp.dir/rosidl_typesupport_fastrtps_cpp/perception_msgs/msg/detail/dds_fastrtps/alarm_entry__type_support.cpp.o\x1b[0m\n'}
[3.950475] (perception_msgs) StdoutLine: {'line': b'[ 62%] \x1b[32mBuilding CXX object CMakeFiles/perception_msgs__rosidl_typesupport_fastrtps_cpp.dir/rosidl_typesupport_fastrtps_cpp/perception_msgs/msg/detail/dds_fastrtps/perc_cmd__type_support.cpp.o\x1b[0m\n'}
[3.950921] (perception_msgs) StdoutLine: {'line': b'[ 63%] \x1b[32mBuilding CXX object CMakeFiles/perception_msgs__rosidl_typesupport_fastrtps_cpp.dir/rosidl_typesupport_fastrtps_cpp/perception_msgs/msg/detail/dds_fastrtps/perc_state__type_support.cpp.o\x1b[0m\n'}
[3.958234] (perception_msgs) StdoutLine: {'line': b'[ 64%] \x1b[32mBuilding CXX object CMakeFiles/perception_msgs__rosidl_typesupport_fastrtps_cpp.dir/rosidl_typesupport_fastrtps_cpp/perception_msgs/msg/detail/dds_fastrtps/perc_req__type_support.cpp.o\x1b[0m\n'}
[3.961357] (perception_msgs) StdoutLine: {'line': b'[ 65%] \x1b[32mBuilding CXX object CMakeFiles/perception_msgs__rosidl_typesupport_fastrtps_cpp.dir/rosidl_typesupport_fastrtps_cpp/perception_msgs/msg/detail/dds_fastrtps/task_list__type_support.cpp.o\x1b[0m\n'}
[4.015393] (-) TimerEvent: {}
[4.108228] (perception_msgs) StdoutLine: {'line': b'[ 66%] \x1b[32mBuilding CXX object CMakeFiles/perception_msgs__rosidl_typesupport_fastrtps_cpp.dir/rosidl_typesupport_fastrtps_cpp/perception_msgs/msg/detail/dds_fastrtps/dog_state__type_support.cpp.o\x1b[0m\n'}
[4.115511] (-) TimerEvent: {}
[4.215876] (-) TimerEvent: {}
[4.276153] (perception_msgs) StdoutLine: {'line': b'[ 67%] \x1b[32mBuilding CXX object CMakeFiles/perception_msgs__rosidl_typesupport_fastrtps_cpp.dir/rosidl_typesupport_fastrtps_cpp/perception_msgs/srv/detail/dds_fastrtps/dog_record_bag__type_support.cpp.o\x1b[0m\n'}
[4.316001] (-) TimerEvent: {}
[4.334746] (perception_msgs) StdoutLine: {'line': b'[ 68%] \x1b[32m\x1b[1mLinking CXX shared library libperception_msgs__rosidl_typesupport_introspection_cpp.so\x1b[0m\n'}
[4.416137] (-) TimerEvent: {}
[4.447490] (perception_msgs) StdoutLine: {'line': b'[ 68%] Built target perception_msgs__rosidl_typesupport_introspection_cpp\n'}
[4.516252] (-) TimerEvent: {}
[4.616642] (-) TimerEvent: {}
[4.666523] (perception_msgs) StdoutLine: {'line': b'[ 70%] \x1b[32m\x1b[1mLinking CXX shared library libperception_msgs__rosidl_typesupport_fastrtps_cpp.so\x1b[0m\n'}
[4.716742] (-) TimerEvent: {}
[4.723481] (perception_msgs) StdoutLine: {'line': b'[ 70%] Built target perception_msgs__rosidl_typesupport_fastrtps_cpp\n'}
[4.726845] (perception_msgs) StdoutLine: {'line': b'[ 71%] \x1b[34m\x1b[1mGenerating C type support for eProsima Fast-RTPS\x1b[0m\n'}
[4.816922] (-) TimerEvent: {}
[4.917188] (-) TimerEvent: {}
[5.017460] (-) TimerEvent: {}
[5.117727] (-) TimerEvent: {}
[5.218035] (-) TimerEvent: {}
[5.318299] (-) TimerEvent: {}
[5.418572] (-) TimerEvent: {}
[5.518840] (-) TimerEvent: {}
[5.619160] (-) TimerEvent: {}
[5.621677] (perception_msgs) StdoutLine: {'line': b'[ 73%] \x1b[32mBuilding CXX object CMakeFiles/perception_msgs__rosidl_typesupport_fastrtps_c.dir/rosidl_typesupport_fastrtps_c/perception_msgs/msg/detail/perc_state__type_support_c.cpp.o\x1b[0m\n'}
[5.621936] (perception_msgs) StdoutLine: {'line': b'[ 74%] \x1b[32mBuilding CXX object CMakeFiles/perception_msgs__rosidl_typesupport_fastrtps_c.dir/rosidl_typesupport_fastrtps_c/perception_msgs/msg/detail/perc_req__type_support_c.cpp.o\x1b[0m\n'}
[5.622033] (perception_msgs) StdoutLine: {'line': b'[ 75%] \x1b[32mBuilding CXX object CMakeFiles/perception_msgs__rosidl_typesupport_fastrtps_c.dir/rosidl_typesupport_fastrtps_c/perception_msgs/msg/detail/task_list__type_support_c.cpp.o\x1b[0m\n'}
[5.622238] (perception_msgs) StdoutLine: {'line': b'[ 77%] \x1b[32mBuilding CXX object CMakeFiles/perception_msgs__rosidl_typesupport_fastrtps_c.dir/rosidl_typesupport_fastrtps_c/perception_msgs/msg/detail/alarm_entry__type_support_c.cpp.o\x1b[0m\n'}
[5.622388] (perception_msgs) StdoutLine: {'line': b'[ 78%] \x1b[32mBuilding CXX object CMakeFiles/perception_msgs__rosidl_typesupport_fastrtps_c.dir/rosidl_typesupport_fastrtps_c/perception_msgs/msg/detail/perc_cmd__type_support_c.cpp.o\x1b[0m\n'}
[5.622792] (perception_msgs) StdoutLine: {'line': b'[ 80%] \x1b[32mBuilding CXX object CMakeFiles/perception_msgs__rosidl_typesupport_fastrtps_c.dir/rosidl_typesupport_fastrtps_c/perception_msgs/msg/detail/dog_state__type_support_c.cpp.o\x1b[0m\n'}
[5.622944] (perception_msgs) StdoutLine: {'line': b'[ 80%] \x1b[32mBuilding CXX object CMakeFiles/perception_msgs__rosidl_typesupport_fastrtps_c.dir/rosidl_typesupport_fastrtps_c/perception_msgs/srv/detail/dog_record_bag__type_support_c.cpp.o\x1b[0m\n'}
[5.623032] (perception_msgs) StdoutLine: {'line': b'[ 80%] \x1b[32mBuilding CXX object CMakeFiles/perception_msgs__rosidl_typesupport_fastrtps_c.dir/rosidl_typesupport_fastrtps_c/perception_msgs/msg/detail/action_entry__type_support_c.cpp.o\x1b[0m\n'}
[5.719272] (-) TimerEvent: {}
[5.819806] (-) TimerEvent: {}
[5.920382] (-) TimerEvent: {}
[6.020938] (-) TimerEvent: {}
[6.121535] (-) TimerEvent: {}
[6.154355] (perception_msgs) StdoutLine: {'line': b'[ 81%] \x1b[32m\x1b[1mLinking CXX shared library libperception_msgs__rosidl_typesupport_fastrtps_c.so\x1b[0m\n'}
[6.209543] (perception_msgs) StdoutLine: {'line': b'[ 81%] Built target perception_msgs__rosidl_typesupport_fastrtps_c\n'}
[6.215551] (perception_msgs) StdoutLine: {'line': b'[ 81%] Built target perception_msgs\n'}
[6.221469] (perception_msgs) StdoutLine: {'line': b'[ 82%] \x1b[34m\x1b[1mGenerating Python code for ROS interfaces\x1b[0m\n'}
[6.221657] (-) TimerEvent: {}
[6.321947] (-) TimerEvent: {}
[6.422288] (-) TimerEvent: {}
[6.522570] (-) TimerEvent: {}
[6.622946] (-) TimerEvent: {}
[6.723320] (-) TimerEvent: {}
[6.823595] (-) TimerEvent: {}
[6.923884] (-) TimerEvent: {}
[7.024232] (-) TimerEvent: {}
[7.124604] (-) TimerEvent: {}
[7.224952] (-) TimerEvent: {}
[7.325239] (-) TimerEvent: {}
[7.425575] (-) TimerEvent: {}
[7.525840] (-) TimerEvent: {}
[7.626168] (-) TimerEvent: {}
[7.726470] (-) TimerEvent: {}
[7.826783] (-) TimerEvent: {}
[7.927071] (-) TimerEvent: {}
[7.945482] (perception_msgs) StdoutLine: {'line': b'[ 82%] Built target perception_msgs__py\n'}
[7.951405] (perception_msgs) StdoutLine: {'line': b'[ 83%] \x1b[32mBuilding C object CMakeFiles/perception_msgs__python.dir/rosidl_generator_py/perception_msgs/msg/_action_entry_s.c.o\x1b[0m\n'}
[7.952190] (perception_msgs) StdoutLine: {'line': b'[ 86%] \x1b[32mBuilding C object CMakeFiles/perception_msgs__python.dir/rosidl_generator_py/perception_msgs/msg/_perc_cmd_s.c.o\x1b[0m\n'}
[7.952355] (perception_msgs) StdoutLine: {'line': b'[ 87%] \x1b[32mBuilding C object CMakeFiles/perception_msgs__python.dir/rosidl_generator_py/perception_msgs/msg/_perc_state_s.c.o\x1b[0m\n'}
[7.952434] (perception_msgs) StdoutLine: {'line': b'[ 88%] \x1b[32mBuilding C object CMakeFiles/perception_msgs__python.dir/rosidl_generator_py/perception_msgs/msg/_perc_req_s.c.o\x1b[0m\n'}
[7.952814] (perception_msgs) StdoutLine: {'line': b'[ 89%] \x1b[32mBuilding C object CMakeFiles/perception_msgs__python.dir/rosidl_generator_py/perception_msgs/msg/_dog_state_s.c.o\x1b[0m\n'}
[7.952888] (perception_msgs) StdoutLine: {'line': b'[ 86%] \x1b[32mBuilding C object CMakeFiles/perception_msgs__python.dir/rosidl_generator_py/perception_msgs/msg/_alarm_entry_s.c.o\x1b[0m\n'}
[7.952962] (perception_msgs) StdoutLine: {'line': b'[ 90%] \x1b[32mBuilding C object CMakeFiles/perception_msgs__python.dir/rosidl_generator_py/perception_msgs/srv/_dog_record_bag_s.c.o\x1b[0m\n'}
[7.953032] (perception_msgs) StdoutLine: {'line': b'[ 91%] \x1b[32mBuilding C object CMakeFiles/perception_msgs__python.dir/rosidl_generator_py/perception_msgs/msg/_task_list_s.c.o\x1b[0m\n'}
[8.027194] (-) TimerEvent: {}
[8.085403] (perception_msgs) StdoutLine: {'line': b'[ 93%] \x1b[32m\x1b[1mLinking C shared library rosidl_generator_py/perception_msgs/libperception_msgs__python.so\x1b[0m\n'}
[8.105868] (perception_msgs) StdoutLine: {'line': b'[ 93%] Built target perception_msgs__python\n'}
[8.111634] (perception_msgs) StdoutLine: {'line': b'[ 94%] \x1b[32mBuilding C object CMakeFiles/perception_msgs__rosidl_typesupport_fastrtps_c__pyext.dir/rosidl_generator_py/perception_msgs/_perception_msgs_s.ep.rosidl_typesupport_fastrtps_c.c.o\x1b[0m\n'}
[8.111811] (perception_msgs) StdoutLine: {'line': b'[ 95%] \x1b[32mBuilding C object CMakeFiles/perception_msgs__rosidl_typesupport_c__pyext.dir/rosidl_generator_py/perception_msgs/_perception_msgs_s.ep.rosidl_typesupport_c.c.o\x1b[0m\n'}
[8.111865] (perception_msgs) StdoutLine: {'line': b'[ 96%] \x1b[32mBuilding C object CMakeFiles/perception_msgs__rosidl_typesupport_introspection_c__pyext.dir/rosidl_generator_py/perception_msgs/_perception_msgs_s.ep.rosidl_typesupport_introspection_c.c.o\x1b[0m\n'}
[8.127369] (-) TimerEvent: {}
[8.184696] (perception_msgs) StdoutLine: {'line': b'[100%] \x1b[32m\x1b[1mLinking C shared library rosidl_generator_py/perception_msgs/perception_msgs_s__rosidl_typesupport_c.cpython-38-x86_64-linux-gnu.so\x1b[0m\n'}
[8.184916] (perception_msgs) StdoutLine: {'line': b'[100%] \x1b[32m\x1b[1mLinking C shared library rosidl_generator_py/perception_msgs/perception_msgs_s__rosidl_typesupport_introspection_c.cpython-38-x86_64-linux-gnu.so\x1b[0m\n'}
[8.185019] (perception_msgs) StdoutLine: {'line': b'[100%] \x1b[32m\x1b[1mLinking CXX shared library rosidl_generator_py/perception_msgs/perception_msgs_s__rosidl_typesupport_fastrtps_c.cpython-38-x86_64-linux-gnu.so\x1b[0m\n'}
[8.200974] (perception_msgs) StdoutLine: {'line': b'[100%] Built target perception_msgs__rosidl_typesupport_c__pyext\n'}
[8.201184] (perception_msgs) StdoutLine: {'line': b'[100%] Built target perception_msgs__rosidl_typesupport_introspection_c__pyext\n'}
[8.221517] (perception_msgs) StdoutLine: {'line': b'[100%] Built target perception_msgs__rosidl_typesupport_fastrtps_c__pyext\n'}
[8.225251] (perception_msgs) CommandEnded: {'returncode': 0}
[8.225747] (perception_msgs) JobProgress: {'identifier': 'perception_msgs', 'progress': 'install'}
[8.227485] (-) TimerEvent: {}
[8.229349] (perception_msgs) Command: {'cmd': ['/home/meizan/Qt/Tools/CMake/bin/cmake', '--install', '/home/meizan/workspace/athena-robot-dog/modules/message/ros2/build/perception_msgs'], 'cwd': '/home/meizan/workspace/athena-robot-dog/modules/message/ros2/build/perception_msgs', 'env': OrderedDict([('LESSOPEN', '| /usr/bin/lesspipe %s'), ('LANGUAGE', 'zh_CN:en_US:en'), ('USER', 'meizan'), ('SSH_CLIENT', '192.168.2.173 58589 22'), ('LC_TIME', 'zh_CN.UTF-8'), ('XDG_SESSION_TYPE', 'tty'), ('GIT_ASKPASS', '/home/meizan/.vscode-server/cli/servers/Stable-4949701c880d4bdb949e3c0e6b400288da7f474b/server/extensions/git/dist/askpass.sh'), ('SHLVL', '1'), ('LD_LIBRARY_PATH', '/home/meizan/workspace/athena-robot-dog/modules/message/ros2/install/perception_msgs/lib:/home/meizan/workspace/athena-robot-dog/modules/message/ros2/install/perception_msg/lib:/opt/ros/foxy/opt/yaml_cpp_vendor/lib:/opt/ros/foxy/opt/rviz_ogre_vendor/lib:/opt/ros/foxy/lib/x86_64-linux-gnu:/opt/ros/foxy/lib:/home/zzy/third_party/x64/lib/boost:/home/zzy/third_party/x64/lib/boost:'), ('BROWSER', '/home/meizan/.vscode-server/cli/servers/Stable-4949701c880d4bdb949e3c0e6b400288da7f474b/server/bin/helpers/browser.sh'), ('MOTD_SHOWN', 'pam'), ('HOME', '/home/meizan'), ('OLDPWD', '/home/meizan/workspace/athena-robot-dog/modules'), ('TERM_PROGRAM_VERSION', '1.99.2'), ('VSCODE_IPC_HOOK_CLI', '/run/user/1000/vscode-ipc-fb8fced2-2ee6-42f9-a705-72755f633a03.sock'), ('ROS_PYTHON_VERSION', '3'), ('VSCODE_GIT_ASKPASS_MAIN', '/home/meizan/.vscode-server/cli/servers/Stable-4949701c880d4bdb949e3c0e6b400288da7f474b/server/extensions/git/dist/askpass-main.js'), ('LC_MONETARY', 'zh_CN.UTF-8'), ('VSCODE_GIT_ASKPASS_NODE', '/home/meizan/.vscode-server/cli/servers/Stable-4949701c880d4bdb949e3c0e6b400288da7f474b/server/node'), ('SSL_CERT_FILE', '/usr/lib/ssl/certs/ca-certificates.crt'), ('DBUS_SESSION_BUS_ADDRESS', 'unix:path=/run/user/1000/bus'), ('COLORTERM', 'truecolor'), ('COLCON_PREFIX_PATH', '/home/meizan/workspace/athena-robot-dog/modules/message/ros2/install'), ('ROS_DISTRO', 'foxy'), ('LOGNAME', 'meizan'), ('_', '/usr/bin/colcon'), ('ROS_VERSION', '2'), ('XDG_SESSION_CLASS', 'user'), ('TERM', 'xterm-256color'), ('XDG_SESSION_ID', '902'), ('ROS_LOCALHOST_ONLY', '0'), ('PATH', '/opt/ros/foxy/bin:/home/meizan/Qt/6.5.3/gcc_64/bin:/home/meizan/Qt/Tools/CMake/bin:/home/meizan/.vscode-server/cli/servers/Stable-4949701c880d4bdb949e3c0e6b400288da7f474b/server/bin/remote-cli:/home/meizan/.local/bin:/home/meizan/bin:/home/meizan/Qt/6.5.3/gcc_64/bin:/home/meizan/Qt/Tools/CMake/bin:/usr/local/sbin:/usr/local/bin:/usr/sbin:/usr/bin:/sbin:/bin:/usr/games:/usr/local/games:/snap/bin:/home/zzy/.fishros/bin/:/opt/nodejs/node-v18.12.1-linux-x64/bin/:/home/zzy/.fishros/bin/:/opt/nodejs/node-v18.12.1-linux-x64/bin/'), ('PAPERSIZE', 'a4'), ('LC_ADDRESS', 'zh_CN.UTF-8'), ('XDG_RUNTIME_DIR', '/run/user/1000'), ('SSL_CERT_DIR', '/usr/lib/ssl/certs'), ('LANG', 'zh_CN.UTF-8'), ('LC_TELEPHONE', 'zh_CN.UTF-8'), ('LS_COLORS', 'rs=0:di=01;34:ln=01;36:mh=00:pi=40;33:so=01;35:do=01;35:bd=40;33;01:cd=40;33;01:or=40;31;01:mi=00:su=37;41:sg=30;43:ca=30;41:tw=30;42:ow=34;42:st=37;44:ex=01;32:*.tar=01;31:*.tgz=01;31:*.arc=01;31:*.arj=01;31:*.taz=01;31:*.lha=01;31:*.lz4=01;31:*.lzh=01;31:*.lzma=01;31:*.tlz=01;31:*.txz=01;31:*.tzo=01;31:*.t7z=01;31:*.zip=01;31:*.z=01;31:*.dz=01;31:*.gz=01;31:*.lrz=01;31:*.lz=01;31:*.lzo=01;31:*.xz=01;31:*.zst=01;31:*.tzst=01;31:*.bz2=01;31:*.bz=01;31:*.tbz=01;31:*.tbz2=01;31:*.tz=01;31:*.deb=01;31:*.rpm=01;31:*.jar=01;31:*.war=01;31:*.ear=01;31:*.sar=01;31:*.rar=01;31:*.alz=01;31:*.ace=01;31:*.zoo=01;31:*.cpio=01;31:*.7z=01;31:*.rz=01;31:*.cab=01;31:*.wim=01;31:*.swm=01;31:*.dwm=01;31:*.esd=01;31:*.jpg=01;35:*.jpeg=01;35:*.mjpg=01;35:*.mjpeg=01;35:*.gif=01;35:*.bmp=01;35:*.pbm=01;35:*.pgm=01;35:*.ppm=01;35:*.tga=01;35:*.xbm=01;35:*.xpm=01;35:*.tif=01;35:*.tiff=01;35:*.png=01;35:*.svg=01;35:*.svgz=01;35:*.mng=01;35:*.pcx=01;35:*.mov=01;35:*.mpg=01;35:*.mpeg=01;35:*.m2v=01;35:*.mkv=01;35:*.webm=01;35:*.ogm=01;35:*.mp4=01;35:*.m4v=01;35:*.mp4v=01;35:*.vob=01;35:*.qt=01;35:*.nuv=01;35:*.wmv=01;35:*.asf=01;35:*.rm=01;35:*.rmvb=01;35:*.flc=01;35:*.avi=01;35:*.fli=01;35:*.flv=01;35:*.gl=01;35:*.dl=01;35:*.xcf=01;35:*.xwd=01;35:*.yuv=01;35:*.cgm=01;35:*.emf=01;35:*.ogv=01;35:*.ogx=01;35:*.aac=00;36:*.au=00;36:*.flac=00;36:*.m4a=00;36:*.mid=00;36:*.midi=00;36:*.mka=00;36:*.mp3=00;36:*.mpc=00;36:*.ogg=00;36:*.ra=00;36:*.wav=00;36:*.oga=00;36:*.opus=00;36:*.spx=00;36:*.xspf=00;36:'), ('VSCODE_GIT_IPC_HANDLE', '/run/user/1000/vscode-git-1fd6bdd323.sock'), ('TERM_PROGRAM', 'vscode'), ('AMENT_PREFIX_PATH', '/home/meizan/workspace/athena-robot-dog/modules/message/ros2/install/perception_msgs:/home/meizan/workspace/athena-robot-dog/modules/message/ros2/install/perception_msg:/opt/ros/foxy'), ('SHELL', '/bin/bash'), ('LC_NAME', 'zh_CN.UTF-8'), ('ROS_MASTER_URI', 'http://localhost:11311'), ('LESSCLOSE', '/usr/bin/lesspipe %s %s'), ('LC_MEASUREMENT', 'zh_CN.UTF-8'), ('LC_IDENTIFICATION', 'zh_CN.UTF-8'), ('VSCODE_GIT_ASKPASS_EXTRA_ARGS', ''), ('PWD', '/home/meizan/workspace/athena-robot-dog/modules/message/ros2/build/perception_msgs'), ('LC_ALL', 'en_US.UTF-8'), ('GEMINI_API_KEY', 'AIzaSyBkdyupdpVhL7Dd9iWMim7KX0N3CkFMDio'), ('SSH_CONNECTION', '192.168.2.173 58589 192.168.2.181 22'), ('XDG_DATA_DIRS', '/usr/local/share:/usr/share:/var/lib/snapd/desktop'), ('PYTHONPATH', '/home/meizan/workspace/athena-robot-dog/modules/message/ros2/install/perception_msgs/lib/python3.8/site-packages:/home/meizan/workspace/athena-robot-dog/modules/message/ros2/install/perception_msg/lib/python3.8/site-packages:/opt/ros/foxy/lib/python3.8/site-packages'), ('ROS_HOSTNAME', 'localhost'), ('LC_NUMERIC', 'zh_CN.UTF-8'), ('LC_PAPER', 'zh_CN.UTF-8'), ('COLCON', '1'), ('CMAKE_PREFIX_PATH', '/home/meizan/workspace/athena-robot-dog/modules/message/ros2/install/perception_msgs:/home/meizan/workspace/athena-robot-dog/modules/message/ros2/install/perception_msg:/opt/ros/foxy')]), 'shell': False}
[8.232959] (perception_msgs) StdoutLine: {'line': b'-- Install configuration: ""\n'}
[8.233160] (perception_msgs) StdoutLine: {'line': b'-- Installing: /home/meizan/workspace/athena-robot-dog/modules/message/ros2/install/perception_msgs/share/ament_index/resource_index/rosidl_interfaces/perception_msgs\n'}
[8.233256] (perception_msgs) StdoutLine: {'line': b'-- Installing: /home/meizan/workspace/athena-robot-dog/modules/message/ros2/install/perception_msgs/include/perception_msgs\n'}
[8.233328] (perception_msgs) StdoutLine: {'line': b'-- Installing: /home/meizan/workspace/athena-robot-dog/modules/message/ros2/install/perception_msgs/include/perception_msgs/msg\n'}
[8.233394] (perception_msgs) StdoutLine: {'line': b'-- Installing: /home/meizan/workspace/athena-robot-dog/modules/message/ros2/install/perception_msgs/include/perception_msgs/msg/action_entry.h\n'}
[8.233462] (perception_msgs) StdoutLine: {'line': b'-- Installing: /home/meizan/workspace/athena-robot-dog/modules/message/ros2/install/perception_msgs/include/perception_msgs/msg/perc_req.h\n'}
[8.233524] (perception_msgs) StdoutLine: {'line': b'-- Installing: /home/meizan/workspace/athena-robot-dog/modules/message/ros2/install/perception_msgs/include/perception_msgs/msg/detail\n'}
[8.233590] (perception_msgs) StdoutLine: {'line': b'-- Installing: /home/meizan/workspace/athena-robot-dog/modules/message/ros2/install/perception_msgs/include/perception_msgs/msg/detail/action_entry__functions.h\n'}
[8.233651] (perception_msgs) StdoutLine: {'line': b'-- Installing: /home/meizan/workspace/athena-robot-dog/modules/message/ros2/install/perception_msgs/include/perception_msgs/msg/detail/action_entry__functions.c\n'}
[8.233713] (perception_msgs) StdoutLine: {'line': b'-- Installing: /home/meizan/workspace/athena-robot-dog/modules/message/ros2/install/perception_msgs/include/perception_msgs/msg/detail/perc_cmd__functions.h\n'}
[8.233773] (perception_msgs) StdoutLine: {'line': b'-- Installing: /home/meizan/workspace/athena-robot-dog/modules/message/ros2/install/perception_msgs/include/perception_msgs/msg/detail/dog_state__type_support.h\n'}
[8.233833] (perception_msgs) StdoutLine: {'line': b'-- Installing: /home/meizan/workspace/athena-robot-dog/modules/message/ros2/install/perception_msgs/include/perception_msgs/msg/detail/alarm_entry__functions.c\n'}
[8.233893] (perception_msgs) StdoutLine: {'line': b'-- Installing: /home/meizan/workspace/athena-robot-dog/modules/message/ros2/install/perception_msgs/include/perception_msgs/msg/detail/perc_cmd__functions.c\n'}
[8.233939] (perception_msgs) StdoutLine: {'line': b'-- Installing: /home/meizan/workspace/athena-robot-dog/modules/message/ros2/install/perception_msgs/include/perception_msgs/msg/detail/dog_state__functions.h\n'}
[8.234006] (perception_msgs) StdoutLine: {'line': b'-- Installing: /home/meizan/workspace/athena-robot-dog/modules/message/ros2/install/perception_msgs/include/perception_msgs/msg/detail/task_list__functions.h\n'}
[8.234051] (perception_msgs) StdoutLine: {'line': b'-- Installing: /home/meizan/workspace/athena-robot-dog/modules/message/ros2/install/perception_msgs/include/perception_msgs/msg/detail/perc_cmd__type_support.h\n'}
[8.234120] (perception_msgs) StdoutLine: {'line': b'-- Installing: /home/meizan/workspace/athena-robot-dog/modules/message/ros2/install/perception_msgs/include/perception_msgs/msg/detail/dog_state__struct.h\n'}
[8.234193] (perception_msgs) StdoutLine: {'line': b'-- Installing: /home/meizan/workspace/athena-robot-dog/modules/message/ros2/install/perception_msgs/include/perception_msgs/msg/detail/action_entry__type_support.h\n'}
[8.234244] (perception_msgs) StdoutLine: {'line': b'-- Installing: /home/meizan/workspace/athena-robot-dog/modules/message/ros2/install/perception_msgs/include/perception_msgs/msg/detail/dog_state__functions.c\n'}
[8.234328] (perception_msgs) StdoutLine: {'line': b'-- Installing: /home/meizan/workspace/athena-robot-dog/modules/message/ros2/install/perception_msgs/include/perception_msgs/msg/detail/perc_req__functions.c\n'}
[8.234496] (perception_msgs) StdoutLine: {'line': b'-- Installing: /home/meizan/workspace/athena-robot-dog/modules/message/ros2/install/perception_msgs/include/perception_msgs/msg/detail/perc_state__type_support.h\n'}
[8.234618] (perception_msgs) StdoutLine: {'line': b'-- Installing: /home/meizan/workspace/athena-robot-dog/modules/message/ros2/install/perception_msgs/include/perception_msgs/msg/detail/task_list__struct.h\n'}
[8.234714] (perception_msgs) StdoutLine: {'line': b'-- Installing: /home/meizan/workspace/athena-robot-dog/modules/message/ros2/install/perception_msgs/include/perception_msgs/msg/detail/perc_req__struct.h\n'}
[8.234806] (perception_msgs) StdoutLine: {'line': b'-- Installing: /home/meizan/workspace/athena-robot-dog/modules/message/ros2/install/perception_msgs/include/perception_msgs/msg/detail/alarm_entry__struct.h\n'}
[8.234901] (perception_msgs) StdoutLine: {'line': b'-- Installing: /home/meizan/workspace/athena-robot-dog/modules/message/ros2/install/perception_msgs/include/perception_msgs/msg/detail/perc_req__functions.h\n'}
[8.235007] (perception_msgs) StdoutLine: {'line': b'-- Installing: /home/meizan/workspace/athena-robot-dog/modules/message/ros2/install/perception_msgs/include/perception_msgs/msg/detail/action_entry__struct.h\n'}
[8.235097] (perception_msgs) StdoutLine: {'line': b'-- Installing: /home/meizan/workspace/athena-robot-dog/modules/message/ros2/install/perception_msgs/include/perception_msgs/msg/detail/perc_req__type_support.h\n'}
[8.235210] (perception_msgs) StdoutLine: {'line': b'-- Installing: /home/meizan/workspace/athena-robot-dog/modules/message/ros2/install/perception_msgs/include/perception_msgs/msg/detail/perc_state__functions.h\n'}
[8.235312] (perception_msgs) StdoutLine: {'line': b'-- Installing: /home/meizan/workspace/athena-robot-dog/modules/message/ros2/install/perception_msgs/include/perception_msgs/msg/detail/alarm_entry__type_support.h\n'}
[8.235419] (perception_msgs) StdoutLine: {'line': b'-- Installing: /home/meizan/workspace/athena-robot-dog/modules/message/ros2/install/perception_msgs/include/perception_msgs/msg/detail/perc_state__struct.h\n'}
[8.235520] (perception_msgs) StdoutLine: {'line': b'-- Installing: /home/meizan/workspace/athena-robot-dog/modules/message/ros2/install/perception_msgs/include/perception_msgs/msg/detail/perc_state__functions.c\n'}
[8.235626] (perception_msgs) StdoutLine: {'line': b'-- Installing: /home/meizan/workspace/athena-robot-dog/modules/message/ros2/install/perception_msgs/include/perception_msgs/msg/detail/perc_cmd__struct.h\n'}
[8.235718] (perception_msgs) StdoutLine: {'line': b'-- Installing: /home/meizan/workspace/athena-robot-dog/modules/message/ros2/install/perception_msgs/include/perception_msgs/msg/detail/alarm_entry__functions.h\n'}
[8.235821] (perception_msgs) StdoutLine: {'line': b'-- Installing: /home/meizan/workspace/athena-robot-dog/modules/message/ros2/install/perception_msgs/include/perception_msgs/msg/detail/task_list__functions.c\n'}
[8.235912] (perception_msgs) StdoutLine: {'line': b'-- Installing: /home/meizan/workspace/athena-robot-dog/modules/message/ros2/install/perception_msgs/include/perception_msgs/msg/detail/task_list__type_support.h\n'}
[8.235988] (perception_msgs) StdoutLine: {'line': b'-- Installing: /home/meizan/workspace/athena-robot-dog/modules/message/ros2/install/perception_msgs/include/perception_msgs/msg/dog_state.h\n'}
[8.236085] (perception_msgs) StdoutLine: {'line': b'-- Installing: /home/meizan/workspace/athena-robot-dog/modules/message/ros2/install/perception_msgs/include/perception_msgs/msg/perc_cmd.h\n'}
[8.236186] (perception_msgs) StdoutLine: {'line': b'-- Installing: /home/meizan/workspace/athena-robot-dog/modules/message/ros2/install/perception_msgs/include/perception_msgs/msg/perc_state.h\n'}
[8.236289] (perception_msgs) StdoutLine: {'line': b'-- Installing: /home/meizan/workspace/athena-robot-dog/modules/message/ros2/install/perception_msgs/include/perception_msgs/msg/task_list.h\n'}
[8.236373] (perception_msgs) StdoutLine: {'line': b'-- Installing: /home/meizan/workspace/athena-robot-dog/modules/message/ros2/install/perception_msgs/include/perception_msgs/msg/rosidl_generator_c__visibility_control.h\n'}
[8.236472] (perception_msgs) StdoutLine: {'line': b'-- Installing: /home/meizan/workspace/athena-robot-dog/modules/message/ros2/install/perception_msgs/include/perception_msgs/msg/alarm_entry.h\n'}
[8.236631] (perception_msgs) StdoutLine: {'line': b'-- Installing: /home/meizan/workspace/athena-robot-dog/modules/message/ros2/install/perception_msgs/include/perception_msgs/srv\n'}
[8.236734] (perception_msgs) StdoutLine: {'line': b'-- Installing: /home/meizan/workspace/athena-robot-dog/modules/message/ros2/install/perception_msgs/include/perception_msgs/srv/detail\n'}
[8.236847] (perception_msgs) StdoutLine: {'line': b'-- Installing: /home/meizan/workspace/athena-robot-dog/modules/message/ros2/install/perception_msgs/include/perception_msgs/srv/detail/dog_record_bag__functions.h\n'}
[8.236968] (perception_msgs) StdoutLine: {'line': b'-- Installing: /home/meizan/workspace/athena-robot-dog/modules/message/ros2/install/perception_msgs/include/perception_msgs/srv/detail/dog_record_bag__functions.c\n'}
[8.237070] (perception_msgs) StdoutLine: {'line': b'-- Installing: /home/meizan/workspace/athena-robot-dog/modules/message/ros2/install/perception_msgs/include/perception_msgs/srv/detail/dog_record_bag__type_support.h\n'}
[8.237185] (perception_msgs) StdoutLine: {'line': b'-- Installing: /home/meizan/workspace/athena-robot-dog/modules/message/ros2/install/perception_msgs/include/perception_msgs/srv/detail/dog_record_bag__struct.h\n'}
[8.237277] (perception_msgs) StdoutLine: {'line': b'-- Installing: /home/meizan/workspace/athena-robot-dog/modules/message/ros2/install/perception_msgs/include/perception_msgs/srv/dog_record_bag.h\n'}
[8.237354] (perception_msgs) StdoutLine: {'line': b'-- Installing: /home/meizan/workspace/athena-robot-dog/modules/message/ros2/install/perception_msgs/share/perception_msgs/environment/library_path.sh\n'}
[8.237428] (perception_msgs) StdoutLine: {'line': b'-- Installing: /home/meizan/workspace/athena-robot-dog/modules/message/ros2/install/perception_msgs/share/perception_msgs/environment/library_path.dsv\n'}
[8.237545] (perception_msgs) StdoutLine: {'line': b'-- Installing: /home/meizan/workspace/athena-robot-dog/modules/message/ros2/install/perception_msgs/lib/libperception_msgs__rosidl_generator_c.so\n'}
[8.237696] (perception_msgs) StdoutLine: {'line': b'-- Set non-toolchain portion of runtime path of "/home/meizan/workspace/athena-robot-dog/modules/message/ros2/install/perception_msgs/lib/libperception_msgs__rosidl_generator_c.so" to ""\n'}
[8.237795] (perception_msgs) StdoutLine: {'line': b'-- Up-to-date: /home/meizan/workspace/athena-robot-dog/modules/message/ros2/install/perception_msgs/include/perception_msgs\n'}
[8.237901] (perception_msgs) StdoutLine: {'line': b'-- Up-to-date: /home/meizan/workspace/athena-robot-dog/modules/message/ros2/install/perception_msgs/include/perception_msgs/msg\n'}
[8.238004] (perception_msgs) StdoutLine: {'line': b'-- Installing: /home/meizan/workspace/athena-robot-dog/modules/message/ros2/install/perception_msgs/include/perception_msgs/msg/rosidl_typesupport_fastrtps_c__visibility_control.h\n'}
[8.238098] (perception_msgs) StdoutLine: {'line': b'-- Up-to-date: /home/meizan/workspace/athena-robot-dog/modules/message/ros2/install/perception_msgs/include/perception_msgs/msg/detail\n'}
[8.238210] (perception_msgs) StdoutLine: {'line': b'-- Installing: /home/meizan/workspace/athena-robot-dog/modules/message/ros2/install/perception_msgs/include/perception_msgs/msg/detail/perc_state__rosidl_typesupport_fastrtps_c.h\n'}
[8.238312] (perception_msgs) StdoutLine: {'line': b'-- Installing: /home/meizan/workspace/athena-robot-dog/modules/message/ros2/install/perception_msgs/include/perception_msgs/msg/detail/alarm_entry__rosidl_typesupport_fastrtps_c.h\n'}
[8.238409] (perception_msgs) StdoutLine: {'line': b'-- Installing: /home/meizan/workspace/athena-robot-dog/modules/message/ros2/install/perception_msgs/include/perception_msgs/msg/detail/perc_req__rosidl_typesupport_fastrtps_c.h\n'}
[8.238488] (perception_msgs) StdoutLine: {'line': b'-- Installing: /home/meizan/workspace/athena-robot-dog/modules/message/ros2/install/perception_msgs/include/perception_msgs/msg/detail/task_list__rosidl_typesupport_fastrtps_c.h\n'}
[8.238563] (perception_msgs) StdoutLine: {'line': b'-- Installing: /home/meizan/workspace/athena-robot-dog/modules/message/ros2/install/perception_msgs/include/perception_msgs/msg/detail/dog_state__rosidl_typesupport_fastrtps_c.h\n'}
[8.238636] (perception_msgs) StdoutLine: {'line': b'-- Installing: /home/meizan/workspace/athena-robot-dog/modules/message/ros2/install/perception_msgs/include/perception_msgs/msg/detail/action_entry__rosidl_typesupport_fastrtps_c.h\n'}
[8.238766] (perception_msgs) StdoutLine: {'line': b'-- Installing: /home/meizan/workspace/athena-robot-dog/modules/message/ros2/install/perception_msgs/include/perception_msgs/msg/detail/perc_cmd__rosidl_typesupport_fastrtps_c.h\n'}
[8.238867] (perception_msgs) StdoutLine: {'line': b'-- Up-to-date: /home/meizan/workspace/athena-robot-dog/modules/message/ros2/install/perception_msgs/include/perception_msgs/srv\n'}
[8.238957] (perception_msgs) StdoutLine: {'line': b'-- Up-to-date: /home/meizan/workspace/athena-robot-dog/modules/message/ros2/install/perception_msgs/include/perception_msgs/srv/detail\n'}
[8.239058] (perception_msgs) StdoutLine: {'line': b'-- Installing: /home/meizan/workspace/athena-robot-dog/modules/message/ros2/install/perception_msgs/include/perception_msgs/srv/detail/dog_record_bag__rosidl_typesupport_fastrtps_c.h\n'}
[8.239147] (perception_msgs) StdoutLine: {'line': b'-- Installing: /home/meizan/workspace/athena-robot-dog/modules/message/ros2/install/perception_msgs/lib/libperception_msgs__rosidl_typesupport_fastrtps_c.so\n'}
[8.239254] (perception_msgs) StdoutLine: {'line': b'-- Set non-toolchain portion of runtime path of "/home/meizan/workspace/athena-robot-dog/modules/message/ros2/install/perception_msgs/lib/libperception_msgs__rosidl_typesupport_fastrtps_c.so" to ""\n'}
[8.239347] (perception_msgs) StdoutLine: {'line': b'-- Up-to-date: /home/meizan/workspace/athena-robot-dog/modules/message/ros2/install/perception_msgs/include/perception_msgs\n'}
[8.239447] (perception_msgs) StdoutLine: {'line': b'-- Up-to-date: /home/meizan/workspace/athena-robot-dog/modules/message/ros2/install/perception_msgs/include/perception_msgs/msg\n'}
[8.239536] (perception_msgs) StdoutLine: {'line': b'-- Up-to-date: /home/meizan/workspace/athena-robot-dog/modules/message/ros2/install/perception_msgs/include/perception_msgs/msg/detail\n'}
[8.239634] (perception_msgs) StdoutLine: {'line': b'-- Installing: /home/meizan/workspace/athena-robot-dog/modules/message/ros2/install/perception_msgs/include/perception_msgs/msg/detail/alarm_entry__rosidl_typesupport_fastrtps_cpp.hpp\n'}
[8.239736] (perception_msgs) StdoutLine: {'line': b'-- Installing: /home/meizan/workspace/athena-robot-dog/modules/message/ros2/install/perception_msgs/include/perception_msgs/msg/detail/action_entry__rosidl_typesupport_fastrtps_cpp.hpp\n'}
[8.239837] (perception_msgs) StdoutLine: {'line': b'-- Installing: /home/meizan/workspace/athena-robot-dog/modules/message/ros2/install/perception_msgs/include/perception_msgs/msg/detail/perc_state__rosidl_typesupport_fastrtps_cpp.hpp\n'}
[8.239928] (perception_msgs) StdoutLine: {'line': b'-- Installing: /home/meizan/workspace/athena-robot-dog/modules/message/ros2/install/perception_msgs/include/perception_msgs/msg/detail/dog_state__rosidl_typesupport_fastrtps_cpp.hpp\n'}
[8.240023] (perception_msgs) StdoutLine: {'line': b'-- Installing: /home/meizan/workspace/athena-robot-dog/modules/message/ros2/install/perception_msgs/include/perception_msgs/msg/detail/perc_cmd__rosidl_typesupport_fastrtps_cpp.hpp\n'}
[8.240103] (perception_msgs) StdoutLine: {'line': b'-- Installing: /home/meizan/workspace/athena-robot-dog/modules/message/ros2/install/perception_msgs/include/perception_msgs/msg/detail/task_list__rosidl_typesupport_fastrtps_cpp.hpp\n'}
[8.240213] (perception_msgs) StdoutLine: {'line': b'-- Installing: /home/meizan/workspace/athena-robot-dog/modules/message/ros2/install/perception_msgs/include/perception_msgs/msg/detail/dds_fastrtps\n'}
[8.240289] (perception_msgs) StdoutLine: {'line': b'-- Installing: /home/meizan/workspace/athena-robot-dog/modules/message/ros2/install/perception_msgs/include/perception_msgs/msg/detail/perc_req__rosidl_typesupport_fastrtps_cpp.hpp\n'}
[8.240381] (perception_msgs) StdoutLine: {'line': b'-- Installing: /home/meizan/workspace/athena-robot-dog/modules/message/ros2/install/perception_msgs/include/perception_msgs/msg/rosidl_typesupport_fastrtps_cpp__visibility_control.h\n'}
[8.240491] (perception_msgs) StdoutLine: {'line': b'-- Up-to-date: /home/meizan/workspace/athena-robot-dog/modules/message/ros2/install/perception_msgs/include/perception_msgs/srv\n'}
[8.240606] (perception_msgs) StdoutLine: {'line': b'-- Up-to-date: /home/meizan/workspace/athena-robot-dog/modules/message/ros2/install/perception_msgs/include/perception_msgs/srv/detail\n'}
[8.240704] (perception_msgs) StdoutLine: {'line': b'-- Installing: /home/meizan/workspace/athena-robot-dog/modules/message/ros2/install/perception_msgs/include/perception_msgs/srv/detail/dds_fastrtps\n'}
[8.240796] (perception_msgs) StdoutLine: {'line': b'-- Installing: /home/meizan/workspace/athena-robot-dog/modules/message/ros2/install/perception_msgs/include/perception_msgs/srv/detail/dog_record_bag__rosidl_typesupport_fastrtps_cpp.hpp\n'}
[8.240901] (perception_msgs) StdoutLine: {'line': b'-- Installing: /home/meizan/workspace/athena-robot-dog/modules/message/ros2/install/perception_msgs/lib/libperception_msgs__rosidl_typesupport_fastrtps_cpp.so\n'}
[8.240993] (perception_msgs) StdoutLine: {'line': b'-- Set non-toolchain portion of runtime path of "/home/meizan/workspace/athena-robot-dog/modules/message/ros2/install/perception_msgs/lib/libperception_msgs__rosidl_typesupport_fastrtps_cpp.so" to ""\n'}
[8.241094] (perception_msgs) StdoutLine: {'line': b'-- Up-to-date: /home/meizan/workspace/athena-robot-dog/modules/message/ros2/install/perception_msgs/include/perception_msgs\n'}
[8.241186] (perception_msgs) StdoutLine: {'line': b'-- Up-to-date: /home/meizan/workspace/athena-robot-dog/modules/message/ros2/install/perception_msgs/include/perception_msgs/msg\n'}
[8.241292] (perception_msgs) StdoutLine: {'line': b'-- Up-to-date: /home/meizan/workspace/athena-robot-dog/modules/message/ros2/install/perception_msgs/include/perception_msgs/msg/detail\n'}
[8.241394] (perception_msgs) StdoutLine: {'line': b'-- Installing: /home/meizan/workspace/athena-robot-dog/modules/message/ros2/install/perception_msgs/include/perception_msgs/msg/detail/task_list__rosidl_typesupport_introspection_c.h\n'}
[8.241485] (perception_msgs) StdoutLine: {'line': b'-- Installing: /home/meizan/workspace/athena-robot-dog/modules/message/ros2/install/perception_msgs/include/perception_msgs/msg/detail/action_entry__type_support.c\n'}
[8.241592] (perception_msgs) StdoutLine: {'line': b'-- Installing: /home/meizan/workspace/athena-robot-dog/modules/message/ros2/install/perception_msgs/include/perception_msgs/msg/detail/action_entry__rosidl_typesupport_introspection_c.h\n'}
[8.241689] (perception_msgs) StdoutLine: {'line': b'-- Installing: /home/meizan/workspace/athena-robot-dog/modules/message/ros2/install/perception_msgs/include/perception_msgs/msg/detail/dog_state__type_support.c\n'}
[8.241783] (perception_msgs) StdoutLine: {'line': b'-- Installing: /home/meizan/workspace/athena-robot-dog/modules/message/ros2/install/perception_msgs/include/perception_msgs/msg/detail/alarm_entry__type_support.c\n'}
[8.241882] (perception_msgs) StdoutLine: {'line': b'-- Installing: /home/meizan/workspace/athena-robot-dog/modules/message/ros2/install/perception_msgs/include/perception_msgs/msg/detail/perc_req__rosidl_typesupport_introspection_c.h\n'}
[8.241971] (perception_msgs) StdoutLine: {'line': b'-- Installing: /home/meizan/workspace/athena-robot-dog/modules/message/ros2/install/perception_msgs/include/perception_msgs/msg/detail/perc_cmd__type_support.c\n'}
[8.242070] (perception_msgs) StdoutLine: {'line': b'-- Installing: /home/meizan/workspace/athena-robot-dog/modules/message/ros2/install/perception_msgs/include/perception_msgs/msg/detail/dog_state__rosidl_typesupport_introspection_c.h\n'}
[8.242158] (perception_msgs) StdoutLine: {'line': b'-- Installing: /home/meizan/workspace/athena-robot-dog/modules/message/ros2/install/perception_msgs/include/perception_msgs/msg/detail/alarm_entry__rosidl_typesupport_introspection_c.h\n'}
[8.242255] (perception_msgs) StdoutLine: {'line': b'-- Installing: /home/meizan/workspace/athena-robot-dog/modules/message/ros2/install/perception_msgs/include/perception_msgs/msg/detail/perc_req__type_support.c\n'}
[8.242344] (perception_msgs) StdoutLine: {'line': b'-- Installing: /home/meizan/workspace/athena-robot-dog/modules/message/ros2/install/perception_msgs/include/perception_msgs/msg/detail/perc_state__type_support.c\n'}
[8.242451] (perception_msgs) StdoutLine: {'line': b'-- Installing: /home/meizan/workspace/athena-robot-dog/modules/message/ros2/install/perception_msgs/include/perception_msgs/msg/detail/task_list__type_support.c\n'}
[8.242556] (perception_msgs) StdoutLine: {'line': b'-- Installing: /home/meizan/workspace/athena-robot-dog/modules/message/ros2/install/perception_msgs/include/perception_msgs/msg/detail/perc_state__rosidl_typesupport_introspection_c.h\n'}
[8.242659] (perception_msgs) StdoutLine: {'line': b'-- Installing: /home/meizan/workspace/athena-robot-dog/modules/message/ros2/install/perception_msgs/include/perception_msgs/msg/detail/perc_cmd__rosidl_typesupport_introspection_c.h\n'}
[8.242748] (perception_msgs) StdoutLine: {'line': b'-- Installing: /home/meizan/workspace/athena-robot-dog/modules/message/ros2/install/perception_msgs/include/perception_msgs/msg/rosidl_typesupport_introspection_c__visibility_control.h\n'}
[8.242855] (perception_msgs) StdoutLine: {'line': b'-- Up-to-date: /home/meizan/workspace/athena-robot-dog/modules/message/ros2/install/perception_msgs/include/perception_msgs/srv\n'}
[8.242952] (perception_msgs) StdoutLine: {'line': b'-- Up-to-date: /home/meizan/workspace/athena-robot-dog/modules/message/ros2/install/perception_msgs/include/perception_msgs/srv/detail\n'}
[8.243051] (perception_msgs) StdoutLine: {'line': b'-- Installing: /home/meizan/workspace/athena-robot-dog/modules/message/ros2/install/perception_msgs/include/perception_msgs/srv/detail/dog_record_bag__type_support.c\n'}
[8.243141] (perception_msgs) StdoutLine: {'line': b'-- Installing: /home/meizan/workspace/athena-robot-dog/modules/message/ros2/install/perception_msgs/include/perception_msgs/srv/detail/dog_record_bag__rosidl_typesupport_introspection_c.h\n'}
[8.243248] (perception_msgs) StdoutLine: {'line': b'-- Installing: /home/meizan/workspace/athena-robot-dog/modules/message/ros2/install/perception_msgs/lib/libperception_msgs__rosidl_typesupport_introspection_c.so\n'}
[8.243337] (perception_msgs) StdoutLine: {'line': b'-- Set non-toolchain portion of runtime path of "/home/meizan/workspace/athena-robot-dog/modules/message/ros2/install/perception_msgs/lib/libperception_msgs__rosidl_typesupport_introspection_c.so" to ""\n'}
[8.243435] (perception_msgs) StdoutLine: {'line': b'-- Installing: /home/meizan/workspace/athena-robot-dog/modules/message/ros2/install/perception_msgs/lib/libperception_msgs__rosidl_typesupport_c.so\n'}
[8.243532] (perception_msgs) StdoutLine: {'line': b'-- Set non-toolchain portion of runtime path of "/home/meizan/workspace/athena-robot-dog/modules/message/ros2/install/perception_msgs/lib/libperception_msgs__rosidl_typesupport_c.so" to ""\n'}
[8.243625] (perception_msgs) StdoutLine: {'line': b'-- Up-to-date: /home/meizan/workspace/athena-robot-dog/modules/message/ros2/install/perception_msgs/include/perception_msgs\n'}
[8.243720] (perception_msgs) StdoutLine: {'line': b'-- Up-to-date: /home/meizan/workspace/athena-robot-dog/modules/message/ros2/install/perception_msgs/include/perception_msgs/msg\n'}
[8.243808] (perception_msgs) StdoutLine: {'line': b'-- Installing: /home/meizan/workspace/athena-robot-dog/modules/message/ros2/install/perception_msgs/include/perception_msgs/msg/perc_req.hpp\n'}
[8.243905] (perception_msgs) StdoutLine: {'line': b'-- Up-to-date: /home/meizan/workspace/athena-robot-dog/modules/message/ros2/install/perception_msgs/include/perception_msgs/msg/detail\n'}
[8.243990] (perception_msgs) StdoutLine: {'line': b'-- Installing: /home/meizan/workspace/athena-robot-dog/modules/message/ros2/install/perception_msgs/include/perception_msgs/msg/detail/alarm_entry__builder.hpp\n'}
[8.244090] (perception_msgs) StdoutLine: {'line': b'-- Installing: /home/meizan/workspace/athena-robot-dog/modules/message/ros2/install/perception_msgs/include/perception_msgs/msg/detail/task_list__struct.hpp\n'}
[8.244190] (perception_msgs) StdoutLine: {'line': b'-- Installing: /home/meizan/workspace/athena-robot-dog/modules/message/ros2/install/perception_msgs/include/perception_msgs/msg/detail/action_entry__struct.hpp\n'}
[8.244278] (perception_msgs) StdoutLine: {'line': b'-- Installing: /home/meizan/workspace/athena-robot-dog/modules/message/ros2/install/perception_msgs/include/perception_msgs/msg/detail/task_list__type_support.hpp\n'}
[8.244366] (perception_msgs) StdoutLine: {'line': b'-- Installing: /home/meizan/workspace/athena-robot-dog/modules/message/ros2/install/perception_msgs/include/perception_msgs/msg/detail/perc_state__struct.hpp\n'}
[8.244440] (perception_msgs) StdoutLine: {'line': b'-- Installing: /home/meizan/workspace/athena-robot-dog/modules/message/ros2/install/perception_msgs/include/perception_msgs/msg/detail/perc_req__builder.hpp\n'}
[8.244513] (perception_msgs) StdoutLine: {'line': b'-- Installing: /home/meizan/workspace/athena-robot-dog/modules/message/ros2/install/perception_msgs/include/perception_msgs/msg/detail/task_list__traits.hpp\n'}
[8.244631] (perception_msgs) StdoutLine: {'line': b'-- Installing: /home/meizan/workspace/athena-robot-dog/modules/message/ros2/install/perception_msgs/include/perception_msgs/msg/detail/action_entry__type_support.hpp\n'}
[8.244708] (perception_msgs) StdoutLine: {'line': b'-- Installing: /home/meizan/workspace/athena-robot-dog/modules/message/ros2/install/perception_msgs/include/perception_msgs/msg/detail/perc_cmd__traits.hpp\n'}
[8.244793] (perception_msgs) StdoutLine: {'line': b'-- Installing: /home/meizan/workspace/athena-robot-dog/modules/message/ros2/install/perception_msgs/include/perception_msgs/msg/detail/action_entry__traits.hpp\n'}
[8.244888] (perception_msgs) StdoutLine: {'line': b'-- Installing: /home/meizan/workspace/athena-robot-dog/modules/message/ros2/install/perception_msgs/include/perception_msgs/msg/detail/perc_req__traits.hpp\n'}
[8.244962] (perception_msgs) StdoutLine: {'line': b'-- Installing: /home/meizan/workspace/athena-robot-dog/modules/message/ros2/install/perception_msgs/include/perception_msgs/msg/detail/alarm_entry__traits.hpp\n'}
[8.245046] (perception_msgs) StdoutLine: {'line': b'-- Installing: /home/meizan/workspace/athena-robot-dog/modules/message/ros2/install/perception_msgs/include/perception_msgs/msg/detail/perc_cmd__type_support.hpp\n'}
[8.245120] (perception_msgs) StdoutLine: {'line': b'-- Installing: /home/meizan/workspace/athena-robot-dog/modules/message/ros2/install/perception_msgs/include/perception_msgs/msg/detail/perc_state__builder.hpp\n'}
[8.245193] (perception_msgs) StdoutLine: {'line': b'-- Installing: /home/meizan/workspace/athena-robot-dog/modules/message/ros2/install/perception_msgs/include/perception_msgs/msg/detail/dog_state__traits.hpp\n'}
[8.245267] (perception_msgs) StdoutLine: {'line': b'-- Installing: /home/meizan/workspace/athena-robot-dog/modules/message/ros2/install/perception_msgs/include/perception_msgs/msg/detail/perc_cmd__builder.hpp\n'}
[8.245343] (perception_msgs) StdoutLine: {'line': b'-- Installing: /home/meizan/workspace/athena-robot-dog/modules/message/ros2/install/perception_msgs/include/perception_msgs/msg/detail/dog_state__struct.hpp\n'}
[8.245416] (perception_msgs) StdoutLine: {'line': b'-- Installing: /home/meizan/workspace/athena-robot-dog/modules/message/ros2/install/perception_msgs/include/perception_msgs/msg/detail/perc_req__type_support.hpp\n'}
[8.245488] (perception_msgs) StdoutLine: {'line': b'-- Installing: /home/meizan/workspace/athena-robot-dog/modules/message/ros2/install/perception_msgs/include/perception_msgs/msg/detail/perc_state__traits.hpp\n'}
[8.245559] (perception_msgs) StdoutLine: {'line': b'-- Installing: /home/meizan/workspace/athena-robot-dog/modules/message/ros2/install/perception_msgs/include/perception_msgs/msg/detail/action_entry__builder.hpp\n'}
[8.245631] (perception_msgs) StdoutLine: {'line': b'-- Installing: /home/meizan/workspace/athena-robot-dog/modules/message/ros2/install/perception_msgs/include/perception_msgs/msg/detail/dog_state__type_support.hpp\n'}
[8.245703] (perception_msgs) StdoutLine: {'line': b'-- Installing: /home/meizan/workspace/athena-robot-dog/modules/message/ros2/install/perception_msgs/include/perception_msgs/msg/detail/perc_req__struct.hpp\n'}
[8.245775] (perception_msgs) StdoutLine: {'line': b'-- Installing: /home/meizan/workspace/athena-robot-dog/modules/message/ros2/install/perception_msgs/include/perception_msgs/msg/detail/alarm_entry__type_support.hpp\n'}
[8.245848] (perception_msgs) StdoutLine: {'line': b'-- Installing: /home/meizan/workspace/athena-robot-dog/modules/message/ros2/install/perception_msgs/include/perception_msgs/msg/detail/task_list__builder.hpp\n'}
[8.245919] (perception_msgs) StdoutLine: {'line': b'-- Installing: /home/meizan/workspace/athena-robot-dog/modules/message/ros2/install/perception_msgs/include/perception_msgs/msg/detail/dog_state__builder.hpp\n'}
[8.245991] (perception_msgs) StdoutLine: {'line': b'-- Installing: /home/meizan/workspace/athena-robot-dog/modules/message/ros2/install/perception_msgs/include/perception_msgs/msg/detail/perc_state__type_support.hpp\n'}
[8.246062] (perception_msgs) StdoutLine: {'line': b'-- Installing: /home/meizan/workspace/athena-robot-dog/modules/message/ros2/install/perception_msgs/include/perception_msgs/msg/detail/perc_cmd__struct.hpp\n'}
[8.246134] (perception_msgs) StdoutLine: {'line': b'-- Installing: /home/meizan/workspace/athena-robot-dog/modules/message/ros2/install/perception_msgs/include/perception_msgs/msg/detail/alarm_entry__struct.hpp\n'}
[8.246205] (perception_msgs) StdoutLine: {'line': b'-- Installing: /home/meizan/workspace/athena-robot-dog/modules/message/ros2/install/perception_msgs/include/perception_msgs/msg/alarm_entry.hpp\n'}
[8.246276] (perception_msgs) StdoutLine: {'line': b'-- Installing: /home/meizan/workspace/athena-robot-dog/modules/message/ros2/install/perception_msgs/include/perception_msgs/msg/action_entry.hpp\n'}
[8.246346] (perception_msgs) StdoutLine: {'line': b'-- Installing: /home/meizan/workspace/athena-robot-dog/modules/message/ros2/install/perception_msgs/include/perception_msgs/msg/task_list.hpp\n'}
[8.246418] (perception_msgs) StdoutLine: {'line': b'-- Installing: /home/meizan/workspace/athena-robot-dog/modules/message/ros2/install/perception_msgs/include/perception_msgs/msg/dog_state.hpp\n'}
[8.246490] (perception_msgs) StdoutLine: {'line': b'-- Installing: /home/meizan/workspace/athena-robot-dog/modules/message/ros2/install/perception_msgs/include/perception_msgs/msg/perc_cmd.hpp\n'}
[8.246564] (perception_msgs) StdoutLine: {'line': b'-- Installing: /home/meizan/workspace/athena-robot-dog/modules/message/ros2/install/perception_msgs/include/perception_msgs/msg/rosidl_generator_cpp__visibility_control.hpp\n'}
[8.246637] (perception_msgs) StdoutLine: {'line': b'-- Installing: /home/meizan/workspace/athena-robot-dog/modules/message/ros2/install/perception_msgs/include/perception_msgs/msg/perc_state.hpp\n'}
[8.246711] (perception_msgs) StdoutLine: {'line': b'-- Up-to-date: /home/meizan/workspace/athena-robot-dog/modules/message/ros2/install/perception_msgs/include/perception_msgs/srv\n'}
[8.246783] (perception_msgs) StdoutLine: {'line': b'-- Up-to-date: /home/meizan/workspace/athena-robot-dog/modules/message/ros2/install/perception_msgs/include/perception_msgs/srv/detail\n'}
[8.246856] (perception_msgs) StdoutLine: {'line': b'-- Installing: /home/meizan/workspace/athena-robot-dog/modules/message/ros2/install/perception_msgs/include/perception_msgs/srv/detail/dog_record_bag__type_support.hpp\n'}
[8.246943] (perception_msgs) StdoutLine: {'line': b'-- Installing: /home/meizan/workspace/athena-robot-dog/modules/message/ros2/install/perception_msgs/include/perception_msgs/srv/detail/dog_record_bag__builder.hpp\n'}
[8.247017] (perception_msgs) StdoutLine: {'line': b'-- Installing: /home/meizan/workspace/athena-robot-dog/modules/message/ros2/install/perception_msgs/include/perception_msgs/srv/detail/dog_record_bag__struct.hpp\n'}
[8.247089] (perception_msgs) StdoutLine: {'line': b'-- Installing: /home/meizan/workspace/athena-robot-dog/modules/message/ros2/install/perception_msgs/include/perception_msgs/srv/detail/dog_record_bag__traits.hpp\n'}
[8.247160] (perception_msgs) StdoutLine: {'line': b'-- Installing: /home/meizan/workspace/athena-robot-dog/modules/message/ros2/install/perception_msgs/include/perception_msgs/srv/dog_record_bag.hpp\n'}
[8.247231] (perception_msgs) StdoutLine: {'line': b'-- Up-to-date: /home/meizan/workspace/athena-robot-dog/modules/message/ros2/install/perception_msgs/include/perception_msgs\n'}
[8.247302] (perception_msgs) StdoutLine: {'line': b'-- Up-to-date: /home/meizan/workspace/athena-robot-dog/modules/message/ros2/install/perception_msgs/include/perception_msgs/msg\n'}
[8.247374] (perception_msgs) StdoutLine: {'line': b'-- Up-to-date: /home/meizan/workspace/athena-robot-dog/modules/message/ros2/install/perception_msgs/include/perception_msgs/msg/detail\n'}
[8.247445] (perception_msgs) StdoutLine: {'line': b'-- Installing: /home/meizan/workspace/athena-robot-dog/modules/message/ros2/install/perception_msgs/include/perception_msgs/msg/detail/perc_state__type_support.cpp\n'}
[8.247516] (perception_msgs) StdoutLine: {'line': b'-- Installing: /home/meizan/workspace/athena-robot-dog/modules/message/ros2/install/perception_msgs/include/perception_msgs/msg/detail/alarm_entry__rosidl_typesupport_introspection_cpp.hpp\n'}
[8.247590] (perception_msgs) StdoutLine: {'line': b'-- Installing: /home/meizan/workspace/athena-robot-dog/modules/message/ros2/install/perception_msgs/include/perception_msgs/msg/detail/perc_req__rosidl_typesupport_introspection_cpp.hpp\n'}
[8.247662] (perception_msgs) StdoutLine: {'line': b'-- Installing: /home/meizan/workspace/athena-robot-dog/modules/message/ros2/install/perception_msgs/include/perception_msgs/msg/detail/task_list__rosidl_typesupport_introspection_cpp.hpp\n'}
[8.247733] (perception_msgs) StdoutLine: {'line': b'-- Installing: /home/meizan/workspace/athena-robot-dog/modules/message/ros2/install/perception_msgs/include/perception_msgs/msg/detail/perc_cmd__rosidl_typesupport_introspection_cpp.hpp\n'}
[8.247805] (perception_msgs) StdoutLine: {'line': b'-- Installing: /home/meizan/workspace/athena-robot-dog/modules/message/ros2/install/perception_msgs/include/perception_msgs/msg/detail/dog_state__type_support.cpp\n'}
[8.247875] (perception_msgs) StdoutLine: {'line': b'-- Installing: /home/meizan/workspace/athena-robot-dog/modules/message/ros2/install/perception_msgs/include/perception_msgs/msg/detail/perc_cmd__type_support.cpp\n'}
[8.247946] (perception_msgs) StdoutLine: {'line': b'-- Installing: /home/meizan/workspace/athena-robot-dog/modules/message/ros2/install/perception_msgs/include/perception_msgs/msg/detail/perc_req__type_support.cpp\n'}
[8.248017] (perception_msgs) StdoutLine: {'line': b'-- Installing: /home/meizan/workspace/athena-robot-dog/modules/message/ros2/install/perception_msgs/include/perception_msgs/msg/detail/action_entry__rosidl_typesupport_introspection_cpp.hpp\n'}
[8.248092] (perception_msgs) StdoutLine: {'line': b'-- Installing: /home/meizan/workspace/athena-robot-dog/modules/message/ros2/install/perception_msgs/include/perception_msgs/msg/detail/action_entry__type_support.cpp\n'}
[8.248164] (perception_msgs) StdoutLine: {'line': b'-- Installing: /home/meizan/workspace/athena-robot-dog/modules/message/ros2/install/perception_msgs/include/perception_msgs/msg/detail/dog_state__rosidl_typesupport_introspection_cpp.hpp\n'}
[8.248234] (perception_msgs) StdoutLine: {'line': b'-- Installing: /home/meizan/workspace/athena-robot-dog/modules/message/ros2/install/perception_msgs/include/perception_msgs/msg/detail/task_list__type_support.cpp\n'}
[8.248307] (perception_msgs) StdoutLine: {'line': b'-- Installing: /home/meizan/workspace/athena-robot-dog/modules/message/ros2/install/perception_msgs/include/perception_msgs/msg/detail/alarm_entry__type_support.cpp\n'}
[8.248379] (perception_msgs) StdoutLine: {'line': b'-- Installing: /home/meizan/workspace/athena-robot-dog/modules/message/ros2/install/perception_msgs/include/perception_msgs/msg/detail/perc_state__rosidl_typesupport_introspection_cpp.hpp\n'}
[8.248451] (perception_msgs) StdoutLine: {'line': b'-- Up-to-date: /home/meizan/workspace/athena-robot-dog/modules/message/ros2/install/perception_msgs/include/perception_msgs/srv\n'}
[8.248521] (perception_msgs) StdoutLine: {'line': b'-- Up-to-date: /home/meizan/workspace/athena-robot-dog/modules/message/ros2/install/perception_msgs/include/perception_msgs/srv/detail\n'}
[8.248605] (perception_msgs) StdoutLine: {'line': b'-- Installing: /home/meizan/workspace/athena-robot-dog/modules/message/ros2/install/perception_msgs/include/perception_msgs/srv/detail/dog_record_bag__type_support.cpp\n'}
[8.248681] (perception_msgs) StdoutLine: {'line': b'-- Installing: /home/meizan/workspace/athena-robot-dog/modules/message/ros2/install/perception_msgs/include/perception_msgs/srv/detail/dog_record_bag__rosidl_typesupport_introspection_cpp.hpp\n'}
[8.248757] (perception_msgs) StdoutLine: {'line': b'-- Installing: /home/meizan/workspace/athena-robot-dog/modules/message/ros2/install/perception_msgs/lib/libperception_msgs__rosidl_typesupport_introspection_cpp.so\n'}
[8.248828] (perception_msgs) StdoutLine: {'line': b'-- Set non-toolchain portion of runtime path of "/home/meizan/workspace/athena-robot-dog/modules/message/ros2/install/perception_msgs/lib/libperception_msgs__rosidl_typesupport_introspection_cpp.so" to ""\n'}
[8.248901] (perception_msgs) StdoutLine: {'line': b'-- Installing: /home/meizan/workspace/athena-robot-dog/modules/message/ros2/install/perception_msgs/lib/libperception_msgs__rosidl_typesupport_cpp.so\n'}
[8.248974] (perception_msgs) StdoutLine: {'line': b'-- Set non-toolchain portion of runtime path of "/home/meizan/workspace/athena-robot-dog/modules/message/ros2/install/perception_msgs/lib/libperception_msgs__rosidl_typesupport_cpp.so" to ""\n'}
[8.249045] (perception_msgs) StdoutLine: {'line': b'-- Installing: /home/meizan/workspace/athena-robot-dog/modules/message/ros2/install/perception_msgs/share/perception_msgs/environment/pythonpath.sh\n'}
[8.249117] (perception_msgs) StdoutLine: {'line': b'-- Installing: /home/meizan/workspace/athena-robot-dog/modules/message/ros2/install/perception_msgs/share/perception_msgs/environment/pythonpath.dsv\n'}
[8.249188] (perception_msgs) StdoutLine: {'line': b'-- Installing: /home/meizan/workspace/athena-robot-dog/modules/message/ros2/install/perception_msgs/lib/python3.8/site-packages/perception_msgs/__init__.py\n'}
[8.268895] (perception_msgs) StdoutLine: {'line': b"Compiling '/home/meizan/workspace/athena-robot-dog/modules/message/ros2/install/perception_msgs/lib/python3.8/site-packages/perception_msgs/__init__.py'...\n"}
[8.271868] (perception_msgs) StdoutLine: {'line': b'-- Installing: /home/meizan/workspace/athena-robot-dog/modules/message/ros2/install/perception_msgs/lib/python3.8/site-packages/perception_msgs/msg\n'}
[8.271978] (perception_msgs) StdoutLine: {'line': b'-- Installing: /home/meizan/workspace/athena-robot-dog/modules/message/ros2/install/perception_msgs/lib/python3.8/site-packages/perception_msgs/msg/_task_list.py\n'}
[8.272100] (perception_msgs) StdoutLine: {'line': b'-- Installing: /home/meizan/workspace/athena-robot-dog/modules/message/ros2/install/perception_msgs/lib/python3.8/site-packages/perception_msgs/msg/_perc_req.py\n'}
[8.272202] (perception_msgs) StdoutLine: {'line': b'-- Installing: /home/meizan/workspace/athena-robot-dog/modules/message/ros2/install/perception_msgs/lib/python3.8/site-packages/perception_msgs/msg/_action_entry_s.c\n'}
[8.272291] (perception_msgs) StdoutLine: {'line': b'-- Installing: /home/meizan/workspace/athena-robot-dog/modules/message/ros2/install/perception_msgs/lib/python3.8/site-packages/perception_msgs/msg/_dog_state.py\n'}
[8.272391] (perception_msgs) StdoutLine: {'line': b'-- Installing: /home/meizan/workspace/athena-robot-dog/modules/message/ros2/install/perception_msgs/lib/python3.8/site-packages/perception_msgs/msg/_perc_cmd_s.c\n'}
[8.272481] (perception_msgs) StdoutLine: {'line': b'-- Installing: /home/meizan/workspace/athena-robot-dog/modules/message/ros2/install/perception_msgs/lib/python3.8/site-packages/perception_msgs/msg/_alarm_entry.py\n'}
[8.272593] (perception_msgs) StdoutLine: {'line': b'-- Installing: /home/meizan/workspace/athena-robot-dog/modules/message/ros2/install/perception_msgs/lib/python3.8/site-packages/perception_msgs/msg/__init__.py\n'}
[8.272684] (perception_msgs) StdoutLine: {'line': b'-- Installing: /home/meizan/workspace/athena-robot-dog/modules/message/ros2/install/perception_msgs/lib/python3.8/site-packages/perception_msgs/msg/_perc_state_s.c\n'}
[8.272784] (perception_msgs) StdoutLine: {'line': b'-- Installing: /home/meizan/workspace/athena-robot-dog/modules/message/ros2/install/perception_msgs/lib/python3.8/site-packages/perception_msgs/msg/_alarm_entry_s.c\n'}
[8.272876] (perception_msgs) StdoutLine: {'line': b'-- Installing: /home/meizan/workspace/athena-robot-dog/modules/message/ros2/install/perception_msgs/lib/python3.8/site-packages/perception_msgs/msg/_perc_req_s.c\n'}
[8.272966] (perception_msgs) StdoutLine: {'line': b'-- Installing: /home/meizan/workspace/athena-robot-dog/modules/message/ros2/install/perception_msgs/lib/python3.8/site-packages/perception_msgs/msg/_dog_state_s.c\n'}
[8.273057] (perception_msgs) StdoutLine: {'line': b'-- Installing: /home/meizan/workspace/athena-robot-dog/modules/message/ros2/install/perception_msgs/lib/python3.8/site-packages/perception_msgs/msg/_perc_state.py\n'}
[8.273158] (perception_msgs) StdoutLine: {'line': b'-- Installing: /home/meizan/workspace/athena-robot-dog/modules/message/ros2/install/perception_msgs/lib/python3.8/site-packages/perception_msgs/msg/_task_list_s.c\n'}
[8.273246] (perception_msgs) StdoutLine: {'line': b'-- Installing: /home/meizan/workspace/athena-robot-dog/modules/message/ros2/install/perception_msgs/lib/python3.8/site-packages/perception_msgs/msg/_perc_cmd.py\n'}
[8.273336] (perception_msgs) StdoutLine: {'line': b'-- Installing: /home/meizan/workspace/athena-robot-dog/modules/message/ros2/install/perception_msgs/lib/python3.8/site-packages/perception_msgs/msg/_action_entry.py\n'}
[8.273414] (perception_msgs) StdoutLine: {'line': b'-- Installing: /home/meizan/workspace/athena-robot-dog/modules/message/ros2/install/perception_msgs/lib/python3.8/site-packages/perception_msgs/srv\n'}
[8.273485] (perception_msgs) StdoutLine: {'line': b'-- Installing: /home/meizan/workspace/athena-robot-dog/modules/message/ros2/install/perception_msgs/lib/python3.8/site-packages/perception_msgs/srv/_dog_record_bag.py\n'}
[8.273580] (perception_msgs) StdoutLine: {'line': b'-- Installing: /home/meizan/workspace/athena-robot-dog/modules/message/ros2/install/perception_msgs/lib/python3.8/site-packages/perception_msgs/srv/__init__.py\n'}
[8.273672] (perception_msgs) StdoutLine: {'line': b'-- Installing: /home/meizan/workspace/athena-robot-dog/modules/message/ros2/install/perception_msgs/lib/python3.8/site-packages/perception_msgs/srv/_dog_record_bag_s.c\n'}
[8.273747] (perception_msgs) StdoutLine: {'line': b'-- Installing: /home/meizan/workspace/athena-robot-dog/modules/message/ros2/install/perception_msgs/lib/python3.8/site-packages/perception_msgs/perception_msgs_s__rosidl_typesupport_fastrtps_c.cpython-38-x86_64-linux-gnu.so\n'}
[8.273835] (perception_msgs) StdoutLine: {'line': b'-- Set non-toolchain portion of runtime path of "/home/meizan/workspace/athena-robot-dog/modules/message/ros2/install/perception_msgs/lib/python3.8/site-packages/perception_msgs/perception_msgs_s__rosidl_typesupport_fastrtps_c.cpython-38-x86_64-linux-gnu.so" to ""\n'}
[8.273929] (perception_msgs) StdoutLine: {'line': b'-- Installing: /home/meizan/workspace/athena-robot-dog/modules/message/ros2/install/perception_msgs/lib/python3.8/site-packages/perception_msgs/perception_msgs_s__rosidl_typesupport_introspection_c.cpython-38-x86_64-linux-gnu.so\n'}
[8.274002] (perception_msgs) StdoutLine: {'line': b'-- Set non-toolchain portion of runtime path of "/home/meizan/workspace/athena-robot-dog/modules/message/ros2/install/perception_msgs/lib/python3.8/site-packages/perception_msgs/perception_msgs_s__rosidl_typesupport_introspection_c.cpython-38-x86_64-linux-gnu.so" to ""\n'}
[8.274092] (perception_msgs) StdoutLine: {'line': b'-- Installing: /home/meizan/workspace/athena-robot-dog/modules/message/ros2/install/perception_msgs/lib/python3.8/site-packages/perception_msgs/perception_msgs_s__rosidl_typesupport_c.cpython-38-x86_64-linux-gnu.so\n'}
[8.274183] (perception_msgs) StdoutLine: {'line': b'-- Set non-toolchain portion of runtime path of "/home/meizan/workspace/athena-robot-dog/modules/message/ros2/install/perception_msgs/lib/python3.8/site-packages/perception_msgs/perception_msgs_s__rosidl_typesupport_c.cpython-38-x86_64-linux-gnu.so" to ""\n'}
[8.274257] (perception_msgs) StdoutLine: {'line': b'-- Installing: /home/meizan/workspace/athena-robot-dog/modules/message/ros2/install/perception_msgs/lib/libperception_msgs__python.so\n'}
[8.274374] (perception_msgs) StdoutLine: {'line': b'-- Set non-toolchain portion of runtime path of "/home/meizan/workspace/athena-robot-dog/modules/message/ros2/install/perception_msgs/lib/libperception_msgs__python.so" to ""\n'}
[8.274464] (perception_msgs) StdoutLine: {'line': b'-- Installing: /home/meizan/workspace/athena-robot-dog/modules/message/ros2/install/perception_msgs/share/perception_msgs/msg/ActionEntry.idl\n'}
[8.274554] (perception_msgs) StdoutLine: {'line': b'-- Installing: /home/meizan/workspace/athena-robot-dog/modules/message/ros2/install/perception_msgs/share/perception_msgs/msg/AlarmEntry.idl\n'}
[8.274644] (perception_msgs) StdoutLine: {'line': b'-- Installing: /home/meizan/workspace/athena-robot-dog/modules/message/ros2/install/perception_msgs/share/perception_msgs/msg/PercCmd.idl\n'}
[8.274732] (perception_msgs) StdoutLine: {'line': b'-- Installing: /home/meizan/workspace/athena-robot-dog/modules/message/ros2/install/perception_msgs/share/perception_msgs/msg/PercState.idl\n'}
[8.274823] (perception_msgs) StdoutLine: {'line': b'-- Installing: /home/meizan/workspace/athena-robot-dog/modules/message/ros2/install/perception_msgs/share/perception_msgs/msg/PercReq.idl\n'}
[8.274924] (perception_msgs) StdoutLine: {'line': b'-- Installing: /home/meizan/workspace/athena-robot-dog/modules/message/ros2/install/perception_msgs/share/perception_msgs/msg/TaskList.idl\n'}
[8.275008] (perception_msgs) StdoutLine: {'line': b'-- Installing: /home/meizan/workspace/athena-robot-dog/modules/message/ros2/install/perception_msgs/share/perception_msgs/msg/DogState.idl\n'}
[8.275092] (perception_msgs) StdoutLine: {'line': b'-- Installing: /home/meizan/workspace/athena-robot-dog/modules/message/ros2/install/perception_msgs/share/perception_msgs/srv/DogRecordBag.idl\n'}
[8.275182] (perception_msgs) StdoutLine: {'line': b'-- Installing: /home/meizan/workspace/athena-robot-dog/modules/message/ros2/install/perception_msgs/share/perception_msgs/msg/ActionEntry.msg\n'}
[8.275266] (perception_msgs) StdoutLine: {'line': b'-- Installing: /home/meizan/workspace/athena-robot-dog/modules/message/ros2/install/perception_msgs/share/perception_msgs/msg/AlarmEntry.msg\n'}
[8.275352] (perception_msgs) StdoutLine: {'line': b'-- Installing: /home/meizan/workspace/athena-robot-dog/modules/message/ros2/install/perception_msgs/share/perception_msgs/msg/PercCmd.msg\n'}
[8.275440] (perception_msgs) StdoutLine: {'line': b'-- Installing: /home/meizan/workspace/athena-robot-dog/modules/message/ros2/install/perception_msgs/share/perception_msgs/msg/PercState.msg\n'}
[8.275527] (perception_msgs) StdoutLine: {'line': b'-- Installing: /home/meizan/workspace/athena-robot-dog/modules/message/ros2/install/perception_msgs/share/perception_msgs/msg/PercReq.msg\n'}
[8.275611] (perception_msgs) StdoutLine: {'line': b'-- Installing: /home/meizan/workspace/athena-robot-dog/modules/message/ros2/install/perception_msgs/share/perception_msgs/msg/TaskList.msg\n'}
[8.275699] (perception_msgs) StdoutLine: {'line': b'-- Installing: /home/meizan/workspace/athena-robot-dog/modules/message/ros2/install/perception_msgs/share/perception_msgs/msg/DogState.msg\n'}
[8.275781] (perception_msgs) StdoutLine: {'line': b'-- Installing: /home/meizan/workspace/athena-robot-dog/modules/message/ros2/install/perception_msgs/share/perception_msgs/srv/DogRecordBag.srv\n'}
[8.275863] (perception_msgs) StdoutLine: {'line': b'-- Installing: /home/meizan/workspace/athena-robot-dog/modules/message/ros2/install/perception_msgs/share/perception_msgs/srv/DogRecordBag_Request.msg\n'}
[8.275945] (perception_msgs) StdoutLine: {'line': b'-- Installing: /home/meizan/workspace/athena-robot-dog/modules/message/ros2/install/perception_msgs/share/perception_msgs/srv/DogRecordBag_Response.msg\n'}
[8.276034] (perception_msgs) StdoutLine: {'line': b'-- Installing: /home/meizan/workspace/athena-robot-dog/modules/message/ros2/install/perception_msgs/share/ament_index/resource_index/package_run_dependencies/perception_msgs\n'}
[8.276119] (perception_msgs) StdoutLine: {'line': b'-- Installing: /home/meizan/workspace/athena-robot-dog/modules/message/ros2/install/perception_msgs/share/ament_index/resource_index/parent_prefix_path/perception_msgs\n'}
[8.276202] (perception_msgs) StdoutLine: {'line': b'-- Installing: /home/meizan/workspace/athena-robot-dog/modules/message/ros2/install/perception_msgs/share/perception_msgs/environment/ament_prefix_path.sh\n'}
[8.276283] (perception_msgs) StdoutLine: {'line': b'-- Installing: /home/meizan/workspace/athena-robot-dog/modules/message/ros2/install/perception_msgs/share/perception_msgs/environment/ament_prefix_path.dsv\n'}
[8.276373] (perception_msgs) StdoutLine: {'line': b'-- Installing: /home/meizan/workspace/athena-robot-dog/modules/message/ros2/install/perception_msgs/share/perception_msgs/environment/path.sh\n'}
[8.276455] (perception_msgs) StdoutLine: {'line': b'-- Installing: /home/meizan/workspace/athena-robot-dog/modules/message/ros2/install/perception_msgs/share/perception_msgs/environment/path.dsv\n'}
[8.276540] (perception_msgs) StdoutLine: {'line': b'-- Installing: /home/meizan/workspace/athena-robot-dog/modules/message/ros2/install/perception_msgs/share/perception_msgs/local_setup.bash\n'}
[8.276630] (perception_msgs) StdoutLine: {'line': b'-- Installing: /home/meizan/workspace/athena-robot-dog/modules/message/ros2/install/perception_msgs/share/perception_msgs/local_setup.sh\n'}
[8.276713] (perception_msgs) StdoutLine: {'line': b'-- Installing: /home/meizan/workspace/athena-robot-dog/modules/message/ros2/install/perception_msgs/share/perception_msgs/local_setup.zsh\n'}
[8.276797] (perception_msgs) StdoutLine: {'line': b'-- Installing: /home/meizan/workspace/athena-robot-dog/modules/message/ros2/install/perception_msgs/share/perception_msgs/local_setup.dsv\n'}
[8.276881] (perception_msgs) StdoutLine: {'line': b'-- Installing: /home/meizan/workspace/athena-robot-dog/modules/message/ros2/install/perception_msgs/share/perception_msgs/package.dsv\n'}
[8.276960] (perception_msgs) StdoutLine: {'line': b'-- Installing: /home/meizan/workspace/athena-robot-dog/modules/message/ros2/install/perception_msgs/share/ament_index/resource_index/packages/perception_msgs\n'}
[8.277049] (perception_msgs) StdoutLine: {'line': b'-- Installing: /home/meizan/workspace/athena-robot-dog/modules/message/ros2/install/perception_msgs/share/perception_msgs/cmake/perception_msgs__rosidl_generator_cExport.cmake\n'}
[8.277130] (perception_msgs) StdoutLine: {'line': b'-- Installing: /home/meizan/workspace/athena-robot-dog/modules/message/ros2/install/perception_msgs/share/perception_msgs/cmake/perception_msgs__rosidl_generator_cExport-noconfig.cmake\n'}
[8.277213] (perception_msgs) StdoutLine: {'line': b'-- Installing: /home/meizan/workspace/athena-robot-dog/modules/message/ros2/install/perception_msgs/share/perception_msgs/cmake/perception_msgs__rosidl_typesupport_introspection_cExport.cmake\n'}
[8.277296] (perception_msgs) StdoutLine: {'line': b'-- Installing: /home/meizan/workspace/athena-robot-dog/modules/message/ros2/install/perception_msgs/share/perception_msgs/cmake/perception_msgs__rosidl_typesupport_introspection_cExport-noconfig.cmake\n'}
[8.277378] (perception_msgs) StdoutLine: {'line': b'-- Installing: /home/meizan/workspace/athena-robot-dog/modules/message/ros2/install/perception_msgs/share/perception_msgs/cmake/perception_msgs__rosidl_typesupport_cExport.cmake\n'}
[8.277468] (perception_msgs) StdoutLine: {'line': b'-- Installing: /home/meizan/workspace/athena-robot-dog/modules/message/ros2/install/perception_msgs/share/perception_msgs/cmake/perception_msgs__rosidl_typesupport_cExport-noconfig.cmake\n'}
[8.277551] (perception_msgs) StdoutLine: {'line': b'-- Installing: /home/meizan/workspace/athena-robot-dog/modules/message/ros2/install/perception_msgs/share/perception_msgs/cmake/perception_msgs__rosidl_generator_cppExport.cmake\n'}
[8.277636] (perception_msgs) StdoutLine: {'line': b'-- Installing: /home/meizan/workspace/athena-robot-dog/modules/message/ros2/install/perception_msgs/share/perception_msgs/cmake/perception_msgs__rosidl_typesupport_introspection_cppExport.cmake\n'}
[8.277719] (perception_msgs) StdoutLine: {'line': b'-- Installing: /home/meizan/workspace/athena-robot-dog/modules/message/ros2/install/perception_msgs/share/perception_msgs/cmake/perception_msgs__rosidl_typesupport_introspection_cppExport-noconfig.cmake\n'}
[8.277805] (perception_msgs) StdoutLine: {'line': b'-- Installing: /home/meizan/workspace/athena-robot-dog/modules/message/ros2/install/perception_msgs/share/perception_msgs/cmake/perception_msgs__rosidl_typesupport_cppExport.cmake\n'}
[8.277959] (perception_msgs) StdoutLine: {'line': b'-- Installing: /home/meizan/workspace/athena-robot-dog/modules/message/ros2/install/perception_msgs/share/perception_msgs/cmake/perception_msgs__rosidl_typesupport_cppExport-noconfig.cmake\n'}
[8.278087] (perception_msgs) StdoutLine: {'line': b'-- Installing: /home/meizan/workspace/athena-robot-dog/modules/message/ros2/install/perception_msgs/share/perception_msgs/cmake/rosidl_cmake-extras.cmake\n'}
[8.278177] (perception_msgs) StdoutLine: {'line': b'-- Installing: /home/meizan/workspace/athena-robot-dog/modules/message/ros2/install/perception_msgs/share/perception_msgs/cmake/ament_cmake_export_dependencies-extras.cmake\n'}
[8.278274] (perception_msgs) StdoutLine: {'line': b'-- Installing: /home/meizan/workspace/athena-robot-dog/modules/message/ros2/install/perception_msgs/share/perception_msgs/cmake/ament_cmake_export_libraries-extras.cmake\n'}
[8.278348] (perception_msgs) StdoutLine: {'line': b'-- Installing: /home/meizan/workspace/athena-robot-dog/modules/message/ros2/install/perception_msgs/share/perception_msgs/cmake/ament_cmake_export_targets-extras.cmake\n'}
[8.278420] (perception_msgs) StdoutLine: {'line': b'-- Installing: /home/meizan/workspace/athena-robot-dog/modules/message/ros2/install/perception_msgs/share/perception_msgs/cmake/ament_cmake_export_include_directories-extras.cmake\n'}
[8.278504] (perception_msgs) StdoutLine: {'line': b'-- Installing: /home/meizan/workspace/athena-robot-dog/modules/message/ros2/install/perception_msgs/share/perception_msgs/cmake/rosidl_cmake_export_typesupport_libraries-extras.cmake\n'}
[8.278577] (perception_msgs) StdoutLine: {'line': b'-- Installing: /home/meizan/workspace/athena-robot-dog/modules/message/ros2/install/perception_msgs/share/perception_msgs/cmake/rosidl_cmake_export_typesupport_targets-extras.cmake\n'}
[8.278652] (perception_msgs) StdoutLine: {'line': b'-- Installing: /home/meizan/workspace/athena-robot-dog/modules/message/ros2/install/perception_msgs/share/perception_msgs/cmake/perception_msgsConfig.cmake\n'}
[8.278723] (perception_msgs) StdoutLine: {'line': b'-- Installing: /home/meizan/workspace/athena-robot-dog/modules/message/ros2/install/perception_msgs/share/perception_msgs/cmake/perception_msgsConfig-version.cmake\n'}
[8.278796] (perception_msgs) StdoutLine: {'line': b'-- Installing: /home/meizan/workspace/athena-robot-dog/modules/message/ros2/install/perception_msgs/share/perception_msgs/package.xml\n'}
[8.279737] (perception_msgs) CommandEnded: {'returncode': 0}
[8.305645] (perception_msgs) JobEnded: {'identifier': 'perception_msgs', 'rc': 0}
[8.306278] (-) EventReactorShutdown: {}
